date,pm10,pm2_5,carbon_monoxide,nitrogen_dioxide,sulphur_dioxide,ozone,aerosol_optical_depth,dust,uv_index,us_aqi,european_aqi
2022-08-01,,,,,,,,,,,
2022-08-02,,,,,,,,,,,
2022-08-03,,,,,,,,,,,
2022-08-04,35.93684210526315,24.83684210526316,332.6842105263158,30.77368421052632,42.199999999999996,79.84210526315789,0.4126315789473684,0.0,2.4973684210526317,,
2022-08-05,24.166666666666668,16.820833333333333,305.2083333333333,28.71666666666667,28.541666666666668,36.625,0.14,0.0,1.0479166666666666,70.42105263157895,47.31578947368421
2022-08-06,23.883333333333336,16.466666666666665,277.5833333333333,27.90833333333333,24.7625,33.833333333333336,0.125,0.0,1.3604166666666666,55.75,29.458333333333332
2022-08-07,19.179166666666667,13.308333333333332,269.2916666666667,27.65833333333333,23.09583333333333,27.916666666666668,0.13125,0.08333333333333333,1.6354166666666667,59.041666666666664,32.625
2022-08-08,23.991666666666664,16.275000000000002,282.5416666666667,28.329166666666666,23.579166666666666,38.958333333333336,0.22833333333333336,0.7083333333333334,2.1479166666666667,55.25,30.083333333333332
2022-08-09,22.537499999999998,14.883333333333333,268.5416666666667,25.916666666666668,20.224999999999998,37.958333333333336,0.2833333333333333,1.625,2.0083333333333333,56.541666666666664,31.041666666666668
2022-08-10,25.833333333333332,16.629166666666666,253.91666666666666,22.066666666666666,20.520833333333332,49.416666666666664,0.265,1.7083333333333333,2.3125,58.25,33.125
2022-08-11,31.787499999999998,20.404166666666665,224.79166666666666,19.575,27.15833333333333,53.333333333333336,0.27166666666666667,2.5833333333333335,2.277083333333333,62.25,36.0
2022-08-12,35.3125,23.425,225.54166666666666,25.650000000000002,42.89166666666667,38.958333333333336,0.24250000000000002,1.0416666666666667,2.43125,71.95833333333333,49.25
2022-08-13,40.36666666666667,26.525000000000002,258.25,23.84166666666667,48.541666666666664,50.916666666666664,0.2833333333333333,1.2083333333333333,2.277083333333333,76.5,57.75
2022-08-14,35.770833333333336,22.854166666666668,284.125,25.3625,39.625,38.833333333333336,0.32166666666666666,3.2916666666666665,1.6875,79.41666666666667,59.375
2022-08-15,55.22083333333333,34.416666666666664,392.5416666666667,28.5,32.13333333333333,65.0,0.4166666666666667,4.333333333333333,1.9770833333333335,83.125,60.25
2022-08-16,42.979166666666664,25.870833333333334,337.0,24.8875,25.383333333333336,61.125,0.5754166666666667,3.9166666666666665,2.0166666666666666,96.58333333333333,67.20833333333333
2022-08-17,48.17916666666667,30.108333333333334,280.625,22.954166666666666,27.71666666666667,86.75,0.6104166666666667,2.9166666666666665,2.129166666666667,78.625,59.041666666666664
2022-08-18,59.237500000000004,37.30416666666667,338.75,29.1875,35.449999999999996,74.58333333333333,0.595,6.458333333333333,1.8770833333333332,96.45833333333333,67.04166666666667
2022-08-19,45.175000000000004,29.166666666666668,354.6666666666667,28.275000000000002,34.0625,50.416666666666664,0.43083333333333335,5.25,2.033333333333333,94.25,66.25
2022-08-20,47.425000000000004,30.53333333333333,367.2916666666667,33.4625,28.325,42.041666666666664,0.39041666666666663,5.208333333333333,1.83125,87.58333333333333,63.75
2022-08-21,43.57083333333333,28.05,290.5416666666667,25.2625,27.129166666666666,55.708333333333336,0.35000000000000003,4.291666666666667,2.1770833333333335,86.875,63.458333333333336
2022-08-22,41.77916666666667,27.787499999999998,254.41666666666666,23.1125,24.433333333333334,54.166666666666664,0.3833333333333333,2.2083333333333335,2.3916666666666666,85.875,63.125
2022-08-23,39.675000000000004,26.175,285.0416666666667,26.5625,31.645833333333332,56.625,0.45333333333333337,2.375,2.035416666666667,79.0,59.333333333333336
2022-08-24,31.425,20.554166666666667,251.66666666666666,24.991666666666664,27.375,49.0,0.45249999999999996,3.6666666666666665,2.225,76.66666666666667,56.0
2022-08-25,42.5,27.954166666666666,305.0833333333333,29.025000000000002,38.829166666666666,76.25,0.48,3.8333333333333335,2.433333333333333,75.95833333333333,53.958333333333336
2022-08-26,32.65833333333333,21.566666666666666,221.70833333333334,17.620833333333334,27.695833333333336,70.58333333333333,0.4479166666666667,1.6666666666666667,2.3312500000000003,77.5,57.208333333333336
2022-08-27,39.94166666666667,27.420833333333334,277.0833333333333,21.462500000000002,34.949999999999996,87.125,0.47625,0.7916666666666666,2.2895833333333333,77.20833333333333,55.291666666666664
2022-08-28,34.62916666666667,23.55,269.7916666666667,21.566666666666666,27.558333333333334,73.125,0.5287499999999999,0.8333333333333334,2.2708333333333335,77.54166666666667,57.083333333333336
2022-08-29,44.75,30.258333333333336,341.25,24.616666666666664,32.516666666666666,86.70833333333333,0.7766666666666667,1.6666666666666667,1.9583333333333333,83.20833333333333,61.708333333333336
2022-08-30,28.6375,18.325,256.125,16.599999999999998,17.716666666666665,64.95833333333333,0.35874999999999996,0.4583333333333333,2.1583333333333337,81.91666666666667,59.041666666666664
2022-08-31,19.495833333333334,12.487499999999999,229.79166666666666,12.424999999999999,17.95,36.416666666666664,0.18666666666666668,0.0,1.9437499999999999,55.166666666666664,28.75
2022-09-01,17.479166666666668,11.608333333333334,259.875,14.695833333333333,22.891666666666666,26.083333333333332,0.13291666666666666,0.0,1.6520833333333333,50.291666666666664,24.583333333333332
2022-09-02,23.079166666666666,14.654166666666667,244.45833333333334,14.791666666666666,23.175,44.291666666666664,0.17041666666666666,0.0,2.1791666666666667,51.333333333333336,25.833333333333332
2022-09-03,41.925000000000004,26.8,253.5,19.858333333333334,33.516666666666666,78.70833333333333,0.31375000000000003,0.0,2.4458333333333333,65.0,44.041666666666664
2022-09-04,45.62916666666666,30.266666666666666,303.2083333333333,22.933333333333334,33.88333333333333,92.41666666666667,0.4379166666666667,0.0,2.1729166666666666,92.45833333333333,64.70833333333333
2022-09-05,34.85,22.537499999999998,262.5416666666667,19.620833333333334,32.3125,90.79166666666667,0.2916666666666667,0.0,2.404166666666667,80.79166666666667,58.958333333333336
2022-09-06,43.75,29.058333333333334,321.25,24.883333333333336,38.3375,83.41666666666667,0.375,0.0,2.345833333333333,80.29166666666667,59.916666666666664
2022-09-07,46.92083333333333,32.479166666666664,413.5,39.06666666666667,51.69583333333333,60.666666666666664,0.35833333333333334,0.0,1.3041666666666667,87.33333333333333,63.583333333333336
2022-09-08,32.21666666666667,22.433333333333334,374.625,35.46666666666667,36.02916666666667,35.791666666666664,0.21166666666666667,0.0,1.6645833333333335,84.20833333333333,61.416666666666664
2022-09-09,35.270833333333336,24.304166666666664,350.9583333333333,34.43333333333333,34.641666666666666,50.5,0.24458333333333335,0.0,1.9145833333333335,73.91666666666667,52.875
2022-09-10,34.15416666666667,23.233333333333334,347.0,33.775,26.358333333333334,44.166666666666664,0.18625,0.0,1.59375,76.125,56.75
2022-09-11,29.695833333333336,19.5125,290.5,26.125,23.59583333333333,46.041666666666664,0.23583333333333334,0.7083333333333334,1.6229166666666668,67.45833333333333,41.75
2022-09-12,37.483333333333334,24.09583333333333,301.8333333333333,28.71666666666667,25.90833333333333,55.0,0.25625000000000003,1.0,2.004166666666667,72.33333333333333,50.125
2022-09-13,37.300000000000004,23.325,248.25,23.254166666666666,25.858333333333334,71.0,0.26333333333333336,1.875,2.3895833333333334,75.5,56.0
2022-09-14,43.3375,27.358333333333334,267.3333333333333,22.52916666666667,29.366666666666664,77.41666666666667,0.3879166666666667,1.9166666666666667,2.1166666666666667,77.95833333333333,58.666666666666664
2022-09-15,51.95416666666667,33.65833333333333,389.625,30.545833333333334,38.99583333333333,72.33333333333333,0.38833333333333336,2.0416666666666665,1.7270833333333335,87.125,63.5
2022-09-16,60.291666666666664,39.24583333333333,343.25,28.808333333333334,45.73333333333333,92.25,0.4091666666666667,1.4583333333333333,2.1333333333333333,107.45833333333333,70.75
2022-09-17,61.05416666666667,40.05833333333333,323.4583333333333,26.325,48.76666666666667,87.54166666666667,0.3729166666666666,1.0,2.1104166666666666,107.25,70.75
2022-09-18,50.88333333333333,33.854166666666664,324.875,28.004166666666666,48.62916666666666,74.58333333333333,0.29333333333333333,0.8333333333333334,2.154166666666667,106.79166666666667,70.45833333333333
2022-09-19,48.76666666666667,32.1,397.5,27.733333333333334,35.137499999999996,50.958333333333336,0.28583333333333333,2.2916666666666665,1.8541666666666667,95.08333333333333,66.58333333333333
2022-09-20,43.38333333333333,27.416666666666668,378.0,25.2375,28.3875,63.791666666666664,0.2808333333333333,5.125,2.19375,85.04166666666667,62.791666666666664
2022-09-21,45.875,28.84583333333333,422.875,36.333333333333336,29.620833333333334,63.666666666666664,0.29875,4.0,2.254166666666667,90.04166666666667,64.70833333333333
2022-09-22,47.6,29.787499999999998,342.7916666666667,25.724999999999998,29.833333333333332,87.79166666666667,0.36083333333333334,3.2083333333333335,2.1041666666666665,81.75,61.416666666666664
2022-09-23,44.9625,28.650000000000002,363.2916666666667,32.233333333333334,28.8625,83.875,0.2870833333333333,1.875,2.245833333333333,89.25,64.25
2022-09-24,34.829166666666666,21.691666666666666,256.4166666666667,21.958333333333332,20.708333333333332,70.45833333333333,0.2508333333333333,2.0833333333333335,2.2979166666666666,81.20833333333333,60.291666666666664
2022-09-25,38.5375,24.59166666666667,295.6666666666667,23.283333333333335,27.195833333333336,88.45833333333333,0.29041666666666666,1.1666666666666667,2.1395833333333334,70.95833333333333,48.833333333333336
2022-09-26,40.35,26.625,307.7083333333333,32.17916666666667,42.204166666666666,81.125,0.3779166666666667,0.6666666666666666,1.8062500000000001,80.625,61.25
2022-09-27,35.59583333333333,23.295833333333334,244.41666666666666,22.22083333333333,29.241666666666664,92.16666666666667,0.39666666666666667,0.6666666666666666,2.0833333333333335,76.91666666666667,55.25
2022-09-28,45.17083333333333,30.287499999999998,336.1666666666667,30.27916666666667,36.97083333333333,104.0,0.64,0.0,1.46875,82.875,61.416666666666664
2022-09-29,44.887499999999996,30.662499999999998,367.0416666666667,28.916666666666668,30.525000000000002,88.95833333333333,0.6408333333333334,0.041666666666666664,1.6520833333333333,89.625,64.41666666666667
2022-09-30,37.30416666666667,25.766666666666666,396.4583333333333,46.92916666666667,38.895833333333336,43.208333333333336,0.54,0.0,0.6625,84.79166666666667,62.666666666666664
2022-10-01,28.270833333333332,19.7375,363.5,40.050000000000004,31.21666666666667,38.666666666666664,0.6091666666666666,0.041666666666666664,0.6458333333333334,70.875,47.208333333333336
2022-10-02,35.916666666666664,24.933333333333334,408.7916666666667,44.99166666666667,32.112500000000004,50.208333333333336,0.4816666666666667,0.125,0.9,69.33333333333333,44.375
2022-10-03,54.645833333333336,37.766666666666666,581.2083333333334,52.43333333333334,36.675000000000004,50.041666666666664,0.5075,0.5833333333333334,1.2770833333333333,91.29166666666667,65.08333333333333
2022-10-04,68.56666666666666,47.15,777.4166666666666,63.94583333333333,45.78333333333333,39.458333333333336,0.64875,1.8333333333333333,1.075,119.41666666666667,74.58333333333333
2022-10-05,66.55416666666666,45.55416666666667,578.5,62.175000000000004,54.42083333333333,38.666666666666664,0.7441666666666666,2.5416666666666665,1.0145833333333332,132.29166666666666,78.75
2022-10-06,46.0875,31.8875,446.9583333333333,37.1,37.63333333333333,68.25,0.70125,0.16666666666666666,0.4708333333333334,102.70833333333333,69.0
2022-10-07,42.925000000000004,28.879166666666666,368.0416666666667,24.912499999999998,28.866666666666664,84.83333333333333,0.545,0.0,1.7770833333333333,92.54166666666667,65.58333333333333
2022-10-08,56.39166666666667,37.125,413.875,29.945833333333336,39.55,82.83333333333333,0.5633333333333334,0.375,1.25,96.04166666666667,66.91666666666667
2022-10-09,28.3625,18.825,272.125,18.099999999999998,20.804166666666667,58.416666666666664,0.21,0.0,1.6395833333333334,89.04166666666667,61.958333333333336
2022-10-10,21.666666666666668,14.120833333333332,271.0,19.220833333333335,26.375,52.708333333333336,0.15291666666666667,0.0,2.03125,54.541666666666664,30.708333333333332
2022-10-11,20.3,12.304166666666667,200.79166666666666,11.591666666666667,13.520833333333334,53.916666666666664,0.1775,0.041666666666666664,2.160416666666667,53.208333333333336,27.416666666666668
2022-10-12,33.520833333333336,20.858333333333334,298.8333333333333,19.670833333333334,25.066666666666666,69.0,0.3433333333333333,0.041666666666666664,1.7750000000000001,56.458333333333336,33.625
2022-10-13,28.59583333333333,18.370833333333334,271.5416666666667,21.833333333333332,23.854166666666668,85.41666666666667,0.32208333333333333,0.0,1.8083333333333333,69.29166666666667,45.25
2022-10-14,27.40416666666667,18.254166666666666,314.9583333333333,28.087500000000002,38.31666666666667,67.5,0.25666666666666665,0.0,1.3979166666666665,66.83333333333333,40.708333333333336
2022-10-15,23.170833333333334,14.970833333333333,291.2916666666667,21.650000000000002,28.25,67.95833333333333,0.17625000000000002,0.0,2.04375,55.916666666666664,34.416666666666664
2022-10-16,18.170833333333334,11.454166666666666,232.58333333333334,16.358333333333334,20.787499999999998,51.958333333333336,0.14166666666666666,0.0,1.9416666666666667,53.958333333333336,27.958333333333332
2022-10-17,17.620833333333334,11.354166666666666,198.45833333333334,15.512500000000001,27.083333333333332,45.0,0.13125,0.0,1.8104166666666668,44.916666666666664,21.958333333333332
2022-10-18,25.608333333333334,16.716666666666665,239.29166666666666,21.166666666666668,42.949999999999996,40.916666666666664,0.21833333333333335,0.0,1.8812499999999999,56.083333333333336,30.041666666666668
2022-10-19,28.395833333333332,18.195833333333333,279.75,16.183333333333334,26.46666666666667,96.375,0.5070833333333333,0.0,1.3458333333333332,64.125,46.416666666666664
2022-10-20,23.46666666666667,14.012500000000001,243.25,9.666666666666666,17.529166666666665,82.41666666666667,0.27958333333333335,0.0,1.3875,61.791666666666664,36.916666666666664
2022-10-21,28.770833333333332,16.879166666666666,250.875,10.154166666666667,18.879166666666666,89.04166666666667,0.3416666666666666,0.0,1.5833333333333333,50.75,37.333333333333336
2022-10-22,52.5875,31.075,355.5416666666667,12.75,15.570833333333333,132.29166666666666,0.7129166666666666,0.6666666666666666,1.2875,92.20833333333333,62.666666666666664
2022-10-23,50.38333333333333,32.40833333333333,424.875,22.854166666666668,24.05,131.33333333333334,0.4008333333333333,1.375,1.8354166666666665,100.375,66.45833333333333
2022-10-24,51.39166666666667,35.300000000000004,498.0416666666667,35.112500000000004,33.795833333333334,103.95833333333333,0.30125,2.5,1.9312500000000001,95.875,66.375
2022-10-25,71.2375,48.69166666666666,699.0416666666666,53.94166666666666,62.262499999999996,108.375,0.3858333333333333,2.5416666666666665,1.8312499999999998,117.75,73.95833333333333
2022-10-26,48.75,31.066666666666666,355.0833333333333,24.0625,20.658333333333335,122.70833333333333,0.34791666666666665,3.2083333333333335,1.9270833333333333,116.375,73.41666666666667
2022-10-27,34.62083333333333,20.4375,271.125,17.941666666666666,11.358333333333334,91.41666666666667,0.31708333333333333,0.4166666666666667,1.4708333333333332,76.95833333333333,54.833333333333336
2022-10-28,28.40416666666667,16.366666666666667,230.95833333333334,12.604166666666666,9.329166666666667,80.79166666666667,0.27375,0.0,1.4958333333333333,60.583333333333336,35.166666666666664
2022-10-29,50.074999999999996,27.566666666666666,270.6666666666667,18.008333333333333,14.570833333333333,106.20833333333333,0.49833333333333335,0.4583333333333333,1.3291666666666668,69.83333333333333,49.458333333333336
2022-10-30,72.58333333333333,41.483333333333334,292.2916666666667,14.429166666666667,13.883333333333333,130.16666666666666,0.59,1.9583333333333333,1.5562500000000001,100.29166666666667,67.70833333333333
2022-10-31,61.72083333333333,37.145833333333336,306.625,15.549999999999999,10.775,118.58333333333333,0.5545833333333333,1.1666666666666667,0.5812499999999999,116.16666666666667,73.45833333333333
2022-11-01,26.891666666666666,17.458333333333332,270.0,16.779166666666665,9.9375,70.625,0.23958333333333334,0.0,0.45208333333333334,79.25,53.708333333333336
2022-11-02,19.587500000000002,12.170833333333334,255.29166666666666,14.729166666666666,8.65,64.58333333333333,0.21083333333333334,0.0,0.86875,56.416666666666664,31.416666666666668
2022-11-03,19.75,11.854166666666666,272.0,13.262500000000001,10.733333333333334,67.625,0.1575,0.0,1.08125,47.75,27.125
2022-11-04,22.625,13.720833333333333,318.9166666666667,13.0625,11.966666666666667,52.208333333333336,0.17333333333333334,0.0,1.0354166666666667,52.625,26.541666666666668
2022-11-05,34.56666666666667,19.849999999999998,330.125,14.016666666666666,12.1875,75.29166666666667,0.28208333333333335,0.3333333333333333,1.9291666666666665,57.083333333333336,32.083333333333336
2022-11-06,57.96666666666667,32.3125,332.5,16.454166666666666,11.283333333333333,105.375,0.5233333333333333,4.25,1.5458333333333334,83.75,59.583333333333336
2022-11-07,44.85833333333333,25.616666666666664,309.9166666666667,15.458333333333334,9.466666666666667,99.29166666666667,0.39291666666666664,1.7916666666666667,1.3645833333333333,82.625,61.791666666666664
2022-11-08,39.71666666666667,22.962500000000002,282.8333333333333,14.166666666666666,8.8625,83.375,0.33125,1.0833333333333333,1.5020833333333332,78.25,59.166666666666664
2022-11-09,34.670833333333334,20.154166666666665,271.9166666666667,14.112499999999999,9.033333333333333,80.875,0.31666666666666665,1.1666666666666667,1.2270833333333333,73.375,51.875
2022-11-10,33.829166666666666,19.041666666666668,225.125,11.366666666666667,7.970833333333334,80.375,0.32458333333333333,0.4583333333333333,1.4770833333333335,60.208333333333336,35.833333333333336
2022-11-11,43.425000000000004,24.270833333333332,247.16666666666666,12.920833333333334,6.479166666666667,106.70833333333333,0.4483333333333333,0.16666666666666666,0.3104166666666667,80.04166666666667,59.958333333333336
2022-11-12,18.8125,10.970833333333333,206.875,9.945833333333333,7.7749999999999995,54.833333333333336,0.1779166666666667,0.0,0.8291666666666666,59.5,34.375
2022-11-13,16.866666666666667,10.25,264.3333333333333,12.370833333333332,9.591666666666667,63.625,0.1691666666666667,0.0,0.8895833333333333,40.125,25.5
2022-11-14,65.48333333333333,38.85,360.9583333333333,15.370833333333332,11.295833333333334,99.5,0.8091666666666667,1.9583333333333333,0.9249999999999999,70.0,49.958333333333336
2022-11-15,76.66250000000001,46.49583333333334,392.1666666666667,18.454166666666666,16.7375,110.04166666666667,0.9245833333333334,3.0833333333333335,0.9270833333333334,127.66666666666667,77.25
2022-11-16,81.3125,49.29583333333333,372.4583333333333,20.8125,19.570833333333333,115.0,0.5704166666666667,3.875,1.3979166666666665,129.29166666666666,77.83333333333333
2022-11-17,79.29166666666667,49.23333333333333,399.5833333333333,23.241666666666664,24.320833333333336,147.33333333333334,0.47833333333333333,2.875,1.5062499999999999,139.375,78.70833333333333
2022-11-18,84.53333333333333,49.604166666666664,376.8333333333333,20.183333333333334,20.779166666666665,138.33333333333334,0.5858333333333333,3.6666666666666665,1.1104166666666666,140.66666666666666,81.45833333333333
2022-11-19,70.28333333333333,40.275,344.7916666666667,16.650000000000002,16.754166666666666,137.25,0.5570833333333334,2.0,1.2708333333333333,118.54166666666667,74.29166666666667
2022-11-20,66.16250000000001,42.520833333333336,328.5833333333333,19.708333333333332,22.304166666666664,122.16666666666667,0.47541666666666665,1.4583333333333333,0.78125,117.33333333333333,73.875
2022-11-21,54.62916666666666,37.729166666666664,304.0416666666667,20.2375,21.849999999999998,102.125,0.43625,0.25,0.86875,110.04166666666667,71.625
2022-11-22,44.65,29.52916666666667,320.125,18.091666666666665,18.466666666666665,85.04166666666667,0.3875,0.0,0.9291666666666667,96.875,67.25
2022-11-23,38.63333333333333,24.974999999999998,302.625,17.729166666666668,36.93333333333333,86.75,0.35083333333333333,0.0,1.3125,76.125,54.291666666666664
2022-11-24,46.94583333333333,29.995833333333334,302.7916666666667,17.745833333333334,38.15416666666667,86.16666666666667,0.5379166666666667,0.0,1.1958333333333333,93.25,65.83333333333333
2022-11-25,29.0,18.5625,225.41666666666666,12.120833333333332,30.575000000000003,51.916666666666664,0.27,0.0,1.5875000000000001,75.79166666666667,53.875
2022-11-26,42.00833333333333,26.212500000000002,366.5416666666667,12.441666666666668,18.441666666666666,76.45833333333333,0.61875,0.0,1.2916666666666667,64.625,39.416666666666664
2022-11-27,70.70416666666667,45.387499999999996,571.0,22.995833333333334,30.0125,105.375,0.9895833333333334,0.9166666666666666,1.1583333333333334,101.16666666666667,68.54166666666667
2022-11-28,96.56666666666666,59.6875,572.75,27.166666666666668,28.870833333333334,122.83333333333333,1.0375,2.4583333333333335,1.0083333333333333,146.25,85.125
2022-11-29,70.7375,41.36666666666667,380.9583333333333,23.308333333333334,19.037499999999998,130.66666666666666,0.56125,1.0,1.34375,132.70833333333334,79.16666666666667
2022-11-30,81.00833333333334,47.65416666666667,347.2083333333333,19.654166666666665,13.120833333333332,108.91666666666667,0.88875,0.9166666666666666,0.8895833333333334,120.16666666666667,74.95833333333333
2022-12-01,47.84583333333333,28.054166666666664,339.0416666666667,14.2875,11.433333333333332,89.70833333333333,0.46416666666666667,0.0,1.2291666666666667,112.54166666666667,72.25
2022-12-02,21.420833333333334,12.866666666666667,235.41666666666666,12.704166666666666,11.237499999999999,50.708333333333336,0.11541666666666667,0.0,1.7458333333333333,66.125,42.083333333333336
2022-12-03,35.34166666666667,20.333333333333332,307.0833333333333,13.295833333333334,10.987499999999999,81.70833333333333,0.29,0.0,1.3020833333333333,53.708333333333336,35.166666666666664
2022-12-04,79.57083333333334,47.56666666666666,385.2083333333333,14.833333333333334,11.779166666666667,119.83333333333333,0.7158333333333333,0.375,1.2291666666666667,96.5,64.70833333333333
2022-12-05,108.29166666666667,64.675,445.0416666666667,17.291666666666668,16.224999999999998,129.875,1.0275,0.5416666666666666,0.9958333333333332,148.25,85.70833333333333
2022-12-06,131.10416666666666,78.58333333333333,454.625,16.616666666666667,20.666666666666668,144.95833333333334,1.04375,0.4166666666666667,1.0083333333333333,157.08333333333334,95.08333333333333
2022-12-07,138.64583333333334,82.70416666666667,462.2916666666667,14.3375,27.066666666666666,172.70833333333334,1.0733333333333333,0.0,0.54375,165.08333333333334,107.41666666666667
2022-12-08,82.08749999999999,49.487500000000004,369.125,12.379166666666668,22.27916666666667,131.16666666666666,0.63,0.4583333333333333,0.25416666666666665,155.91666666666666,94.5
2022-12-09,42.90833333333333,25.34583333333333,256.0,11.141666666666666,6.354166666666667,98.20833333333333,0.4058333333333333,0.0,0.18958333333333333,103.41666666666667,69.29166666666667
2022-12-10,31.745833333333334,18.970833333333335,361.9166666666667,15.5375,14.883333333333333,88.0,0.22166666666666668,0.0,1.0958333333333334,70.20833333333333,48.791666666666664
2022-12-11,38.104166666666664,23.666666666666668,344.25,20.383333333333333,13.854166666666666,84.16666666666667,0.4291666666666667,0.0,1.0104166666666667,71.70833333333333,49.208333333333336
2022-12-12,32.166666666666664,19.9375,275.5416666666667,15.908333333333333,9.416666666666666,69.0,0.4791666666666667,0.0,0.74375,69.33333333333333,44.666666666666664
2022-12-13,18.316666666666666,11.216666666666667,158.83333333333334,7.875,7.170833333333333,46.333333333333336,0.21583333333333332,0.0,2.254166666666667,62.25,35.416666666666664
2022-12-14,1.1083333333333334,0.7708333333333334,59.041666666666664,0.0,0.7416666666666667,26.625,0.041666666666666664,0.0,2.154166666666667,21.833333333333332,12.75
2022-12-15,1.0083333333333333,0.7208333333333333,61.958333333333336,0.0,0.30833333333333335,33.25,0.04,0.0,2.160416666666667,14.625,13.25
2022-12-16,53.012499999999996,31.075,311.375,13.704166666666666,13.133333333333333,86.25,0.4479166666666667,0.041666666666666664,1.7458333333333333,44.625,40.375
2022-12-17,70.60000000000001,40.725,359.9166666666667,18.037499999999998,18.216666666666665,107.41666666666667,0.8654166666666666,0.25,1.16875,108.16666666666667,71.04166666666667
2022-12-18,63.62916666666666,35.387499999999996,299.0,13.637500000000001,13.529166666666667,116.41666666666667,0.76625,1.0,1.2666666666666668,111.58333333333333,72.125
2022-12-19,59.0,34.770833333333336,275.4166666666667,14.316666666666668,9.429166666666667,99.125,0.56625,2.1666666666666665,1.0916666666666666,94.625,66.45833333333333
2022-12-20,68.30833333333334,41.12083333333333,341.25,15.158333333333333,10.029166666666667,101.54166666666667,0.65,1.0416666666666667,1.21875,106.91666666666667,70.625
2022-12-21,61.05833333333334,37.137499999999996,332.0,14.454166666666666,8.941666666666666,94.04166666666667,0.44208333333333333,0.375,1.2666666666666668,110.91666666666667,71.95833333333333
2022-12-22,81.23333333333333,47.699999999999996,325.9166666666667,13.695833333333333,12.858333333333334,125.5,0.5895833333333333,1.0,1.1125,113.29166666666667,72.70833333333333
2022-12-23,98.37916666666666,57.72083333333333,411.125,12.987499999999999,13.529166666666667,129.875,0.7954166666666667,1.0,1.1520833333333333,138.625,80.79166666666667
2022-12-24,81.44583333333334,49.60833333333333,332.4166666666667,7.716666666666666,14.033333333333333,103.75,0.79625,1.0416666666666667,0.8166666666666665,153.04166666666666,89.875
2022-12-25,23.070833333333336,13.200000000000001,212.70833333333334,8.020833333333334,15.641666666666666,64.91666666666667,0.15666666666666668,0.0,0.9979166666666667,80.29166666666667,49.833333333333336
2022-12-26,30.483333333333334,17.3125,226.91666666666666,11.4125,21.5125,67.625,0.18416666666666667,0.0,1.2645833333333334,56.291666666666664,30.625
2022-12-27,28.995833333333334,17.766666666666666,300.0833333333333,12.908333333333333,15.954166666666667,61.791666666666664,0.19791666666666666,0.0,1.45,63.125,36.333333333333336
2022-12-28,33.37083333333333,21.041666666666668,460.25,16.483333333333334,23.729166666666668,66.16666666666667,0.15708333333333332,0.0,1.6416666666666666,65.58333333333333,39.0
2022-12-29,44.12083333333334,28.53333333333333,595.4583333333334,34.108333333333334,46.854166666666664,66.08333333333333,0.2091666666666667,0.0,1.5395833333333335,77.75,55.875
2022-12-30,34.050000000000004,22.183333333333334,462.3333333333333,26.520833333333332,38.82083333333333,71.16666666666667,0.20916666666666664,0.0,1.5916666666666668,78.91666666666667,58.666666666666664
2022-12-31,48.458333333333336,32.1625,553.2083333333334,36.525,49.44583333333333,77.125,0.32875,0.08333333333333333,1.4791666666666667,77.625,55.916666666666664
2023-01-01,51.19583333333333,33.425000000000004,487.2083333333333,27.462500000000002,34.11666666666667,86.75,0.37375,0.7916666666666666,1.425,101.25,68.83333333333333
2023-01-02,48.791666666666664,29.620833333333334,383.25,17.770833333333332,20.650000000000002,80.125,0.4045833333333333,0.5833333333333334,1.4625000000000001,90.75,64.95833333333333
2023-01-03,62.645833333333336,37.65833333333334,377.875,16.537499999999998,18.179166666666667,91.0,0.6466666666666666,2.6666666666666665,1.1583333333333334,90.04166666666667,64.79166666666667
2023-01-04,66.82083333333334,39.27916666666667,354.625,17.720833333333335,13.5,98.125,0.5966666666666667,1.8333333333333333,1.2562499999999999,113.08333333333333,72.66666666666667
2023-01-05,82.29166666666667,49.895833333333336,358.8333333333333,16.608333333333334,9.970833333333333,108.5,0.6020833333333333,1.625,1.2625,113.29166666666667,72.66666666666667
2023-01-06,75.5625,45.68333333333334,314.0,13.262500000000001,8.695833333333333,101.04166666666667,0.5758333333333333,1.7916666666666667,1.26875,142.20833333333334,81.83333333333333
2023-01-07,85.11666666666666,52.23333333333333,418.125,15.704166666666666,11.487499999999999,114.04166666666667,0.9858333333333333,1.0,1.1145833333333333,118.79166666666667,74.45833333333333
2023-01-08,97.32083333333333,59.92916666666667,465.8333333333333,17.175,17.066666666666666,119.04166666666667,1.3545833333333333,0.7916666666666666,0.7541666666666668,153.91666666666666,90.95833333333333
2023-01-09,54.44166666666666,30.962500000000002,307.5833333333333,16.833333333333332,14.9625,110.16666666666667,0.34833333333333333,0.5833333333333334,1.6041666666666667,115.95833333333333,73.58333333333333
2023-01-10,56.979166666666664,32.895833333333336,353.9166666666667,14.745833333333332,17.4375,114.66666666666667,0.4008333333333333,1.0,1.51875,91.33333333333333,65.16666666666667
2023-01-11,62.7125,36.68333333333333,377.1666666666667,13.2125,27.816666666666666,119.5,0.36791666666666667,1.0,1.6062500000000002,101.45833333333333,68.875
2023-01-12,60.74583333333334,36.61666666666667,362.9583333333333,17.041666666666668,35.5375,106.75,0.2925,1.0,1.6645833333333335,104.83333333333333,69.75
2023-01-13,48.64166666666667,30.84166666666667,304.9583333333333,17.8875,43.50833333333333,80.375,0.18041666666666667,1.0,1.70625,98.04166666666667,67.625
2023-01-14,37.762499999999996,23.866666666666664,232.75,15.9375,36.42916666666667,75.79166666666667,0.15958333333333333,1.0,1.7604166666666667,80.08333333333333,60.125
2023-01-15,40.02916666666667,25.8,286.75,17.291666666666668,35.391666666666666,67.66666666666667,0.18875,1.0,1.7229166666666667,77.29166666666667,59.041666666666664
2023-01-16,41.862500000000004,26.316666666666666,279.5416666666667,15.5,30.416666666666668,74.29166666666667,0.21208333333333332,1.0,1.7833333333333332,79.54166666666667,60.958333333333336
2023-01-17,47.2125,28.779166666666665,240.125,15.029166666666667,32.2125,85.125,0.2579166666666667,0.875,1.6270833333333334,82.79166666666667,61.875
2023-01-18,63.0625,39.0375,328.25,16.658333333333335,20.158333333333335,88.16666666666667,0.44416666666666665,1.375,1.4270833333333333,95.75,66.66666666666667
2023-01-19,63.824999999999996,39.21666666666667,386.0,17.654166666666665,17.066666666666666,93.58333333333333,0.5566666666666666,1.5416666666666667,1.4458333333333335,108.91666666666667,71.16666666666667
2023-01-20,80.825,49.43333333333334,357.25,16.945833333333333,13.0375,94.875,0.8945833333333333,1.9583333333333333,1.24375,123.70833333333333,76.0
2023-01-21,63.61666666666667,38.94166666666667,293.375,14.25,8.575000000000001,98.5,0.6558333333333334,1.0,1.51875,119.0,74.54166666666667
2023-01-22,87.35416666666667,54.40416666666667,420.875,16.095833333333335,12.695833333333333,109.16666666666667,0.6887500000000001,1.1666666666666667,1.3625,126.33333333333333,76.70833333333333
2023-01-23,50.49166666666667,30.55,258.7916666666667,15.854166666666666,9.929166666666667,86.25,0.4708333333333334,1.0,1.0666666666666667,124.20833333333333,76.16666666666667
2023-01-24,43.77916666666667,25.708333333333332,226.41666666666666,14.308333333333335,9.629166666666666,89.08333333333333,0.25,0.5416666666666666,1.8041666666666665,80.375,60.916666666666664
2023-01-25,69.90416666666667,42.94583333333333,315.875,16.316666666666666,12.741666666666667,95.875,0.535,0.0,1.5999999999999999,97.33333333333333,67.25
2023-01-26,69.2375,43.03333333333333,360.25,17.304166666666667,13.308333333333332,97.75,0.5475,0.0,1.48125,120.5,74.95833333333333
2023-01-27,42.21666666666667,26.34583333333333,296.25,14.75,12.204166666666666,82.16666666666667,0.27166666666666667,0.0,1.8687500000000001,101.04166666666667,68.41666666666667
2023-01-28,63.52916666666667,38.85,336.4166666666667,15.183333333333335,12.487499999999999,100.79166666666667,0.5725,0.0,1.4083333333333332,87.375,63.5
2023-01-29,71.57916666666667,42.75,372.3333333333333,15.529166666666667,10.475,104.5,0.6645833333333333,0.0,1.4416666666666667,118.29166666666667,74.16666666666667
2023-01-30,60.1875,36.85,372.9166666666667,15.295833333333334,9.137500000000001,95.54166666666667,0.6141666666666666,0.0,1.5458333333333334,111.0,71.95833333333333
2023-01-31,51.7875,31.34166666666667,355.8333333333333,8.754166666666666,14.058333333333335,105.79166666666667,0.49041666666666667,0.0,0.90625,99.33333333333333,68.0
2023-02-01,50.60833333333333,30.616666666666664,348.5833333333333,5.991666666666667,11.033333333333333,107.66666666666667,0.44333333333333336,0.0,1.3875,88.33333333333333,63.875
2023-02-02,65.09583333333333,38.262499999999996,335.0833333333333,9.15,8.691666666666666,120.08333333333333,0.5191666666666667,0.8333333333333334,1.2583333333333333,93.54166666666667,65.91666666666667
2023-02-03,69.05,40.93333333333333,309.0833333333333,10.450000000000001,8.495833333333334,111.95833333333333,0.5537500000000001,1.0,1.7416666666666665,118.95833333333333,74.5
2023-02-04,63.137499999999996,36.65,311.0,16.016666666666666,14.166666666666666,114.5,0.39875,0.041666666666666664,1.7291666666666667,103.83333333333333,69.625
2023-02-05,57.0625,33.795833333333334,307.6666666666667,15.429166666666667,26.462500000000002,108.79166666666667,0.2833333333333333,0.75,1.9979166666666668,98.41666666666667,67.625
2023-02-06,59.8375,36.333333333333336,299.1666666666667,15.2125,30.145833333333332,109.75,0.31333333333333335,0.0,2.0083333333333333,104.20833333333333,69.75
2023-02-07,47.76666666666667,29.645833333333332,310.3333333333333,18.55,27.570833333333336,98.70833333333333,0.36541666666666667,0.0,1.9083333333333332,92.54166666666667,65.58333333333333
2023-02-08,42.512499999999996,26.554166666666664,337.2083333333333,18.095833333333335,21.712500000000002,85.125,0.38125000000000003,0.125,1.9375,84.375,62.458333333333336
2023-02-09,46.354166666666664,29.675,430.0416666666667,22.816666666666666,33.6,78.08333333333333,0.3433333333333333,0.3333333333333333,1.9437499999999999,84.08333333333333,62.375
2023-02-10,57.37916666666666,37.608333333333334,468.5,32.829166666666666,42.458333333333336,84.41666666666667,0.33708333333333335,0.4583333333333333,1.9854166666666666,94.375,66.33333333333333
2023-02-11,68.76666666666667,45.1,449.7083333333333,30.7375,37.50833333333333,103.25,0.33916666666666667,0.041666666666666664,1.8229166666666667,114.33333333333333,72.95833333333333
2023-02-12,73.45,47.625,527.2083333333334,33.44583333333333,40.85,111.25,0.24583333333333335,2.7083333333333335,2.08125,127.91666666666667,77.375
2023-02-13,67.29583333333333,41.975,505.25,30.204166666666666,36.68333333333333,100.91666666666667,0.23458333333333334,7.708333333333333,2.158333333333333,131.08333333333334,78.33333333333333
2023-02-14,54.987500000000004,34.729166666666664,520.3333333333334,38.262499999999996,44.15,93.125,0.2625,2.6666666666666665,2.1625,102.41666666666667,69.29166666666667
2023-02-15,64.21666666666667,41.362500000000004,465.2083333333333,36.69583333333333,42.137499999999996,111.33333333333333,0.30041666666666667,1.0,2.0875,105.58333333333333,68.29166666666667
2023-02-16,71.99583333333334,45.57083333333333,450.4166666666667,23.883333333333336,26.97083333333333,101.54166666666667,0.38916666666666666,1.75,1.8666666666666665,126.20833333333333,76.79166666666667
2023-02-17,64.00416666666666,39.291666666666664,446.7083333333333,21.754166666666666,25.162499999999998,90.45833333333333,0.32125,3.375,2.06875,124.5,76.16666666666667
2023-02-18,32.762499999999996,20.558333333333334,345.5,20.6125,18.216666666666665,60.625,0.16541666666666668,0.16666666666666666,2.122916666666667,83.04166666666667,58.333333333333336
2023-02-19,28.325,17.754166666666666,212.5,14.458333333333334,24.75,52.791666666666664,0.16375,0.25,2.3583333333333334,64.5,37.833333333333336
2023-02-20,29.337500000000002,19.133333333333333,205.66666666666666,14.554166666666667,34.983333333333334,62.333333333333336,0.18916666666666668,0.0,2.25,62.875,36.666666666666664
2023-02-21,33.525,22.104166666666668,233.45833333333334,18.254166666666666,39.487500000000004,60.166666666666664,0.33083333333333337,0.5833333333333334,2.1437500000000003,67.45833333333333,41.583333333333336
2023-02-22,50.48333333333333,33.00833333333333,342.2916666666667,20.954166666666666,30.075,74.5,0.36000000000000004,1.2916666666666667,2.1125,81.45833333333333,60.041666666666664
2023-02-23,46.041666666666664,29.03333333333333,347.3333333333333,18.8875,19.175,78.25,0.21583333333333332,1.0416666666666667,2.30625,94.625,66.33333333333333
2023-02-24,33.770833333333336,21.616666666666664,321.5833333333333,16.875,19.2375,66.625,0.1275,0.25,2.5416666666666665,78.66666666666667,58.541666666666664
2023-02-25,35.104166666666664,23.1375,427.7083333333333,26.224999999999998,34.295833333333334,67.29166666666667,0.20875,0.08333333333333333,2.347916666666667,69.41666666666667,45.041666666666664
2023-02-26,44.625,28.599999999999998,492.7083333333333,20.8875,27.983333333333334,75.95833333333333,0.235,0.9166666666666666,2.3520833333333333,82.04166666666667,61.041666666666664
2023-02-27,44.01666666666667,28.045833333333334,398.5,18.704166666666666,25.65833333333333,89.125,0.22083333333333333,0.0,2.3541666666666665,83.54166666666667,62.166666666666664
2023-02-28,49.300000000000004,30.3625,295.8333333333333,14.070833333333333,10.4125,89.95833333333333,0.4558333333333333,0.0,2.025,82.79166666666667,61.916666666666664
2023-03-01,49.67083333333333,30.46666666666667,314.9166666666667,14.195833333333333,9.904166666666667,93.95833333333333,0.4025,0.0,2.20625,92.33333333333333,65.5
2023-03-02,49.82083333333333,29.9375,339.7083333333333,16.849999999999998,15.929166666666667,107.08333333333333,0.2758333333333333,0.0,2.3249999999999997,88.375,64.0
2023-03-03,50.262499999999996,30.329166666666666,344.25,17.05,16.404166666666665,99.29166666666667,0.3408333333333333,0.5,2.3125,87.66666666666667,63.791666666666664
2023-03-04,52.81666666666666,32.208333333333336,338.2916666666667,16.445833333333333,16.733333333333334,91.58333333333333,0.375,0.7916666666666666,2.433333333333333,92.79166666666667,65.54166666666667
2023-03-05,49.895833333333336,30.537499999999998,323.9166666666667,16.266666666666666,16.245833333333334,90.875,0.29875,2.7083333333333335,2.53125,88.79166666666667,64.375
2023-03-06,47.262499999999996,28.754166666666666,351.7083333333333,16.8125,19.337500000000002,92.66666666666667,0.21833333333333335,2.2916666666666665,2.6041666666666665,91.375,65.20833333333333
2023-03-07,45.34583333333333,26.958333333333332,352.9166666666667,17.895833333333332,20.816666666666666,91.95833333333333,0.27999999999999997,1.1666666666666667,2.435416666666667,83.625,62.083333333333336
2023-03-08,36.229166666666664,21.275,264.875,12.887500000000001,20.454166666666666,83.625,0.35874999999999996,0.5,2.347916666666667,74.95833333333333,53.625
2023-03-09,40.69166666666667,24.316666666666666,229.83333333333334,10.216666666666667,19.8125,84.04166666666667,0.3979166666666667,1.0,2.18125,69.16666666666667,43.958333333333336
2023-03-10,47.69166666666666,29.254166666666666,226.58333333333334,10.491666666666667,21.97083333333333,92.91666666666667,0.47374999999999995,1.0,2.0479166666666666,83.33333333333333,62.083333333333336
2023-03-11,51.84583333333333,31.870833333333334,278.625,13.591666666666667,15.333333333333334,86.83333333333333,0.4483333333333333,1.0,2.347916666666667,89.79166666666667,64.58333333333333
2023-03-12,45.79583333333333,28.204166666666666,321.3333333333333,13.333333333333334,13.1625,81.95833333333333,0.42208333333333337,0.041666666666666664,2.28125,88.58333333333333,64.04166666666667
2023-03-13,49.89166666666667,29.75,403.6666666666667,17.245833333333334,18.895833333333332,96.91666666666667,0.5620833333333334,0.0,2.18125,86.79166666666667,63.458333333333336
2023-03-14,47.85,28.02916666666667,390.7916666666667,19.083333333333332,19.75,102.41666666666667,0.7445833333333334,0.0,1.96875,84.91666666666667,62.666666666666664
2023-03-15,53.54583333333333,32.300000000000004,393.6666666666667,15.529166666666667,15.025,90.0,0.9645833333333332,0.0,1.4020833333333333,86.95833333333333,63.375
2023-03-16,40.525,25.15416666666667,304.9583333333333,11.079166666666666,11.829166666666666,62.875,0.4379166666666667,0.0,2.4145833333333333,86.625,63.375
2023-03-17,34.42916666666667,21.579166666666666,304.0,12.85,14.304166666666667,68.79166666666667,0.45166666666666666,0.0,2.345833333333333,75.20833333333333,55.208333333333336
2023-03-18,37.262499999999996,22.504166666666666,338.0,14.608333333333334,15.008333333333333,68.33333333333333,0.3745833333333333,0.0,1.8687500000000001,71.29166666666667,48.291666666666664
2023-03-19,33.9125,20.941666666666666,312.0833333333333,20.175,25.22083333333333,56.541666666666664,0.49833333333333335,0.0,1.5458333333333334,70.41666666666667,46.5
2023-03-20,24.941666666666666,15.804166666666667,276.4583333333333,16.108333333333334,15.379166666666668,78.0,0.5529166666666666,0.125,1.6083333333333334,63.416666666666664,40.916666666666664
2023-03-21,31.820833333333336,19.775000000000002,303.3333333333333,16.795833333333334,20.662499999999998,75.95833333333333,0.43249999999999994,0.0,2.1020833333333333,62.875,37.583333333333336
2023-03-22,30.400000000000002,18.849999999999998,255.0,14.616666666666667,17.150000000000002,67.91666666666667,0.3983333333333334,0.0,2.2895833333333333,63.791666666666664,38.958333333333336
2023-03-23,24.825,15.133333333333333,219.41666666666666,13.329166666666666,15.262500000000001,50.375,0.5404166666666667,0.0,1.9791666666666667,61.125,34.458333333333336
2023-03-24,37.512499999999996,23.191666666666666,267.875,16.425,21.3125,77.125,0.4879166666666666,0.6666666666666666,2.1708333333333334,63.0,41.5
2023-03-25,27.712500000000002,16.620833333333334,212.29166666666666,10.987499999999999,13.754166666666668,45.375,0.4008333333333333,0.0,2.15,70.16666666666667,47.041666666666664
2023-03-26,25.962500000000002,15.995833333333332,210.875,9.854166666666666,14.6625,34.791666666666664,0.46208333333333335,0.5833333333333334,1.9145833333333335,58.5,32.083333333333336
2023-03-27,30.120833333333334,18.25,215.125,12.533333333333333,21.520833333333332,46.041666666666664,0.50875,1.2916666666666667,2.2375000000000003,61.333333333333336,35.041666666666664
2023-03-28,30.175,17.599999999999998,188.20833333333334,10.333333333333334,14.720833333333333,46.958333333333336,0.38125000000000003,1.0833333333333333,2.51875,61.916666666666664,35.25
2023-03-29,31.625,18.2,179.54166666666666,9.95,12.325000000000001,55.833333333333336,0.32083333333333336,1.7083333333333333,2.527083333333333,63.416666666666664,36.583333333333336
2023-03-30,26.116666666666664,15.295833333333334,144.375,9.133333333333335,13.579166666666666,53.416666666666664,0.2970833333333333,1.625,2.6062499999999997,60.541666666666664,33.875
2023-03-31,26.545833333333334,15.654166666666667,143.04166666666666,8.966666666666667,20.462500000000002,57.291666666666664,0.3941666666666666,0.5416666666666666,2.5625,56.0,31.083333333333332
2023-04-01,26.804166666666664,15.916666666666666,148.83333333333334,7.720833333333334,15.841666666666667,45.25,0.505,0.0,2.189583333333333,59.125,32.375
2023-04-02,33.324999999999996,20.333333333333332,220.625,12.595833333333333,16.416666666666668,64.25,0.6241666666666666,0.0,1.8562500000000002,59.291666666666664,35.166666666666664
2023-04-03,29.71666666666667,17.795833333333334,218.16666666666666,12.541666666666666,14.391666666666666,68.58333333333333,0.4879166666666667,0.0,2.2125,70.83333333333333,47.208333333333336
2023-04-04,24.1375,14.033333333333333,166.25,10.779166666666667,13.129166666666668,48.208333333333336,0.33166666666666667,0.0,2.56875,55.625,29.75
2023-04-05,25.8125,15.387500000000001,183.66666666666666,9.916666666666666,13.766666666666666,54.458333333333336,0.4025,0.0,2.4395833333333337,57.541666666666664,31.541666666666668
2023-04-06,19.679166666666667,11.366666666666667,165.08333333333334,9.183333333333334,13.075000000000001,43.291666666666664,0.2733333333333334,0.0,2.7395833333333335,51.291666666666664,26.625
2023-04-07,19.675,11.3375,173.125,9.362499999999999,13.283333333333333,37.416666666666664,0.26416666666666666,0.5833333333333334,2.8229166666666665,49.375,23.75
2023-04-08,21.05,12.116666666666667,173.375,8.304166666666667,15.341666666666667,50.375,0.22708333333333333,2.0416666666666665,2.7875,47.041666666666664,23.541666666666668
2023-04-09,32.05833333333333,18.983333333333334,175.91666666666666,9.079166666666667,20.8875,61.791666666666664,0.23208333333333334,2.4166666666666665,2.7687500000000003,56.791666666666664,30.458333333333332
2023-04-10,40.37916666666667,24.4375,194.79166666666666,11.6875,24.954166666666666,59.0,0.2783333333333333,3.4583333333333335,2.63125,72.375,50.083333333333336
2023-04-11,41.43333333333333,25.912499999999998,241.08333333333334,13.341666666666667,26.28333333333333,67.25,0.23,2.5833333333333335,2.6770833333333335,76.41666666666667,57.5
2023-04-12,41.887499999999996,26.929166666666664,303.4583333333333,19.125,25.433333333333334,49.333333333333336,0.25833333333333336,1.5833333333333333,2.658333333333333,81.45833333333333,61.583333333333336
2023-04-13,36.97083333333333,23.916666666666668,308.7083333333333,19.079166666666666,27.337500000000002,54.5,0.35125,0.16666666666666666,2.5229166666666667,80.125,60.666666666666664
2023-04-14,35.125,22.3,256.2916666666667,15.799999999999999,29.84583333333333,66.0,0.3675,0.2916666666666667,2.497916666666667,71.41666666666667,48.416666666666664
2023-04-15,42.09166666666667,26.3625,248.04166666666666,15.737499999999999,30.53333333333333,80.20833333333333,0.39291666666666664,0.7083333333333334,2.314583333333333,74.75,54.416666666666664
2023-04-16,52.38333333333333,33.19583333333333,309.7916666666667,20.7625,31.395833333333332,97.33333333333333,0.37666666666666665,1.7916666666666667,2.4499999999999997,90.25,63.416666666666664
2023-04-17,53.05416666666667,32.9625,306.5416666666667,18.516666666666666,23.995833333333334,104.95833333333333,0.39458333333333334,1.5,2.3958333333333335,99.20833333333333,67.625
2023-04-18,46.17083333333333,29.22083333333333,262.4166666666667,13.041666666666666,26.5125,85.25,0.33083333333333337,0.0,2.4854166666666666,91.16666666666667,65.08333333333333
2023-04-19,35.362500000000004,21.6125,238.0,14.416666666666666,22.1125,70.875,0.4466666666666667,0.0,2.3625000000000003,78.83333333333333,58.041666666666664
2023-04-20,43.52916666666667,26.520833333333332,278.25,12.729166666666666,20.470833333333335,95.625,0.5337500000000001,0.0,2.2083333333333335,71.79166666666667,50.5
2023-04-21,44.30833333333334,26.84166666666667,260.5416666666667,9.4125,21.65416666666667,95.08333333333333,0.4979166666666666,0.0,2.2687500000000003,84.79166666666667,62.625
2023-04-22,36.06666666666667,21.816666666666666,248.29166666666666,9.454166666666667,20.8,75.58333333333333,0.6270833333333333,0.0,2.089583333333333,76.83333333333333,57.0
2023-04-23,34.800000000000004,21.2625,258.875,10.729166666666666,18.308333333333334,73.04166666666667,0.6616666666666666,0.0,1.8125,69.875,46.625
2023-04-24,25.020833333333332,14.316666666666668,217.0,8.1875,11.220833333333333,54.75,0.33166666666666667,0.0,2.370833333333333,63.625,37.333333333333336
2023-04-25,33.833333333333336,20.058333333333334,205.66666666666666,8.816666666666666,11.795833333333334,44.875,0.42166666666666663,0.0,2.2895833333333333,59.291666666666664,32.791666666666664
2023-04-26,47.35833333333333,28.258333333333336,266.3333333333333,12.1625,13.475,67.625,0.6441666666666667,1.0,1.9312500000000001,75.95833333333333,54.625
2023-04-27,47.69166666666666,28.55,277.9166666666667,10.775,19.5125,63.75,0.4779166666666667,0.75,2.402083333333333,88.125,64.0
2023-04-28,30.3875,18.479166666666668,205.125,7.616666666666667,17.529166666666665,44.458333333333336,0.3475,0.0,2.5520833333333335,74.16666666666667,51.708333333333336
2023-04-29,30.629166666666666,19.037499999999998,233.75,9.541666666666666,16.066666666666666,44.625,0.3741666666666667,0.0,2.4166666666666665,62.583333333333336,35.958333333333336
2023-04-30,26.3875,16.616666666666667,246.70833333333334,11.670833333333334,15.9375,54.083333333333336,0.36333333333333334,0.0,2.36875,63.208333333333336,36.458333333333336
2023-05-01,20.733333333333334,12.808333333333332,211.41666666666666,10.762500000000001,15.137500000000001,43.541666666666664,0.27125,0.0,2.1875,55.833333333333336,29.416666666666668
2023-05-02,16.162499999999998,9.920833333333333,216.41666666666666,10.862499999999999,12.875,36.291666666666664,0.10541666666666667,0.0,1.8166666666666667,45.541666666666664,21.958333333333332
2023-05-03,19.166666666666668,12.445833333333333,265.4583333333333,19.583333333333332,26.787499999999998,47.291666666666664,0.20833333333333334,0.0,1.55,45.541666666666664,22.208333333333332
2023-05-04,21.679166666666664,14.233333333333334,262.5833333333333,18.945833333333333,27.974999999999998,62.875,0.27625,0.0,2.097916666666667,54.833333333333336,30.666666666666668
2023-05-05,27.541666666666668,17.758333333333333,270.4583333333333,22.795833333333334,28.820833333333336,56.833333333333336,0.5004166666666666,0.6666666666666666,1.3229166666666667,53.666666666666664,28.666666666666668
2023-05-06,59.479166666666664,40.00416666666667,475.4583333333333,36.46666666666667,59.849999999999994,95.54166666666667,0.62375,1.125,2.0083333333333333,95.29166666666667,61.208333333333336
2023-05-07,75.78750000000001,51.82916666666667,488.4583333333333,38.8375,50.725,84.16666666666667,0.50375,1.75,1.5458333333333334,122.625,75.70833333333333
2023-05-08,72.0125,48.4625,468.4583333333333,34.483333333333334,56.479166666666664,105.79166666666667,0.3541666666666667,0.9166666666666666,2.377083333333333,151.0,83.58333333333333
2023-05-09,58.25416666666666,38.24583333333333,382.4583333333333,25.108333333333334,39.37916666666667,105.33333333333333,0.26,0.0,2.725,118.04166666666667,73.16666666666667
2023-05-10,56.07083333333333,35.487500000000004,380.9583333333333,25.02916666666667,37.9625,97.0,0.31916666666666665,0.0,2.2062500000000003,105.125,70.04166666666667
2023-05-11,71.10833333333333,44.925000000000004,405.3333333333333,28.116666666666664,46.20416666666667,115.20833333333333,0.6829166666666667,0.2916666666666667,1.8062500000000001,111.875,70.08333333333333
2023-05-12,118.14999999999999,79.69583333333334,569.5,51.15416666666667,44.26666666666667,95.66666666666667,0.7991666666666667,0.2916666666666667,1.3687500000000001,150.29166666666666,90.75
2023-05-13,75.6375,51.43333333333334,474.0416666666667,48.208333333333336,29.304166666666664,91.75,0.63625,0.0,1.8062500000000001,154.75,92.29166666666667
2023-05-14,69.62083333333332,46.80416666666667,394.0,29.916666666666668,23.90416666666667,103.5,0.5254166666666666,0.3333333333333333,1.8625,130.16666666666666,77.95833333333333
2023-05-15,67.40833333333333,44.824999999999996,384.125,32.854166666666664,26.983333333333334,108.66666666666667,0.51625,0.0,2.0854166666666667,136.25,78.125
2023-05-16,59.30416666666667,39.487500000000004,331.7916666666667,31.21666666666667,28.09166666666667,110.54166666666667,0.5379166666666667,0.0,2.2062500000000003,126.25,73.95833333333333
2023-05-17,43.958333333333336,27.675,266.7916666666667,18.333333333333332,21.383333333333336,100.33333333333333,0.5808333333333333,0.8333333333333334,2.1166666666666667,100.95833333333333,68.41666666666667
2023-05-18,40.449999999999996,24.333333333333332,216.41666666666666,10.941666666666668,21.34583333333333,90.04166666666667,0.6029166666666667,1.0,2.122916666666667,77.91666666666667,59.416666666666664
2023-05-19,44.15,26.604166666666668,205.16666666666666,10.629166666666666,24.1875,97.66666666666667,0.5825,1.0,2.1416666666666666,82.54166666666667,58.5
2023-05-20,44.98333333333333,27.675,220.125,12.108333333333334,27.52916666666667,94.95833333333333,0.6745833333333334,0.7083333333333334,2.0437499999999997,86.91666666666667,62.708333333333336
2023-05-21,36.84583333333333,21.983333333333334,226.95833333333334,13.691666666666668,21.416666666666668,92.70833333333333,0.7179166666666666,0.5833333333333334,2.0395833333333333,78.5,57.458333333333336
2023-05-22,41.85,25.058333333333334,219.125,15.358333333333333,22.525000000000002,83.375,0.72125,1.5,1.9229166666666666,74.75,55.291666666666664
2023-05-23,35.84583333333333,22.195833333333336,235.16666666666666,19.541666666666668,27.441666666666666,80.75,0.6058333333333333,1.0416666666666667,2.1020833333333333,76.04166666666667,55.708333333333336
2023-05-24,40.15416666666667,24.945833333333336,242.70833333333334,22.079166666666666,25.6375,80.04166666666667,0.6266666666666666,0.5,2.033333333333333,78.375,56.0
2023-05-25,54.74166666666667,36.141666666666666,334.2083333333333,30.6375,27.479166666666668,93.04166666666667,0.71,0.0,1.9791666666666667,94.79166666666667,64.125
2023-05-26,62.62916666666666,42.295833333333334,344.0,23.525000000000002,33.625,115.41666666666667,0.695,0.375,1.9854166666666666,109.29166666666667,70.375
2023-05-27,65.87083333333334,44.50833333333333,323.2916666666667,19.633333333333333,34.795833333333334,107.625,0.6479166666666667,0.4166666666666667,1.9020833333333333,123.70833333333333,76.04166666666667
2023-05-28,64.09166666666667,41.862500000000004,321.0833333333333,22.97083333333333,35.800000000000004,112.29166666666667,0.6866666666666666,1.2083333333333333,1.9291666666666665,122.91666666666667,74.875
2023-05-29,58.15416666666667,37.137499999999996,284.0416666666667,17.408333333333335,30.4375,106.95833333333333,0.6645833333333333,1.125,2.0625,115.45833333333333,73.25
2023-05-30,43.96666666666667,26.8625,223.125,11.700000000000001,26.525000000000002,88.33333333333333,0.59875,2.1666666666666665,2.1750000000000003,88.95833333333333,64.125
2023-05-31,60.979166666666664,37.983333333333334,292.9583333333333,21.77916666666667,31.816666666666666,94.45833333333333,0.6966666666666667,2.8333333333333335,1.8979166666666665,93.5,65.79166666666667
2023-06-01,55.63333333333333,35.3375,304.0833333333333,23.729166666666668,26.4375,102.83333333333333,0.8195833333333334,1.1666666666666667,1.9020833333333333,109.5,69.29166666666667
2023-06-02,66.68333333333334,44.13333333333333,355.5,26.0625,27.02916666666667,114.0,0.8316666666666667,1.3333333333333333,1.84375,107.375,70.41666666666667
2023-06-03,73.15833333333333,47.791666666666664,360.3333333333333,27.99166666666667,23.34583333333333,103.75,0.8004166666666667,1.5416666666666667,1.76875,130.95833333333334,78.04166666666667
2023-06-04,76.32083333333334,50.74583333333334,383.8333333333333,26.854166666666668,27.175,103.125,0.84125,1.5416666666666667,1.8895833333333334,128.08333333333334,77.25
2023-06-05,72.32916666666667,47.82916666666667,368.625,34.44583333333333,27.370833333333334,91.29166666666667,0.7983333333333333,1.875,1.71875,142.16666666666666,81.83333333333333
2023-06-06,65.25833333333334,43.104166666666664,286.875,19.841666666666665,26.479166666666668,97.95833333333333,0.57125,3.7083333333333335,2.060416666666667,121.04166666666667,75.0
2023-06-07,56.354166666666664,37.112500000000004,306.8333333333333,27.962500000000002,45.37083333333334,77.70833333333333,0.7975,5.666666666666667,1.3854166666666667,111.95833333333333,72.125
2023-06-08,51.12916666666666,33.925000000000004,226.58333333333334,17.145833333333332,29.758333333333336,82.75,0.68,1.6666666666666667,1.9708333333333332,101.375,68.875
2023-06-09,48.0375,31.816666666666666,242.83333333333334,19.670833333333334,29.320833333333336,80.45833333333333,0.595,0.5833333333333334,2.1791666666666667,94.0,66.08333333333333
2023-06-10,42.88333333333333,28.458333333333332,241.75,19.145833333333332,29.75,78.41666666666667,0.43333333333333335,0.5,2.3520833333333333,89.29166666666667,64.33333333333333
2023-06-11,45.291666666666664,30.15833333333333,266.5833333333333,26.495833333333334,36.391666666666666,62.875,0.2604166666666667,0.7916666666666666,2.5875,87.79166666666667,63.833333333333336
2023-06-12,45.55833333333334,28.95,249.29166666666666,24.204166666666666,35.641666666666666,66.375,0.31375000000000003,3.2916666666666665,2.497916666666667,88.625,64.0
2023-06-13,46.07083333333333,29.066666666666666,245.79166666666666,24.724999999999998,33.958333333333336,69.70833333333333,0.35083333333333333,4.833333333333333,2.410416666666667,82.25,61.791666666666664
2023-06-14,52.98333333333333,32.69166666666667,284.3333333333333,26.21666666666667,22.425,69.41666666666667,0.34541666666666665,8.458333333333334,2.435416666666667,89.79166666666667,64.5
2023-06-15,54.020833333333336,33.875,266.6666666666667,25.875,20.920833333333334,62.875,0.3229166666666667,7.125,2.314583333333333,97.25,67.25
2023-06-16,57.770833333333336,37.17916666666667,277.75,29.195833333333336,25.175,74.875,0.33625,3.9583333333333335,2.4,98.75,67.79166666666667
2023-06-17,45.82083333333333,28.541666666666668,236.20833333333334,25.691666666666666,24.46666666666667,50.541666666666664,0.44083333333333335,7.833333333333333,1.6166666666666665,96.95833333333333,67.20833333333333
2023-06-18,48.59583333333333,30.400000000000002,263.5,30.650000000000002,32.525,45.916666666666664,0.7070833333333333,8.583333333333334,1.1791666666666667,88.625,64.04166666666667
2023-06-19,39.25416666666667,24.8875,273.125,26.391666666666666,20.787499999999998,45.75,0.9104166666666668,9.083333333333334,1.0729166666666667,83.125,61.958333333333336
2023-06-20,45.35,30.195833333333336,295.25,28.075,24.429166666666664,62.0,0.8920833333333333,5.291666666666667,1.2958333333333334,78.375,58.5
2023-06-21,64.33749999999999,41.82083333333333,361.25,33.7875,34.1625,60.5,0.8533333333333334,7.458333333333333,1.35625,101.54166666666667,68.75
2023-06-22,68.08749999999999,44.75833333333333,387.9583333333333,36.8375,38.85,68.25,0.5845833333333333,5.458333333333333,1.4729166666666667,124.54166666666667,76.20833333333333
2023-06-23,56.31666666666666,36.425000000000004,344.375,30.991666666666664,35.32083333333333,71.08333333333333,0.48541666666666666,4.708333333333333,1.66875,110.95833333333333,71.95833333333333
2023-06-24,49.82083333333333,32.90833333333333,398.5833333333333,36.795833333333334,35.108333333333334,50.0,0.3725,3.8333333333333335,2.0791666666666666,98.125,67.58333333333333
2023-06-25,51.5625,31.829166666666666,428.9583333333333,42.387499999999996,37.92916666666667,49.041666666666664,0.33083333333333337,6.5,2.0875,96.83333333333333,67.125
2023-06-26,48.6625,30.483333333333334,334.875,30.270833333333332,32.74583333333333,56.041666666666664,0.3441666666666667,5.833333333333333,2.31875,87.41666666666667,63.708333333333336
2023-06-27,44.2875,26.72083333333333,291.375,25.59166666666667,24.22083333333333,63.916666666666664,0.3383333333333334,8.458333333333334,1.98125,87.33333333333333,63.541666666666664
2023-06-28,23.625,14.145833333333334,213.5,8.475,9.516666666666667,84.33333333333333,0.19958333333333333,1.125,2.6416666666666666,71.54166666666667,53.333333333333336
2023-06-29,27.104166666666668,17.104166666666668,246.08333333333334,9.541666666666666,9.891666666666667,91.375,0.25,1.0,2.7416666666666667,65.25,41.083333333333336
2023-06-30,25.433333333333334,15.012500000000001,215.0,9.1,8.720833333333333,83.04166666666667,0.205,4.666666666666667,2.69375,61.291666666666664,41.416666666666664
2023-07-01,27.166666666666668,15.616666666666667,235.29166666666666,11.375,9.137500000000001,75.20833333333333,0.23458333333333334,9.875,2.1666666666666665,56.833333333333336,36.583333333333336
2023-07-02,35.016666666666666,18.599999999999998,241.58333333333334,14.625,11.970833333333333,53.875,0.3725,20.625,1.2395833333333333,60.75,34.208333333333336
2023-07-03,21.9375,13.879166666666668,227.25,12.829166666666666,10.633333333333333,48.125,0.26125000000000004,6.083333333333333,1.1666666666666667,59.25,32.708333333333336
2023-07-04,17.854166666666668,11.720833333333333,232.95833333333334,12.737499999999999,11.908333333333333,60.75,0.21375,1.0833333333333333,1.8083333333333333,51.166666666666664,31.333333333333332
2023-07-05,15.862499999999999,10.691666666666668,225.41666666666666,11.391666666666666,9.458333333333334,60.041666666666664,0.15916666666666668,0.0,2.029166666666667,45.791666666666664,28.708333333333332
2023-07-06,16.170833333333334,11.0875,236.75,12.549999999999999,10.1625,57.333333333333336,0.1175,0.4166666666666667,1.7604166666666667,46.791666666666664,27.833333333333332
2023-07-07,22.65416666666667,14.8375,267.5833333333333,13.654166666666667,10.866666666666667,63.375,0.24083333333333334,0.9583333333333334,1.8812499999999999,49.083333333333336,31.416666666666668
2023-07-08,21.587500000000002,14.504166666666668,272.5,14.054166666666667,10.283333333333333,65.08333333333333,0.19375,0.5416666666666666,2.0208333333333335,58.333333333333336,36.833333333333336
2023-07-09,22.52916666666667,13.704166666666666,259.0833333333333,12.645833333333334,10.079166666666667,77.75,0.21375,4.541666666666667,2.629166666666667,60.166666666666664,38.958333333333336
2023-07-10,34.50416666666667,19.416666666666668,282.1666666666667,16.3,15.029166666666667,58.833333333333336,0.29583333333333334,14.708333333333334,1.5166666666666666,61.333333333333336,34.583333333333336
2023-07-11,33.62083333333333,19.212500000000002,296.4583333333333,15.716666666666667,12.65,57.833333333333336,0.43583333333333335,13.083333333333334,0.6666666666666666,63.333333333333336,36.666666666666664
2023-07-12,39.829166666666666,21.858333333333334,304.4583333333333,16.745833333333334,15.866666666666667,71.04166666666667,0.3729166666666666,19.083333333333332,1.6020833333333335,69.125,45.208333333333336
2023-07-13,41.09583333333333,22.383333333333336,271.5,11.708333333333334,12.566666666666668,78.125,0.34541666666666665,14.25,1.8687500000000001,73.79166666666667,52.75
2023-07-14,27.208333333333332,16.900000000000002,236.16666666666666,10.0,10.554166666666667,83.5,0.21958333333333332,1.875,2.620833333333333,67.95833333333333,45.666666666666664
2023-07-15,25.05,15.329166666666666,256.0,12.6,8.583333333333334,74.08333333333333,0.20833333333333334,2.5416666666666665,2.53125,59.25,39.0
2023-07-16,33.170833333333334,18.375,274.75,13.5875,9.666666666666666,69.79166666666667,0.28541666666666665,9.583333333333334,2.15,60.833333333333336,37.333333333333336
2023-07-17,35.34166666666667,19.291666666666668,286.2916666666667,13.825000000000001,9.220833333333333,72.375,0.3025,12.208333333333334,2.1895833333333337,63.625,41.5
2023-07-18,32.57083333333333,18.575,315.9583333333333,19.212500000000002,10.254166666666666,51.291666666666664,0.3070833333333333,10.666666666666666,1.3354166666666665,65.875,39.041666666666664
2023-07-19,19.541666666666668,10.383333333333333,215.83333333333334,13.254166666666668,8.641666666666667,49.083333333333336,0.2808333333333333,10.166666666666666,2.0166666666666666,54.25,30.083333333333332
2023-07-20,20.683333333333334,10.066666666666666,178.75,9.891666666666667,7.045833333333333,52.208333333333336,0.32708333333333334,14.708333333333334,1.6458333333333333,42.166666666666664,25.25
2023-07-21,27.804166666666664,12.5375,199.0,11.104166666666666,8.133333333333333,49.625,0.26791666666666664,24.541666666666668,1.6875,43.958333333333336,26.0
2023-07-22,23.47083333333333,12.1875,214.625,14.700000000000001,11.466666666666667,40.875,0.21875,14.541666666666666,1.5250000000000001,52.75,28.208333333333332
2023-07-23,17.991666666666667,11.595833333333333,225.79166666666666,14.195833333333333,10.533333333333333,41.791666666666664,0.15041666666666667,3.2916666666666665,1.14375,49.166666666666664,25.291666666666668
2023-07-24,17.675,11.933333333333332,248.375,14.575000000000001,11.004166666666668,39.0,0.16375,1.5,1.1166666666666667,47.541666666666664,23.5
2023-07-25,14.645833333333334,9.954166666666667,240.375,15.5,10.183333333333334,32.208333333333336,0.13041666666666665,1.2083333333333333,0.9083333333333333,47.333333333333336,22.708333333333332
2023-07-26,12.370833333333332,8.566666666666666,209.29166666666666,12.858333333333334,9.325000000000001,36.833333333333336,0.11916666666666666,0.20833333333333334,1.0895833333333333,38.916666666666664,20.041666666666668
2023-07-27,15.875,10.116666666666667,208.75,11.6625,8.1,51.291666666666664,0.15125,3.875,2.733333333333333,38.708333333333336,23.791666666666668
2023-07-28,22.054166666666664,12.0875,214.16666666666666,13.104166666666666,8.554166666666667,52.5,0.2575,12.458333333333334,2.69375,43.958333333333336,27.041666666666668
2023-07-29,21.025000000000002,11.179166666666667,211.5,13.591666666666667,8.075000000000001,50.416666666666664,0.26791666666666664,12.708333333333334,2.61875,50.708333333333336,28.125
2023-07-30,21.858333333333334,11.475,207.66666666666666,10.6625,7.166666666666667,56.25,0.24875,11.458333333333334,2.2875,45.166666666666664,26.791666666666668
2023-07-31,27.991666666666664,14.558333333333332,246.83333333333334,13.054166666666667,8.512500000000001,62.708333333333336,0.34958333333333336,16.125,2.1145833333333335,53.0,33.083333333333336
2023-08-01,25.03333333333333,12.916666666666666,224.66666666666666,12.691666666666668,7.879166666666666,50.541666666666664,0.2920833333333333,15.416666666666666,1.9875,53.875,29.333333333333332
2023-08-02,25.65833333333333,13.029166666666667,211.75,12.245833333333332,7.9750000000000005,55.666666666666664,0.33125,17.208333333333332,2.254166666666667,50.541666666666664,28.5
2023-08-03,28.616666666666664,14.950000000000001,206.33333333333334,9.920833333333333,7.429166666666667,63.708333333333336,0.39208333333333334,15.583333333333334,2.2666666666666666,54.25,32.083333333333336
2023-08-04,30.916666666666668,16.470833333333335,217.58333333333334,9.487499999999999,7.633333333333333,69.79166666666667,0.34708333333333335,13.041666666666666,2.3458333333333337,59.0,35.083333333333336
2023-08-05,32.55416666666667,17.3,217.75,8.420833333333333,7.941666666666666,76.5,0.3383333333333333,14.208333333333334,2.53125,60.041666666666664,38.875
2023-08-06,38.579166666666666,20.041666666666668,224.0,9.379166666666666,8.029166666666667,82.75,0.3204166666666667,16.5,2.595833333333333,64.16666666666667,40.541666666666664
2023-08-07,43.59166666666667,21.337500000000002,193.54166666666666,6.9375,8.875,85.66666666666667,0.3475,22.208333333333332,2.3520833333333333,68.5,45.0
2023-08-08,46.362500000000004,23.0625,185.33333333333334,6.804166666666667,10.433333333333334,85.79166666666667,0.41250000000000003,21.625,2.2,72.58333333333333,51.291666666666664
2023-08-09,51.20416666666667,25.791666666666668,221.83333333333334,6.566666666666666,8.799999999999999,97.79166666666667,0.47583333333333333,23.75,2.3000000000000003,75.625,57.25
2023-08-10,54.512499999999996,28.275000000000002,244.95833333333334,9.0375,11.729166666666666,100.75,0.515,30.041666666666668,2.13125,86.29166666666667,62.291666666666664
2023-08-11,57.208333333333336,29.541666666666668,264.0833333333333,10.166666666666666,11.216666666666667,98.08333333333333,0.4975,35.208333333333336,1.8791666666666664,89.16666666666667,63.0
2023-08-12,45.29583333333333,25.8625,261.3333333333333,10.245833333333334,11.991666666666667,98.29166666666667,0.5170833333333333,22.166666666666668,2.3375,88.33333333333333,62.666666666666664
2023-08-13,47.675000000000004,26.520833333333332,267.4583333333333,10.554166666666667,11.491666666666667,100.91666666666667,0.4575,24.416666666666668,2.21875,88.875,62.291666666666664
2023-08-14,61.92916666666667,33.875,278.3333333333333,9.379166666666666,15.370833333333332,109.875,0.5,26.208333333333332,2.216666666666667,92.58333333333333,64.375
2023-08-15,59.395833333333336,32.37083333333333,253.58333333333334,8.045833333333333,13.35,109.0,0.5695833333333333,22.208333333333332,1.9604166666666665,98.20833333333333,66.79166666666667
2023-08-16,52.729166666666664,27.516666666666666,234.33333333333334,7.916666666666667,11.391666666666666,104.54166666666667,0.4791666666666667,25.125,2.347916666666667,94.5,64.16666666666667
2023-08-17,47.15416666666667,25.1125,239.08333333333334,9.258333333333333,9.641666666666667,94.41666666666667,0.43250000000000005,20.333333333333332,2.3875,83.375,61.708333333333336
2023-08-18,39.17916666666667,20.108333333333334,247.95833333333334,12.554166666666667,9.279166666666667,65.95833333333333,0.355,22.291666666666668,1.925,74.875,54.125
2023-08-19,37.30833333333333,19.5,268.1666666666667,13.704166666666666,10.233333333333333,63.458333333333336,0.37375,20.25,1.9875,65.125,39.75
2023-08-20,29.15833333333333,15.287500000000001,241.625,10.495833333333334,9.141666666666667,74.5,0.3070833333333333,13.833333333333334,2.4208333333333334,62.875,42.083333333333336
2023-08-21,43.86666666666667,23.22083333333333,231.5,6.491666666666667,9.341666666666667,104.16666666666667,0.43291666666666667,15.333333333333334,2.4166666666666665,74.125,47.333333333333336
2023-08-22,36.795833333333334,19.908333333333335,203.25,6.708333333333333,9.604166666666666,99.5,0.43124999999999997,11.125,2.34375,75.83333333333333,52.833333333333336
2023-08-23,41.61666666666667,22.979166666666668,202.625,7.070833333333333,10.9375,103.75,0.41875,11.083333333333334,2.5437499999999997,74.79166666666667,49.708333333333336
2023-08-24,46.70416666666667,24.770833333333332,189.125,5.9624999999999995,10.195833333333333,104.16666666666667,0.38999999999999996,13.541666666666666,2.3125,78.91666666666667,57.833333333333336
2023-08-25,40.583333333333336,21.816666666666666,192.625,6.795833333333333,9.529166666666667,95.33333333333333,0.3333333333333333,10.916666666666666,2.1354166666666665,73.54166666666667,53.75
2023-08-26,40.483333333333334,21.458333333333332,185.91666666666666,7.616666666666667,9.958333333333334,81.16666666666667,0.48333333333333334,14.541666666666666,2.35625,70.66666666666667,48.041666666666664
2023-08-27,26.05,15.745833333333332,214.33333333333334,11.529166666666667,14.387500000000001,81.75,0.24541666666666664,5.5,1.8958333333333333,63.541666666666664,42.333333333333336
2023-08-28,42.95416666666667,26.09166666666667,260.625,11.529166666666667,13.070833333333333,83.33333333333333,0.2916666666666667,7.291666666666667,1.2666666666666666,69.54166666666667,46.708333333333336
2023-08-29,35.895833333333336,21.541666666666668,230.58333333333334,9.279166666666667,12.091666666666667,92.33333333333333,0.33083333333333337,7.0,2.0729166666666665,79.45833333333333,58.416666666666664
2023-08-30,44.6,27.041666666666668,296.125,11.454166666666666,13.304166666666667,116.16666666666667,0.3754166666666667,9.666666666666666,2.6645833333333333,98.20833333333333,57.041666666666664
2023-08-31,38.458333333333336,23.212500000000002,258.5833333333333,10.262500000000001,11.870833333333332,107.04166666666667,0.47333333333333333,6.916666666666667,2.4625,91.33333333333333,60.583333333333336
2023-09-01,37.90416666666667,23.566666666666666,241.33333333333334,7.533333333333334,9.854166666666666,107.79166666666667,0.4679166666666667,3.0833333333333335,2.475,86.29166666666667,59.875
2023-09-02,36.987500000000004,23.141666666666666,250.0,8.808333333333334,11.608333333333334,103.125,0.5070833333333333,1.4583333333333333,2.4208333333333334,82.91666666666667,54.875
2023-09-03,32.68333333333333,21.016666666666666,232.125,9.575000000000001,10.887500000000001,97.08333333333333,0.43416666666666665,4.416666666666667,1.7583333333333335,75.41666666666667,53.583333333333336
2023-09-04,30.71666666666667,20.224999999999998,225.04166666666666,11.558333333333332,11.112499999999999,59.75,0.4383333333333333,7.666666666666667,1.0875,70.29166666666667,46.041666666666664
2023-09-05,26.537499999999998,17.845833333333335,241.45833333333334,13.012500000000001,9.9125,59.458333333333336,0.4254166666666667,6.416666666666667,1.7083333333333333,62.333333333333336,37.708333333333336
2023-09-06,24.166666666666668,15.833333333333334,257.7916666666667,10.5875,9.883333333333333,79.45833333333333,0.35791666666666666,1.125,2.1979166666666665,63.958333333333336,42.333333333333336
2023-09-07,22.170833333333334,14.454166666666666,226.58333333333334,8.775,10.095833333333333,83.16666666666667,0.2275,0.75,2.4291666666666667,61.583333333333336,40.0
2023-09-08,24.05,14.870833333333332,230.33333333333334,9.487499999999999,10.233333333333333,79.5,0.2520833333333333,2.6666666666666665,2.4812499999999997,58.791666666666664,39.041666666666664
2023-09-09,24.05,14.154166666666667,216.375,8.145833333333334,8.875,82.54166666666667,0.23750000000000002,3.25,2.69375,59.416666666666664,39.458333333333336
2023-09-10,27.829166666666666,15.554166666666667,242.08333333333334,10.266666666666667,9.408333333333333,80.04166666666667,0.28125,8.416666666666666,2.1,56.958333333333336,38.125
2023-09-11,26.308333333333334,15.604166666666666,247.375,10.549999999999999,10.179166666666667,80.41666666666667,0.34125,5.375,2.1458333333333335,61.375,39.875
2023-09-12,25.395833333333332,14.8125,236.45833333333334,9.420833333333333,8.862499999999999,81.625,0.27208333333333334,6.333333333333333,2.2312499999999997,59.75,40.5
2023-09-13,29.183333333333334,17.054166666666667,242.75,10.408333333333333,11.6625,83.04166666666667,0.24833333333333332,4.583333333333333,2.3291666666666666,58.375,39.0
2023-09-14,30.366666666666664,17.3,233.25,8.991666666666667,10.241666666666667,83.20833333333333,0.28750000000000003,7.291666666666667,2.3375,65.0,42.875
2023-09-15,25.641666666666666,15.433333333333332,218.95833333333334,8.012500000000001,9.183333333333334,79.375,0.235,3.0,2.5854166666666667,60.541666666666664,40.083333333333336
2023-09-16,24.791666666666668,15.545833333333334,231.875,10.170833333333333,11.833333333333334,75.29166666666667,0.275,0.9166666666666666,2.31875,57.541666666666664,37.625
2023-09-17,29.333333333333332,18.208333333333332,253.91666666666666,10.520833333333334,12.954166666666666,86.0,0.28625,1.9166666666666667,2.5749999999999997,65.375,42.458333333333336
2023-09-18,28.083333333333332,17.520833333333332,254.04166666666666,9.816666666666666,11.841666666666667,89.45833333333333,0.2866666666666667,3.125,2.404166666666667,70.375,44.791666666666664
2023-09-19,26.854166666666668,16.120833333333334,277.5833333333333,10.5,9.633333333333333,90.875,0.25666666666666665,4.416666666666667,2.2395833333333335,71.45833333333333,45.291666666666664
2023-09-20,35.35,21.004166666666666,317.125,12.579166666666666,11.158333333333333,96.58333333333333,0.2654166666666667,5.875,2.379166666666667,74.0,45.875
2023-09-21,35.56666666666667,20.895833333333332,263.2916666666667,9.995833333333334,11.666666666666666,92.91666666666667,0.31875000000000003,5.541666666666667,2.2395833333333335,77.375,51.666666666666664
2023-09-22,31.370833333333334,18.708333333333332,215.45833333333334,7.233333333333333,12.7875,99.125,0.30875,1.75,2.377083333333333,75.125,47.375
2023-09-23,27.5125,16.091666666666665,195.5,7.8500000000000005,11.558333333333332,82.54166666666667,0.395,1.9583333333333333,2.3125,63.416666666666664,41.916666666666664
2023-09-24,26.333333333333332,16.108333333333334,236.91666666666666,9.404166666666667,11.1,96.25,0.28833333333333333,4.541666666666667,2.3854166666666665,64.25,41.958333333333336
2023-09-25,26.508333333333336,16.429166666666667,251.95833333333334,11.1875,11.791666666666666,93.33333333333333,0.26,5.25,2.4604166666666667,68.79166666666667,42.166666666666664
2023-09-26,31.6875,18.8,242.5,10.558333333333334,12.387500000000001,92.66666666666667,0.3441666666666667,9.0,2.3541666666666665,69.58333333333333,43.083333333333336
2023-09-27,35.68333333333333,22.21666666666667,279.0833333333333,11.145833333333334,15.095833333333333,104.375,0.3416666666666666,6.958333333333333,2.502083333333333,91.04166666666667,52.791666666666664
2023-09-28,32.583333333333336,20.191666666666666,274.4583333333333,11.716666666666667,12.541666666666666,92.54166666666667,0.2791666666666667,4.416666666666667,2.3333333333333335,76.75,49.625
2023-09-29,22.008333333333336,13.833333333333334,235.04166666666666,10.225,11.025,79.70833333333333,0.20791666666666667,2.2083333333333335,2.4458333333333333,66.41666666666667,42.916666666666664
2023-09-30,25.208333333333332,16.020833333333332,247.25,10.6625,12.445833333333333,78.58333333333333,0.2529166666666667,1.0416666666666667,2.535416666666667,62.458333333333336,40.208333333333336
2023-10-01,22.120833333333334,13.458333333333334,220.66666666666666,9.6875,10.516666666666667,69.91666666666667,0.19708333333333336,0.3333333333333333,2.3729166666666663,55.5,36.875
2023-10-02,24.195833333333336,14.641666666666666,222.0,9.508333333333333,9.387500000000001,72.04166666666667,0.36125,0.9166666666666666,2.1666666666666665,55.458333333333336,36.083333333333336
2023-10-03,32.108333333333334,19.558333333333334,252.70833333333334,9.475,9.870833333333334,94.20833333333333,0.5366666666666667,2.125,2.0,75.79166666666667,44.333333333333336
2023-10-04,40.94166666666667,24.270833333333332,286.9166666666667,14.983333333333334,13.266666666666666,87.54166666666667,0.6775000000000001,4.958333333333333,2.0229166666666667,74.08333333333333,47.625
2023-10-05,55.395833333333336,33.487500000000004,299.8333333333333,11.966666666666667,14.9625,107.04166666666667,0.8729166666666667,6.5,1.7770833333333333,99.25,65.79166666666667
2023-10-06,54.525,32.9625,284.5416666666667,10.2125,13.075000000000001,110.375,0.8620833333333334,5.125,1.8187499999999999,101.25,65.58333333333333
2023-10-07,52.19166666666666,31.0125,273.4583333333333,9.058333333333334,14.458333333333334,106.54166666666667,0.76375,4.458333333333333,1.9354166666666668,98.625,66.91666666666667
2023-10-08,38.77916666666667,23.03333333333333,230.45833333333334,8.983333333333333,12.520833333333334,88.54166666666667,0.6383333333333333,2.6666666666666665,1.9729166666666667,84.95833333333333,62.5
2023-10-09,29.566666666666666,17.866666666666667,228.125,11.445833333333333,12.862499999999999,65.54166666666667,0.5691666666666667,1.0833333333333333,2.027083333333333,64.54166666666667,41.125
2023-10-10,38.77916666666667,23.891666666666666,244.83333333333334,10.470833333333333,14.854166666666666,90.08333333333333,0.7154166666666667,1.0,1.8291666666666666,72.66666666666667,49.125
2023-10-11,53.25416666666666,33.512499999999996,264.4166666666667,8.908333333333333,17.108333333333334,121.125,0.5879166666666666,1.9583333333333333,1.9312500000000001,104.5,63.125
2023-10-12,39.329166666666666,22.2625,179.95833333333334,6.983333333333333,9.25,77.375,0.3841666666666667,5.041666666666667,2.05625,90.375,64.16666666666667
2023-10-13,54.3125,29.53333333333333,206.33333333333334,7.666666666666667,6.008333333333333,70.45833333333333,0.6283333333333333,18.541666666666668,1.7666666666666666,75.20833333333333,53.0
2023-10-14,45.44166666666666,28.179166666666664,252.66666666666666,10.65,10.504166666666666,75.875,0.7400000000000001,5.791666666666667,1.7104166666666665,85.25,62.791666666666664
2023-10-15,28.96666666666667,18.8125,253.29166666666666,13.241666666666667,13.779166666666667,57.541666666666664,0.6375000000000001,1.9583333333333333,1.45625,80.125,58.708333333333336
2023-10-16,20.733333333333334,13.525,266.3333333333333,12.141666666666666,9.466666666666667,53.625,0.48500000000000004,1.0416666666666667,1.4458333333333335,57.625,31.208333333333332
2023-10-17,50.68333333333334,28.004166666666666,242.20833333333334,7.925,6.966666666666666,71.04166666666667,0.5812499999999999,10.208333333333334,1.8687500000000001,63.25,39.416666666666664
2023-10-18,69.77499999999999,37.104166666666664,260.1666666666667,6.6625000000000005,5.820833333333333,88.25,0.7087499999999999,18.708333333333332,1.7854166666666667,94.75,66.41666666666667
2023-10-19,64.80833333333334,35.4,285.25,8.108333333333333,5.5249999999999995,80.0,0.6420833333333333,16.041666666666668,1.8624999999999998,107.91666666666667,71.0
2023-10-20,64.08749999999999,35.708333333333336,252.625,7.354166666666667,5.154166666666667,75.04166666666667,0.5825,12.916666666666666,1.875,94.70833333333333,66.375
2023-10-21,57.92916666666667,32.50833333333333,255.625,4.6625000000000005,3.6833333333333336,102.41666666666667,0.6820833333333334,4.333333333333333,1.51875,99.75,68.20833333333333
2023-10-22,71.22083333333333,39.375,290.5,5.054166666666666,7.316666666666666,126.0,0.6670833333333334,7.0,1.5895833333333333,95.95833333333333,66.83333333333333
2023-10-23,85.82916666666667,49.18333333333334,376.9583333333333,9.512500000000001,18.433333333333334,160.41666666666666,0.6370833333333333,9.833333333333334,1.925,142.0,77.91666666666667
2023-10-24,80.37083333333334,46.229166666666664,341.125,8.458333333333334,17.724999999999998,155.58333333333334,0.5304166666666666,8.958333333333334,1.84375,151.375,77.79166666666667
2023-10-25,75.35833333333333,43.72083333333333,309.125,8.658333333333333,16.929166666666667,147.45833333333334,0.42583333333333334,7.833333333333333,1.8812499999999999,140.66666666666666,74.83333333333333
2023-10-26,78.97916666666667,46.199999999999996,324.7916666666667,8.9375,15.908333333333333,136.91666666666666,0.5466666666666666,5.208333333333333,1.6041666666666667,134.95833333333334,77.125
2023-10-27,43.67916666666667,26.245833333333334,272.0,6.7124999999999995,5.479166666666667,87.66666666666667,0.4595833333333333,1.125,1.84375,108.125,70.75
2023-10-28,22.266666666666666,13.120833333333332,221.08333333333334,5.608333333333333,5.0,66.04166666666667,0.29541666666666666,0.375,2.06875,62.541666666666664,37.625
2023-10-29,34.00416666666667,19.625,241.79166666666666,5.254166666666666,3.7125,77.41666666666667,0.42166666666666663,1.0,1.625,55.666666666666664,33.083333333333336
2023-10-30,58.50833333333333,34.34166666666667,271.4166666666667,7.0,5.9624999999999995,96.41666666666667,0.9787499999999999,2.1666666666666665,0.8645833333333334,80.33333333333333,56.75
2023-10-31,46.37916666666666,26.645833333333332,246.33333333333334,4.204166666666667,3.2125,96.625,0.5983333333333333,2.4166666666666665,1.625,96.5,67.0
2023-11-01,19.3,11.254166666666668,208.95833333333334,4.529166666666667,2.983333333333333,76.45833333333333,0.26,0.16666666666666666,1.1583333333333334,65.0,40.791666666666664
2023-11-02,10.6,6.016666666666667,186.125,5.1375,3.283333333333333,52.5,0.10666666666666667,0.0,1.2791666666666666,31.0,21.625
2023-11-03,9.387500000000001,5.366666666666667,153.54166666666666,5.233333333333333,3.970833333333333,49.5,0.08333333333333333,0.0,1.8145833333333332,24.333333333333332,19.75
2023-11-04,9.35,5.533333333333334,150.125,6.104166666666667,3.966666666666667,43.25,0.10833333333333334,0.0,0.7479166666666667,24.208333333333332,17.291666666666668
2023-11-05,10.733333333333334,6.8625,213.70833333333334,10.470833333333333,9.7875,51.416666666666664,0.12583333333333332,0.0,1.45625,26.5,20.583333333333332
2023-11-06,10.904166666666667,6.991666666666667,205.04166666666666,9.954166666666667,8.674999999999999,42.458333333333336,0.15291666666666667,0.0,1.7166666666666668,30.791666666666668,17.208333333333332
2023-11-07,9.508333333333333,5.7375,164.70833333333334,5.929166666666667,4.2875000000000005,43.583333333333336,0.12791666666666668,0.0,1.6187500000000001,24.083333333333332,17.458333333333332
2023-11-08,17.3125,10.791666666666666,194.58333333333334,6.233333333333333,4.754166666666666,59.25,0.29416666666666663,0.0,1.5,31.875,23.666666666666668
2023-11-09,27.979166666666668,17.0,200.66666666666666,5.179166666666666,3.9333333333333336,64.45833333333333,0.4608333333333334,0.0,1.3270833333333334,53.5,28.041666666666668
2023-11-10,81.44583333333334,46.262499999999996,294.9583333333333,5.1125,5.683333333333334,106.04166666666667,0.7008333333333333,2.9583333333333335,1.4270833333333333,87.20833333333333,57.333333333333336
2023-11-11,76.82916666666667,43.05833333333334,337.7916666666667,3.9583333333333335,4.570833333333334,108.45833333333333,0.5579166666666667,6.166666666666667,1.6729166666666666,128.58333333333334,77.58333333333333
2023-11-12,100.00416666666666,55.7875,353.875,3.6666666666666665,4.554166666666666,116.66666666666667,0.7533333333333334,9.583333333333334,1.4708333333333332,130.125,77.95833333333333
2023-11-13,101.7,56.354166666666664,341.5416666666667,3.3708333333333336,3.529166666666667,116.95833333333333,0.9216666666666667,7.708333333333333,1.29375,152.66666666666666,88.29166666666667
2023-11-14,40.666666666666664,23.570833333333336,242.79166666666666,3.9958333333333336,2.1750000000000003,97.66666666666667,0.35833333333333334,1.5416666666666667,0.37083333333333335,107.08333333333333,70.08333333333333
2023-11-15,32.275,18.816666666666666,234.66666666666666,3.8666666666666667,2.470833333333333,99.70833333333333,0.29041666666666666,0.08333333333333333,0.5833333333333334,69.70833333333333,46.5
2023-11-16,50.38333333333333,28.745833333333334,295.5,4.954166666666667,5.6000000000000005,104.0,0.46375000000000005,0.125,1.3083333333333333,73.33333333333333,50.291666666666664
2023-11-17,30.78333333333333,17.145833333333332,244.16666666666666,4.508333333333334,4.1875,89.75,0.23458333333333334,0.0,1.7895833333333335,79.79166666666667,56.5
2023-11-18,20.929166666666667,11.208333333333334,201.33333333333334,3.3541666666666665,2.6666666666666665,76.29166666666667,0.14333333333333334,0.0,1.5854166666666665,49.416666666666664,31.0
2023-11-19,22.679166666666664,12.466666666666667,191.125,3.4625,2.7291666666666665,73.66666666666667,0.14375000000000002,0.0,1.9749999999999999,47.041666666666664,29.5
2023-11-20,14.416666666666666,8.116666666666667,168.70833333333334,4.425,2.6958333333333333,63.916666666666664,0.09875,0.0,0.46458333333333335,47.375,25.833333333333332
2023-11-21,11.012500000000001,6.5,160.83333333333334,7.016666666666667,5.079166666666667,44.375,0.0825,0.0,0.8062499999999999,27.541666666666668,17.75
2023-11-22,14.316666666666668,8.1625,193.41666666666666,6.420833333333333,4.495833333333334,59.541666666666664,0.12833333333333333,0.0,1.23125,29.875,23.791666666666668
2023-11-23,13.375,7.945833333333333,225.125,7.8500000000000005,5.870833333333334,59.083333333333336,0.14416666666666667,0.0,0.8520833333333333,35.541666666666664,23.625
2023-11-24,11.7875,6.8,205.75,5.925,3.8541666666666665,58.5,0.11708333333333333,0.0,1.4625000000000001,30.333333333333332,23.458333333333332
2023-11-25,39.4,22.358333333333334,216.0,3.516666666666666,2.891666666666667,79.70833333333333,0.40875,0.5833333333333334,1.2395833333333333,46.416666666666664,33.458333333333336
2023-11-26,38.6625,22.02916666666667,223.875,3.579166666666667,2.6541666666666663,80.66666666666667,0.3925,0.75,1.4416666666666667,78.70833333333333,58.708333333333336
2023-11-27,30.25,16.900000000000002,208.54166666666666,4.8625,3.3874999999999997,67.0,0.24625,0.2916666666666667,1.5854166666666665,62.583333333333336,36.125
2023-11-28,25.583333333333332,14.233333333333334,193.20833333333334,4.75,3.329166666666667,68.83333333333333,0.22333333333333336,0.5416666666666666,1.3666666666666665,60.875,34.291666666666664
2023-11-29,10.9375,6.2375,188.375,4.6875,3.3625000000000003,60.833333333333336,0.10541666666666667,0.0,1.2375,38.583333333333336,25.125
2023-11-30,15.395833333333334,8.75,201.45833333333334,4.404166666666667,3.0749999999999997,65.04166666666667,0.13833333333333334,0.0,1.21875,32.75,25.916666666666668
2023-12-01,28.745833333333334,16.104166666666668,201.95833333333334,3.0124999999999997,2.5208333333333335,73.58333333333333,0.27999999999999997,0.125,1.5645833333333334,42.875,29.25
2023-12-02,25.883333333333336,14.179166666666667,188.20833333333334,2.5375,1.8416666666666668,72.04166666666667,0.22791666666666666,0.125,0.9104166666666665,62.75,36.166666666666664
2023-12-03,19.329166666666666,10.404166666666667,155.29166666666666,2.308333333333333,1.5416666666666667,56.583333333333336,0.13,0.0,0.5895833333333333,45.833333333333336,23.208333333333332
2023-12-04,13.383333333333333,7.6499999999999995,200.08333333333334,5.266666666666667,3.8791666666666664,55.791666666666664,0.11333333333333334,0.0,0.125,41.291666666666664,22.291666666666668
2023-12-05,25.083333333333332,15.379166666666668,312.0416666666667,11.033333333333333,9.375,76.79166666666667,0.22416666666666665,0.0,0.7583333333333333,39.041666666666664,32.083333333333336
2023-12-06,27.733333333333334,16.625,285.0416666666667,8.6125,12.841666666666667,102.33333333333333,0.465,0.0,1.4416666666666667,64.79166666666667,43.958333333333336
2023-12-07,19.7375,11.579166666666666,246.41666666666666,8.825000000000001,9.229166666666666,87.54166666666667,0.345,0.0,1.2145833333333333,55.541666666666664,37.625
2023-12-08,19.2,11.495833333333332,236.41666666666666,6.495833333333334,4.6625000000000005,66.75,0.32708333333333334,0.0,1.3895833333333334,48.541666666666664,27.041666666666668
2023-12-09,31.837500000000002,19.224999999999998,225.04166666666666,4.920833333333333,3.8125,74.75,0.42333333333333334,0.0,1.4145833333333335,55.666666666666664,32.541666666666664
2023-12-10,35.454166666666666,21.229166666666668,243.66666666666666,4.304166666666666,4.058333333333334,81.75,0.39875,0.0,1.59375,67.70833333333333,41.541666666666664
2023-12-11,39.7125,23.2,259.5416666666667,4.095833333333333,4.454166666666667,90.125,0.4825,0.0,1.3291666666666668,71.16666666666667,47.666666666666664
2023-12-12,54.65,32.12083333333333,274.7083333333333,4.8,5.2,102.29166666666667,0.5458333333333333,0.0,1.2249999999999999,83.29166666666667,61.291666666666664
2023-12-13,61.4125,35.74583333333333,284.0,4.820833333333334,5.3,106.58333333333333,0.6754166666666667,0.8333333333333334,1.1541666666666666,97.375,67.41666666666667
2023-12-14,58.550000000000004,33.016666666666666,267.7916666666667,3.875,4.379166666666666,110.16666666666667,0.5716666666666667,0.9166666666666666,1.2645833333333334,97.08333333333333,67.29166666666667
2023-12-15,58.00833333333333,32.50416666666667,270.5,3.5375,3.6958333333333333,104.375,0.6133333333333334,0.0,0.6875,95.66666666666667,66.91666666666667
2023-12-16,58.30416666666667,32.725,259.8333333333333,3.029166666666667,3.6625,108.66666666666667,0.56375,0.20833333333333334,1.1229166666666666,93.79166666666667,66.0
2023-12-17,60.125,33.92916666666667,246.58333333333334,2.7541666666666664,4.754166666666666,122.75,0.42333333333333334,1.0,1.5354166666666667,93.04166666666667,65.70833333333333
2023-12-18,63.9375,36.61666666666667,244.16666666666666,2.908333333333333,4.395833333333333,115.79166666666667,0.5645833333333333,1.0,1.4520833333333334,100.625,68.5
2023-12-19,64.04166666666667,36.72083333333333,233.95833333333334,2.891666666666667,3.795833333333333,111.83333333333333,0.53125,1.0,1.3604166666666666,106.70833333333333,70.41666666666667
2023-12-20,78.04166666666667,44.21666666666667,282.7083333333333,3.283333333333333,4.354166666666667,124.5,0.6404166666666666,1.0,1.3499999999999999,106.04166666666667,70.33333333333333
2023-12-21,91.47500000000001,52.22083333333333,341.2083333333333,3.6750000000000003,8.075000000000001,128.75,0.7712500000000001,1.0,1.2958333333333334,133.29166666666666,79.04166666666667
2023-12-22,83.08333333333333,48.02916666666667,357.875,4.7625,9.379166666666666,125.45833333333333,0.6625,1.0,1.2604166666666667,138.16666666666666,80.66666666666667
2023-12-23,67.13333333333334,39.2,324.5416666666667,5.229166666666667,6.545833333333333,121.625,0.5045833333333333,1.5,1.460416666666667,123.20833333333333,75.75
2023-12-24,45.5875,26.445833333333336,251.16666666666666,3.8041666666666667,3.091666666666667,99.75,0.42583333333333334,0.6666666666666666,0.9291666666666667,95.08333333333333,66.54166666666667
2023-12-25,29.995833333333334,17.108333333333334,216.54166666666666,3.154166666666667,2.629166666666667,82.875,0.2783333333333333,0.0,1.6333333333333335,68.25,44.0
2023-12-26,29.34166666666667,16.8,203.95833333333334,3.8791666666666664,2.7708333333333335,71.04166666666667,0.20958333333333334,0.3333333333333333,1.6208333333333333,61.166666666666664,34.375
2023-12-27,34.30833333333333,19.525000000000002,216.33333333333334,3.2875,2.5833333333333335,82.625,0.25666666666666665,0.9166666666666666,1.7437500000000001,63.166666666666664,36.5
2023-12-28,34.475,19.4375,222.33333333333334,3.2416666666666667,2.7875,81.70833333333333,0.30583333333333335,0.5833333333333334,1.5895833333333333,65.875,38.875
2023-12-29,32.233333333333334,17.941666666666666,225.5,3.3958333333333335,2.8625000000000003,77.45833333333333,0.30291666666666667,1.0,1.2791666666666666,63.25,36.458333333333336
2023-12-30,56.050000000000004,32.36666666666667,284.375,3.5625,4.554166666666666,97.91666666666667,0.39749999999999996,1.5,1.5979166666666667,76.54166666666667,52.833333333333336
2023-12-31,67.94583333333334,39.920833333333334,313.0833333333333,4.733333333333333,4.75,99.20833333333333,0.48833333333333334,2.0833333333333335,1.5,100.875,68.625
2024-01-01,84.27083333333333,49.59166666666667,340.5833333333333,4.858333333333333,5.1000000000000005,108.95833333333333,0.72375,2.375,1.2437500000000001,129.66666666666666,77.83333333333333
2024-01-02,70.39999999999999,40.80416666666667,335.0,5.129166666666666,4.729166666666667,114.5,0.5845833333333333,1.5,1.3458333333333332,118.375,74.29166666666667
2024-01-03,57.979166666666664,33.358333333333334,260.7916666666667,4.954166666666667,3.454166666666667,98.75,0.5533333333333333,2.0,1.3604166666666666,109.20833333333333,71.29166666666667
2024-01-04,50.00833333333333,28.55,235.29166666666666,4.808333333333334,3.329166666666667,92.29166666666667,0.5970833333333333,1.375,1.1770833333333333,84.33333333333333,62.541666666666664
2024-01-05,43.90416666666667,25.275000000000002,250.95833333333334,5.808333333333334,3.954166666666667,88.95833333333333,0.46374999999999994,1.1666666666666667,0.8229166666666666,86.95833333333333,63.458333333333336
2024-01-06,39.333333333333336,21.829166666666666,180.625,3.0708333333333333,2.4208333333333334,82.33333333333333,0.40958333333333335,1.0,1.1270833333333334,74.29166666666667,53.458333333333336
2024-01-07,32.2875,17.962500000000002,184.58333333333334,3.6958333333333333,2.2291666666666665,76.08333333333333,0.26166666666666666,0.16666666666666666,0.6041666666666666,66.16666666666667,39.875
2024-01-08,38.17916666666667,21.900000000000002,225.5,3.9791666666666665,2.5375,80.83333333333333,0.3225,0.20833333333333334,0.45625,62.833333333333336,36.166666666666664
2024-01-09,58.875,34.74166666666667,289.5833333333333,3.4375,3.141666666666667,95.33333333333333,0.46625,0.4583333333333333,1.575,86.66666666666667,62.375
2024-01-10,52.3125,31.145833333333332,297.125,4.970833333333333,3.775,89.75,0.41375,1.0,1.54375,93.5,66.08333333333333
2024-01-11,54.59583333333333,33.21666666666666,310.375,5.154166666666667,4.95,86.95833333333333,0.43,1.25,1.8104166666666666,94.45833333333333,66.33333333333333
2024-01-12,80.70416666666667,47.84166666666667,374.5416666666667,6.179166666666667,7.879166666666666,109.58333333333333,0.7366666666666667,0.6666666666666666,1.4895833333333333,110.41666666666667,71.75
2024-01-13,104.5125,62.86666666666667,482.25,8.491666666666667,8.883333333333335,120.91666666666667,1.09,0.0,1.2520833333333334,145.91666666666666,84.16666666666667
2024-01-14,106.0125,66.275,527.375,11.591666666666667,9.133333333333333,102.75,0.995,0.0,1.3541666666666667,156.0,93.625
2024-01-15,86.55,52.94166666666666,447.0833333333333,10.379166666666666,8.145833333333334,105.08333333333333,0.7379166666666667,0.0,1.5291666666666668,152.29166666666666,88.29166666666667
2024-01-16,42.9375,25.45,325.1666666666667,10.804166666666667,9.470833333333333,97.08333333333333,0.345,0.0,1.7854166666666667,112.5,72.20833333333333
2024-01-17,29.400000000000002,17.879166666666666,290.625,12.291666666666666,9.433333333333334,79.875,0.22916666666666666,0.0,1.9541666666666666,67.625,44.166666666666664
2024-01-18,22.15416666666667,13.270833333333334,218.08333333333334,7.770833333333333,6.445833333333333,70.20833333333333,0.20041666666666666,0.0,1.98125,55.833333333333336,31.583333333333332
2024-01-19,28.320833333333336,17.129166666666666,211.95833333333334,6.9624999999999995,4.7625,61.458333333333336,0.44249999999999995,0.0,1.6125,55.0,29.125
2024-01-20,28.8,17.304166666666667,238.58333333333334,6.629166666666666,4.3,63.916666666666664,0.3466666666666667,0.0,1.8520833333333335,63.791666666666664,36.875
2024-01-21,22.204166666666666,13.225,227.66666666666666,7.308333333333334,5.5375000000000005,68.79166666666667,0.30375,0.0,1.8729166666666666,56.0,31.041666666666668
2024-01-22,30.133333333333336,18.533333333333335,276.7916666666667,10.520833333333334,6.9750000000000005,71.41666666666667,0.31875000000000003,0.0,1.8958333333333333,58.041666666666664,32.666666666666664
2024-01-23,40.4125,24.6125,296.7083333333333,9.945833333333333,6.020833333333333,79.58333333333333,0.43250000000000005,1.0833333333333333,1.60625,69.08333333333333,45.041666666666664
2024-01-24,41.67916666666667,25.170833333333334,281.375,7.8500000000000005,5.404166666666666,82.29166666666667,0.39083333333333337,1.2083333333333333,1.7916666666666667,77.95833333333333,59.666666666666664
2024-01-25,40.875,25.0125,292.0416666666667,7.5625,5.441666666666666,76.625,0.41083333333333333,0.5416666666666666,1.6979166666666667,79.625,60.625
2024-01-26,41.42916666666667,25.645833333333332,302.0833333333333,7.316666666666666,4.733333333333333,68.33333333333333,0.4025,0.5,1.6729166666666666,77.5,59.208333333333336
2024-01-27,38.35,23.083333333333332,248.25,4.504166666666666,3.404166666666667,77.29166666666667,0.41291666666666665,1.2083333333333333,1.7979166666666666,75.75,55.75
2024-01-28,56.025,33.93333333333333,316.3333333333333,4.504166666666666,4.191666666666666,98.04166666666667,0.5270833333333333,1.6666666666666667,1.6583333333333332,81.29166666666667,59.416666666666664
2024-01-29,61.15416666666667,33.67916666666667,325.1666666666667,4.3625,6.491666666666667,121.29166666666667,0.36791666666666667,8.166666666666666,1.9895833333333333,102.75,69.20833333333333
2024-01-30,40.4,22.599999999999998,249.29166666666666,4.858333333333333,4.5,89.75,0.3204166666666667,5.583333333333333,1.8812499999999999,85.625,62.583333333333336
2024-01-31,27.141666666666666,15.658333333333333,216.41666666666666,5.625,4.983333333333333,70.20833333333333,0.29916666666666664,2.8333333333333335,1.7437500000000001,63.875,37.791666666666664
2024-02-01,21.983333333333334,13.041666666666666,223.875,6.470833333333334,5.679166666666667,57.958333333333336,0.3729166666666666,1.3333333333333333,1.6624999999999999,53.833333333333336,28.166666666666668
2024-02-02,21.229166666666668,12.758333333333333,244.08333333333334,6.858333333333333,5.583333333333333,57.25,0.3645833333333333,0.375,1.9083333333333334,51.333333333333336,26.75
2024-02-03,32.96666666666667,20.020833333333332,208.33333333333334,5.691666666666666,4.916666666666667,62.75,0.39999999999999997,1.3333333333333333,1.9583333333333333,58.625,32.25
2024-02-04,24.175,14.65,191.04166666666666,5.9624999999999995,4.920833333333333,58.5,0.32416666666666666,1.0,2.0833333333333335,64.70833333333333,38.041666666666664
2024-02-05,29.208333333333332,17.104166666666668,176.08333333333334,6.116666666666667,4.591666666666667,63.375,0.3145833333333333,1.625,2.1374999999999997,51.875,28.208333333333332
2024-02-06,61.800000000000004,34.62916666666667,258.7083333333333,8.366666666666667,6.3625,76.58333333333333,0.37958333333333333,14.375,2.01875,84.0,58.291666666666664
2024-02-07,50.4625,24.416666666666668,283.5833333333333,10.112499999999999,8.049999999999999,74.54166666666667,0.205,30.5,2.2604166666666665,89.33333333333333,64.54166666666667
2024-02-08,45.14166666666667,21.583333333333332,294.1666666666667,12.829166666666666,9.095833333333333,71.16666666666667,0.23124999999999998,32.25,2.15,72.41666666666667,54.083333333333336
2024-02-09,40.766666666666666,20.5,215.04166666666666,6.425,5.620833333333334,67.08333333333333,0.3745833333333333,24.25,2.1125000000000003,68.20833333333333,46.583333333333336
2024-02-10,70.45,40.43333333333333,275.0,5.425,4.516666666666667,91.0,0.62875,10.583333333333334,1.8541666666666667,84.79166666666667,59.0
2024-02-11,63.23333333333333,34.24583333333333,255.29166666666666,4.4375,4.579166666666667,108.95833333333333,0.4166666666666667,15.833333333333334,2.129166666666667,114.125,72.95833333333333
2024-02-12,32.97083333333333,18.45,203.58333333333334,4.808333333333334,3.829166666666667,92.625,0.19125,2.3333333333333335,2.252083333333333,76.58333333333333,51.875
2024-02-13,31.516666666666666,18.55,227.04166666666666,4.583333333333333,3.4499999999999997,81.5,0.2608333333333333,1.75,1.9979166666666666,64.58333333333333,37.666666666666664
2024-02-14,35.025,19.904166666666665,236.79166666666666,3.9375,3.3333333333333335,87.25,0.23375,6.166666666666667,2.3666666666666667,63.708333333333336,37.333333333333336
2024-02-15,45.083333333333336,25.675,240.29166666666666,4.733333333333333,4.3500000000000005,92.70833333333333,0.29333333333333333,5.458333333333333,2.1875,74.29166666666667,52.875
2024-02-16,31.474999999999998,18.091666666666665,223.0,4.3625,3.658333333333333,85.29166666666667,0.20875,1.9583333333333333,2.4,70.79166666666667,47.625
2024-02-17,32.25833333333333,19.1125,236.58333333333334,5.329166666666667,3.9458333333333333,82.125,0.19666666666666666,1.8333333333333333,2.3229166666666665,62.833333333333336,36.875
2024-02-18,37.42916666666667,21.983333333333334,259.9166666666667,7.670833333333333,5.658333333333334,75.75,0.18666666666666668,5.75,2.402083333333333,71.125,47.958333333333336
2024-02-19,40.43333333333333,23.020833333333332,230.75,5.804166666666667,4.9125000000000005,76.0,0.24875,9.0,2.2895833333333333,69.20833333333333,44.208333333333336
2024-02-20,43.77916666666667,26.379166666666666,248.5,5.808333333333334,5.370833333333334,83.58333333333333,0.33,4.5,2.1875,78.0,58.416666666666664
2024-02-21,39.43333333333333,23.704166666666666,231.0,5.083333333333333,5.2,85.16666666666667,0.37041666666666667,2.0416666666666665,2.225,77.70833333333333,58.75
2024-02-22,36.295833333333334,21.349999999999998,201.95833333333334,4.429166666666666,5.083333333333333,76.91666666666667,0.5366666666666667,1.125,2.152083333333333,73.375,51.875
2024-02-23,41.38333333333333,24.179166666666664,219.58333333333334,3.8958333333333335,4.795833333333333,80.70833333333333,0.6995833333333333,1.0,1.825,70.95833333333333,48.083333333333336
2024-02-24,38.50833333333333,22.391666666666666,189.95833333333334,3.6458333333333335,4.208333333333333,71.58333333333333,0.52,1.0,2.20625,76.04166666666667,56.708333333333336
2024-02-25,36.625,20.791666666666668,177.70833333333334,3.7875,4.070833333333334,68.83333333333333,0.43375,1.625,2.3229166666666665,68.45833333333333,42.75
2024-02-26,37.13333333333333,21.104166666666668,181.66666666666666,3.016666666666667,2.8375,64.875,0.27625,0.2916666666666667,2.38125,70.45833333333333,46.666666666666664
2024-02-27,32.09166666666667,18.854166666666668,195.04166666666666,3.4291666666666667,3.0,69.625,0.2504166666666667,0.3333333333333333,2.4520833333333334,65.58333333333333,38.916666666666664
2024-02-28,38.920833333333334,23.8875,212.375,4.125,3.4583333333333335,73.33333333333333,0.2020833333333333,1.9583333333333333,2.6,71.25,48.208333333333336
2024-02-29,38.7,24.34166666666667,230.20833333333334,5.1000000000000005,4.491666666666666,77.41666666666667,0.2725,1.9583333333333333,2.6,74.75,54.333333333333336
2024-03-01,44.01666666666667,28.008333333333336,227.04166666666666,6.041666666666667,4.858333333333333,73.25,0.35375,3.0,2.55625,79.875,60.5
2024-03-02,59.7125,37.49583333333333,256.6666666666667,8.166666666666666,6.9624999999999995,79.20833333333333,0.3925,5.416666666666667,2.216666666666667,95.41666666666667,66.625
2024-03-03,63.50833333333333,33.579166666666666,234.04166666666666,4.2749999999999995,5.333333333333333,90.04166666666667,0.28833333333333333,25.916666666666668,2.6020833333333333,101.75,68.875
2024-03-04,49.824999999999996,27.099999999999998,221.29166666666666,5.058333333333333,5.845833333333334,82.0,0.29583333333333334,16.791666666666668,2.5625,88.58333333333333,64.125
2024-03-05,40.775,23.316666666666666,214.29166666666666,5.616666666666667,6.754166666666666,78.25,0.3433333333333333,6.708333333333333,2.5875,78.70833333333333,59.625
2024-03-06,35.295833333333334,20.504166666666666,209.875,6.0625,6.066666666666666,70.5,0.3725,5.25,2.5166666666666666,68.91666666666667,43.75
2024-03-07,35.87083333333333,20.89166666666667,189.04166666666666,4.7749999999999995,5.108333333333333,66.20833333333333,0.38916666666666666,4.875,2.4770833333333333,68.79166666666667,43.25
2024-03-08,48.5375,28.974999999999998,192.625,4.195833333333334,5.566666666666666,69.95833333333333,0.49416666666666664,5.458333333333333,2.2645833333333334,78.41666666666667,56.75
2024-03-09,39.67916666666667,23.72083333333333,202.0,4.091666666666667,5.383333333333333,70.95833333333333,0.5095833333333334,2.5833333333333335,2.4270833333333335,81.41666666666667,61.083333333333336
2024-03-10,44.862500000000004,26.795833333333334,188.08333333333334,3.941666666666667,4.733333333333333,69.375,0.50625,3.5416666666666665,2.439583333333333,73.83333333333333,52.833333333333336
2024-03-11,51.09166666666667,28.8,222.29166666666666,4.083333333333333,5.166666666666667,86.58333333333333,0.5795833333333333,7.208333333333333,2.341666666666667,88.875,64.16666666666667
2024-03-12,41.67916666666667,21.9375,208.33333333333334,5.325,6.25,94.0,0.5499999999999999,11.333333333333334,2.316666666666667,75.75,55.375
2024-03-13,51.25833333333333,28.045833333333334,198.29166666666666,4.658333333333333,5.866666666666667,97.29166666666667,0.5499999999999999,9.666666666666666,2.3562499999999997,75.29166666666667,54.875
2024-03-14,44.27916666666667,23.5,191.08333333333334,4.054166666666666,5.8374999999999995,96.29166666666667,0.5675,9.375,2.3520833333333333,82.0,61.333333333333336
2024-03-15,36.12916666666667,19.770833333333332,177.16666666666666,4.145833333333333,4.9750000000000005,78.20833333333333,0.5170833333333333,5.375,2.2708333333333335,71.29166666666667,48.041666666666664
2024-03-16,26.3125,14.633333333333333,164.20833333333334,3.4458333333333333,4.004166666666666,64.04166666666667,0.3720833333333333,1.2083333333333333,2.466666666666667,60.708333333333336,34.0
2024-03-17,20.5,11.258333333333333,143.83333333333334,3.8249999999999997,4.383333333333334,55.666666666666664,0.3329166666666667,2.0,2.5770833333333334,52.708333333333336,26.833333333333332
2024-03-18,31.729166666666668,17.675,184.375,4.2749999999999995,4.925,64.20833333333333,0.35250000000000004,3.875,2.525,49.875,27.75
2024-03-19,61.44166666666666,34.00833333333333,200.41666666666666,3.8333333333333335,4.841666666666667,69.75,0.42875,12.541666666666666,2.4229166666666666,81.20833333333333,56.625
2024-03-20,44.67916666666667,25.383333333333336,179.83333333333334,3.2875,4.375,71.125,0.33416666666666667,5.791666666666667,2.5104166666666665,91.375,65.08333333333333
2024-03-21,35.55416666666667,20.599999999999998,175.54166666666666,3.204166666666667,3.4375,63.333333333333336,0.3545833333333333,2.3333333333333335,2.5083333333333333,70.29166666666667,46.166666666666664
2024-03-22,42.137499999999996,24.97083333333333,214.41666666666666,5.104166666666667,5.2749999999999995,64.5,0.34041666666666665,1.7083333333333333,2.5500000000000003,74.125,53.333333333333336
2024-03-23,38.733333333333334,23.370833333333334,239.95833333333334,4.966666666666667,5.483333333333333,66.70833333333333,0.29958333333333337,1.25,2.69375,76.45833333333333,57.5
2024-03-24,36.704166666666666,21.929166666666664,249.625,4.783333333333333,4.920833333333333,64.375,0.32458333333333333,1.7916666666666667,2.620833333333333,72.0,49.375
2024-03-25,30.045833333333334,17.345833333333335,232.08333333333334,5.566666666666666,5.404166666666666,62.083333333333336,0.3254166666666667,3.25,2.6416666666666666,67.375,41.708333333333336
2024-03-26,25.020833333333332,14.3375,228.29166666666666,6.3500000000000005,5.279166666666667,59.625,0.22333333333333336,3.0833333333333335,2.9270833333333335,58.041666666666664,31.625
2024-03-27,27.8125,16.404166666666665,223.45833333333334,5.533333333333334,5.5,53.083333333333336,0.22458333333333333,1.0,2.90625,56.125,29.666666666666668
2024-03-28,29.95,18.233333333333334,217.04166666666666,5.945833333333333,6.0874999999999995,55.416666666666664,0.2775,1.9166666666666667,2.8000000000000003,62.208333333333336,35.5
2024-03-29,31.058333333333334,18.304166666666667,221.33333333333334,4.5125,4.895833333333333,57.291666666666664,0.3025,4.25,2.7937499999999997,62.0,35.208333333333336
2024-03-30,26.02916666666667,15.125,208.79166666666666,4.891666666666667,4.770833333333333,60.5,0.1875,2.0833333333333335,2.8833333333333333,62.0,35.333333333333336
2024-03-31,19.958333333333332,11.529166666666667,183.58333333333334,4.375,4.854166666666667,51.083333333333336,0.12333333333333334,0.7916666666666666,2.9270833333333335,51.041666666666664,26.0
2024-04-01,20.666666666666668,12.095833333333333,185.29166666666666,4.566666666666666,5.266666666666667,46.166666666666664,0.11916666666666666,0.20833333333333334,2.93125,49.0,24.208333333333332
2024-04-02,24.595833333333335,14.504166666666668,172.41666666666666,4.175,4.920833333333333,42.666666666666664,0.15208333333333332,0.25,2.908333333333333,52.166666666666664,26.0
2024-04-03,22.05,12.895833333333334,151.375,4.104166666666667,4.504166666666666,43.625,0.18500000000000003,0.0,2.8020833333333335,55.791666666666664,29.416666666666668
2024-04-04,16.504166666666666,9.454166666666667,150.41666666666666,4.75,4.745833333333334,45.125,0.14208333333333334,0.0,2.9916666666666667,44.833333333333336,23.375
2024-04-05,15.333333333333334,8.870833333333334,151.79166666666666,5.441666666666666,5.658333333333334,47.833333333333336,0.24208333333333334,1.0833333333333333,2.8000000000000003,37.375,21.5
2024-04-06,23.745833333333334,13.341666666666667,176.33333333333334,5.9125000000000005,5.491666666666667,61.125,0.47500000000000003,3.75,2.4895833333333335,40.875,26.75
2024-04-07,30.445833333333336,17.2375,168.625,5.329166666666667,4.941666666666666,55.583333333333336,0.25958333333333333,3.75,2.8354166666666667,59.041666666666664,32.416666666666664
2024-04-08,29.474999999999998,17.395833333333332,157.04166666666666,4.104166666666667,4.5125,53.125,0.29291666666666666,1.7083333333333333,2.720833333333333,60.708333333333336,34.208333333333336
2024-04-09,52.53333333333333,29.0125,170.16666666666666,3.3375,4.2250000000000005,57.291666666666664,0.48374999999999996,10.375,2.4479166666666665,72.0,48.708333333333336
2024-04-10,60.99166666666667,34.12916666666667,211.5,4.954166666666667,4.879166666666666,64.45833333333333,0.44208333333333333,7.708333333333333,2.6,93.41666666666667,66.08333333333333
2024-04-11,46.84583333333333,27.145833333333332,235.16666666666666,5.966666666666666,5.454166666666667,64.08333333333333,0.36166666666666664,3.9583333333333335,2.7395833333333335,93.83333333333333,66.08333333333333
2024-04-12,28.504166666666666,16.254166666666666,193.20833333333334,3.1,3.5625,69.33333333333333,0.32083333333333336,1.7916666666666667,2.7270833333333333,67.75,43.25
2024-04-13,33.15,19.5,214.70833333333334,4.2124999999999995,4.570833333333334,71.75,0.42208333333333337,1.625,2.5875,60.666666666666664,34.041666666666664
2024-04-14,52.75,31.695833333333336,240.08333333333334,5.9375,5.966666666666666,75.83333333333333,0.39125000000000004,2.4166666666666665,2.49375,81.70833333333333,58.0
2024-04-15,30.849999999999998,18.837500000000002,225.20833333333334,6.883333333333333,5.845833333333334,63.666666666666664,0.2591666666666667,1.0,2.7708333333333335,78.54166666666667,54.75
2024-04-16,32.37083333333333,19.695833333333333,240.33333333333334,7.6125,7.220833333333334,63.458333333333336,0.25666666666666665,1.0,2.8354166666666667,63.25,37.5
2024-04-17,34.94166666666667,20.416666666666668,185.91666666666666,4.7625,5.091666666666667,56.958333333333336,0.44375000000000003,1.4166666666666667,2.5395833333333333,67.83333333333333,41.625
2024-04-18,33.84583333333333,19.354166666666668,173.91666666666666,4.670833333333333,6.3,74.79166666666667,0.5529166666666666,1.3333333333333333,2.5500000000000003,65.875,42.166666666666664
2024-04-19,26.9375,15.233333333333334,162.66666666666666,4.479166666666667,6.233333333333333,81.625,0.42333333333333334,0.625,2.6041666666666665,62.25,37.833333333333336
2024-04-20,30.608333333333334,17.391666666666666,175.70833333333334,4.183333333333334,5.4125000000000005,88.25,0.32125,1.2083333333333333,2.566666666666667,58.75,38.083333333333336
2024-04-21,23.079166666666666,12.495833333333332,140.125,3.9875000000000003,4.879166666666666,76.29166666666667,0.21125000000000002,2.125,2.6374999999999997,56.416666666666664,32.541666666666664
2024-04-22,26.254166666666666,13.325000000000001,138.875,4.5874999999999995,5.108333333333333,66.29166666666667,0.20041666666666666,7.833333333333333,2.8854166666666665,51.833333333333336,28.375
2024-04-23,22.7,11.720833333333333,143.875,4.6625,5.066666666666666,59.458333333333336,0.23375,5.0,2.8395833333333336,52.25,27.666666666666668
2024-04-24,18.233333333333334,9.7875,148.95833333333334,5.504166666666666,6.083333333333333,60.666666666666664,0.3229166666666667,2.5416666666666665,2.7416666666666667,44.208333333333336,25.875
2024-04-25,17.129166666666666,8.262500000000001,134.95833333333334,4.983333333333333,5.141666666666667,51.208333333333336,0.43,6.083333333333333,2.6333333333333333,36.791666666666664,21.083333333333332
2024-04-26,21.583333333333332,10.095833333333333,144.91666666666666,5.095833333333333,5.291666666666667,50.541666666666664,0.32166666666666666,9.458333333333334,2.65625,37.041666666666664,21.625
2024-04-27,22.5625,11.804166666666667,153.875,4.570833333333334,5.733333333333333,56.916666666666664,0.29916666666666664,4.666666666666667,2.733333333333333,46.708333333333336,25.5
2024-04-28,15.700000000000001,9.229166666666666,153.91666666666666,4.375,5.470833333333334,49.833333333333336,0.2175,0.4166666666666667,2.8708333333333336,43.083333333333336,23.375
2024-04-29,15.345833333333333,9.016666666666667,129.54166666666666,3.7416666666666667,4.891666666666667,39.208333333333336,0.2020833333333333,0.0,2.8520833333333333,40.291666666666664,20.166666666666668
2024-04-30,17.945833333333333,10.529166666666667,126.58333333333333,3.7416666666666667,4.825,40.125,0.17875,0.0,2.7854166666666664,38.791666666666664,20.208333333333332
2024-05-01,19.579166666666666,11.279166666666667,149.54166666666666,4.408333333333333,6.875,71.66666666666667,0.23666666666666666,0.0,2.6333333333333333,47.125,32.875
2024-05-02,24.6125,13.729166666666666,162.79166666666666,4.145833333333333,5.070833333333334,81.58333333333333,0.3516666666666666,0.0,2.5854166666666667,47.041666666666664,33.041666666666664
2024-05-03,34.475,19.933333333333334,168.04166666666666,4.495833333333334,5.895833333333333,80.91666666666667,0.4691666666666667,0.7083333333333334,2.566666666666667,60.875,37.083333333333336
2024-05-04,28.554166666666664,16.275000000000002,164.0,4.445833333333334,5.483333333333333,77.75,0.48416666666666663,0.4166666666666667,2.5729166666666665,66.04166666666667,39.75
2024-05-05,31.458333333333332,18.01666666666667,170.5,4.1875,5.208333333333333,82.75,0.5475,1.3333333333333333,2.3229166666666665,59.166666666666664,35.833333333333336
2024-05-06,37.72083333333333,21.604166666666668,160.91666666666666,4.2250000000000005,6.495833333333334,98.45833333333333,0.48833333333333334,2.9166666666666665,2.375,65.58333333333333,43.916666666666664
2024-05-07,33.22083333333333,19.104166666666668,153.91666666666666,3.5875000000000004,4.795833333333333,87.95833333333333,0.4595833333333333,2.5416666666666665,2.0229166666666667,70.25,46.291666666666664
2024-05-08,19.858333333333334,11.091666666666667,155.91666666666666,6.433333333333334,10.975,82.375,0.35833333333333334,1.0833333333333333,2.379166666666667,57.208333333333336,37.208333333333336
2024-05-09,16.5125,9.108333333333333,113.625,3.7458333333333336,4.4875,51.291666666666664,0.24666666666666667,0.20833333333333334,2.2875,38.875,21.75
2024-05-10,16.0625,8.9125,110.91666666666667,3.275,4.520833333333333,47.458333333333336,0.23,0.0,2.6104166666666666,39.791666666666664,20.083333333333332
2024-05-11,11.104166666666666,6.345833333333334,113.25,4.158333333333333,5.354166666666667,51.041666666666664,0.11291666666666667,0.0,2.720833333333333,32.25,20.708333333333332
2024-05-12,11.9375,6.7375,115.25,3.9791666666666665,5.3,44.625,0.13041666666666665,0.08333333333333333,2.6999999999999997,25.0,17.916666666666668
2024-05-13,18.5,10.820833333333333,125.54166666666667,4.5625,6.454166666666667,45.541666666666664,0.27125,1.4166666666666667,2.595833333333333,34.208333333333336,19.625
2024-05-14,26.245833333333334,14.525,133.95833333333334,4.508333333333334,5.875,44.916666666666664,0.4041666666666666,4.833333333333333,2.5479166666666666,53.375,27.375
2024-05-15,17.479166666666668,9.666666666666666,138.25,4.625,5.333333333333333,48.75,0.35041666666666665,2.4583333333333335,1.7958333333333334,50.291666666666664,25.083333333333332
2024-05-16,11.75,6.720833333333334,124.875,4.770833333333333,5.629166666666666,42.5,0.12666666666666668,0.0,1.9854166666666666,32.083333333333336,17.541666666666668
2024-05-17,10.5,6.354166666666667,152.95833333333334,8.858333333333333,8.6875,41.5,0.11583333333333334,0.0,1.2541666666666667,26.875,17.083333333333332
2024-05-18,9.299999999999999,5.379166666666666,143.33333333333334,5.875,5.2625,49.75,0.09083333333333334,0.0,1.8187499999999999,25.208333333333332,19.916666666666668
2024-05-19,16.816666666666666,9.916666666666666,194.25,7.166666666666667,10.304166666666667,71.75,0.1575,0.0,2.841666666666667,32.208333333333336,29.125
2024-05-20,10.512500000000001,6.191666666666666,160.20833333333334,6.075,5.870833333333334,46.0,0.12666666666666668,0.0,2.2645833333333334,35.291666666666664,18.5
2024-05-21,12.558333333333332,7.658333333333334,188.45833333333334,9.691666666666666,8.137500000000001,43.833333333333336,0.09958333333333334,0.0,2.152083333333333,28.416666666666668,18.0
2024-05-22,10.729166666666666,6.066666666666666,169.54166666666666,5.941666666666666,4.279166666666667,55.916666666666664,0.09833333333333333,0.0,1.5083333333333335,29.25,22.291666666666668
2024-05-23,11.0375,6.5249999999999995,175.70833333333334,7.05,6.333333333333333,61.583333333333336,0.14708333333333332,0.2916666666666667,2.3583333333333334,28.625,24.541666666666668
2024-05-24,30.495833333333334,19.029166666666665,253.41666666666666,10.054166666666667,14.954166666666666,95.33333333333333,0.42625,3.25,1.7645833333333334,52.916666666666664,39.083333333333336
2024-05-25,64.38333333333334,39.7125,382.375,12.479166666666666,11.554166666666667,112.04166666666667,1.0566666666666666,13.916666666666666,0.9020833333333332,94.70833333333333,60.875
2024-05-26,62.36666666666667,37.579166666666666,287.75,10.525,10.508333333333333,108.54166666666667,0.965,16.583333333333332,1.6666666666666667,116.5,71.79166666666667
2024-05-27,48.87916666666666,26.97083333333333,264.9166666666667,9.6,8.745833333333334,105.54166666666667,0.8300000000000001,17.291666666666668,1.8958333333333333,102.41666666666667,66.33333333333333
2024-05-28,48.975,28.27916666666667,280.125,10.012500000000001,8.2875,103.0,0.5866666666666667,14.666666666666666,2.18125,90.95833333333333,62.875
2024-05-29,36.5875,20.729166666666668,256.25,8.0875,7.745833333333334,103.125,0.5333333333333333,11.75,2.1979166666666665,90.16666666666667,60.5
2024-05-30,48.025,27.05,267.5,6.825,9.325000000000001,125.41666666666667,0.5554166666666667,12.25,2.216666666666667,100.04166666666667,55.958333333333336
2024-05-31,51.46666666666667,28.96666666666667,270.25,6.170833333333333,7.95,124.125,0.5241666666666667,15.958333333333334,2.30625,105.0,64.5
2024-06-01,55.00833333333333,30.0625,236.33333333333334,5.5874999999999995,8.654166666666667,115.08333333333333,0.7420833333333333,16.625,1.8520833333333335,92.95833333333333,63.541666666666664
2024-06-02,61.81666666666666,34.25416666666667,264.1666666666667,6.6875,12.549999999999999,123.0,1.0754166666666667,19.208333333333332,1.375,101.5,67.29166666666667
2024-06-03,60.04583333333333,37.362500000000004,288.4583333333333,9.6875,13.833333333333334,111.875,0.9416666666666668,14.083333333333334,1.2083333333333333,99.375,68.125
2024-06-04,51.30833333333334,31.27916666666667,302.3333333333333,8.741666666666667,14.391666666666666,117.95833333333333,0.7183333333333333,6.083333333333333,2.0020833333333337,107.5,68.04166666666667
2024-06-05,45.48333333333333,29.241666666666664,276.5,10.783333333333333,14.033333333333333,101.25,0.7183333333333333,4.166666666666667,1.26875,90.125,63.958333333333336
2024-06-06,39.82083333333333,26.558333333333334,250.91666666666666,9.366666666666667,15.2125,103.625,0.5429166666666666,2.25,1.8458333333333332,92.41666666666667,63.791666666666664
2024-06-07,32.420833333333334,21.741666666666664,252.0,10.866666666666667,16.608333333333334,92.08333333333333,0.3233333333333333,0.7916666666666666,1.40625,78.0,57.208333333333336
2024-06-08,24.995833333333334,15.979166666666666,209.83333333333334,9.5625,15.116666666666667,85.375,0.29791666666666666,1.5833333333333333,2.3312500000000003,64.875,44.083333333333336
2024-06-09,28.870833333333334,17.974999999999998,251.95833333333334,11.895833333333334,12.875,86.91666666666667,0.26708333333333334,2.1666666666666665,2.1479166666666667,64.16666666666667,41.708333333333336
2024-06-10,30.491666666666664,17.829166666666666,256.4166666666667,11.241666666666667,10.066666666666666,81.29166666666667,0.2579166666666667,6.416666666666667,2.189583333333333,66.0,43.666666666666664
2024-06-11,27.291666666666668,17.241666666666667,256.5833333333333,13.5375,10.620833333333334,74.0,0.24125,3.625,2.125,59.625,39.041666666666664
2024-06-12,22.666666666666668,15.066666666666668,267.9583333333333,15.191666666666668,12.1875,56.666666666666664,0.23791666666666667,2.125,0.9770833333333333,60.916666666666664,34.75
2024-06-13,23.0,15.299999999999999,248.54166666666666,13.145833333333334,12.0,65.625,0.22208333333333333,2.7916666666666665,1.85625,55.375,34.416666666666664
2024-06-14,32.641666666666666,18.35833333333333,308.1666666666667,14.6,12.725,79.58333333333333,0.24458333333333335,12.541666666666666,1.9833333333333334,59.541666666666664,40.0
2024-06-15,47.166666666666664,26.116666666666664,338.0,17.224999999999998,15.075000000000001,86.125,0.3695833333333333,20.166666666666668,1.6187500000000001,73.45833333333333,51.291666666666664
2024-06-16,48.45416666666667,27.47083333333333,317.875,11.645833333333334,11.416666666666666,115.5,0.3741666666666667,14.625,2.1458333333333335,107.20833333333333,64.70833333333333
2024-06-17,37.50416666666667,21.837500000000002,243.5,9.083333333333334,10.987499999999999,93.70833333333333,0.33499999999999996,6.291666666666667,1.78125,81.04166666666667,58.041666666666664
2024-06-18,33.74583333333333,20.983333333333334,238.45833333333334,9.129166666666666,11.541666666666666,97.41666666666667,0.33875000000000005,3.8333333333333335,2.185416666666667,79.5,51.916666666666664
2024-06-19,31.8125,17.658333333333335,224.625,9.191666666666666,10.679166666666667,84.16666666666667,0.28791666666666665,14.25,2.1791666666666667,65.79166666666667,44.375
2024-06-20,31.6375,19.083333333333332,260.375,10.795833333333334,11.754166666666668,87.75,0.355,8.916666666666666,2.3520833333333333,70.70833333333333,44.791666666666664
2024-06-21,38.975,19.25,261.6666666666667,12.2875,11.395833333333334,82.125,0.36166666666666664,22.166666666666668,2.2645833333333334,67.5,44.291666666666664
2024-06-22,38.766666666666666,18.183333333333334,260.5833333333333,12.729166666666666,11.4125,75.875,0.3983333333333334,28.208333333333332,1.8541666666666667,66.91666666666667,46.375
2024-06-23,31.179166666666664,17.570833333333333,209.33333333333334,9.429166666666667,11.841666666666667,80.625,0.28375,10.291666666666666,2.370833333333333,60.625,40.458333333333336
2024-06-24,25.833333333333332,16.554166666666667,209.04166666666666,9.270833333333334,9.825000000000001,76.16666666666667,0.21375,2.9583333333333335,2.154166666666667,61.583333333333336,39.375
2024-06-25,21.587500000000002,13.008333333333333,200.08333333333334,9.424999999999999,9.012500000000001,68.95833333333333,0.23416666666666666,4.333333333333333,1.9645833333333333,57.041666666666664,36.0
2024-06-26,18.333333333333332,11.783333333333333,220.79166666666666,13.075000000000001,10.183333333333334,50.791666666666664,0.1825,3.125,1.2166666666666666,49.291666666666664,26.666666666666668
2024-06-27,15.433333333333332,10.183333333333334,206.58333333333334,10.870833333333332,9.320833333333333,54.666666666666664,0.13916666666666666,1.375,2.1395833333333334,47.625,26.375
2024-06-28,21.745833333333334,12.237499999999999,191.95833333333334,7.966666666666668,8.35,74.04166666666667,0.22708333333333333,3.3333333333333335,2.316666666666667,44.583333333333336,33.5
2024-06-29,27.1125,14.4375,184.20833333333334,7.1875,8.558333333333334,78.54166666666667,0.28208333333333335,5.291666666666667,2.1687499999999997,54.5,35.875
2024-06-30,27.974999999999998,14.370833333333332,178.08333333333334,9.245833333333334,11.491666666666667,65.95833333333333,0.28375,9.083333333333334,1.4083333333333334,54.5,30.666666666666668
2024-07-01,23.5625,13.779166666666667,200.29166666666666,9.825000000000001,11.245833333333332,74.20833333333333,0.24375,5.666666666666667,1.8479166666666667,54.791666666666664,33.666666666666664
2024-07-02,27.375,14.9375,210.75,9.245833333333334,10.091666666666667,73.45833333333333,0.35375,8.458333333333334,1.7895833333333335,54.666666666666664,33.75
2024-07-03,31.112499999999997,16.837500000000002,251.45833333333334,11.995833333333332,10.245833333333334,77.45833333333333,0.3416666666666666,9.375,2.3229166666666665,58.833333333333336,38.0
2024-07-04,35.59583333333333,18.8625,243.41666666666666,11.691666666666668,11.395833333333334,77.16666666666667,0.315,14.708333333333334,1.7770833333333333,61.875,39.291666666666664
2024-07-05,38.78333333333333,19.829166666666666,232.125,10.270833333333334,12.029166666666667,79.70833333333333,0.32583333333333336,16.75,2.1041666666666665,66.91666666666667,43.916666666666664
2024-07-06,37.50416666666667,17.695833333333333,218.70833333333334,11.854166666666666,13.125,57.791666666666664,0.4083333333333334,27.875,1.0854166666666667,62.291666666666664,37.25
2024-07-07,41.5625,18.579166666666666,245.45833333333334,11.804166666666667,14.420833333333334,74.91666666666667,0.46375000000000005,30.708333333333332,1.625,66.04166666666667,47.75
2024-07-08,37.78333333333333,19.433333333333334,241.16666666666666,13.433333333333332,14.816666666666668,66.91666666666667,0.3466666666666667,22.916666666666668,1.30625,63.166666666666664,38.416666666666664
2024-07-09,30.333333333333332,18.275000000000002,227.41666666666666,10.387500000000001,12.5,80.45833333333333,0.2758333333333333,6.208333333333333,1.9312500000000001,65.41666666666667,42.833333333333336
2024-07-10,35.12916666666667,19.816666666666666,227.41666666666666,7.966666666666666,11.887500000000001,98.33333333333333,0.27875,8.75,2.36875,75.58333333333333,47.291666666666664
2024-07-11,26.604166666666668,16.945833333333333,229.20833333333334,12.116666666666667,13.362499999999999,68.70833333333333,0.2333333333333333,7.041666666666667,2.05,62.791666666666664,38.583333333333336
2024-07-12,35.141666666666666,20.95,252.08333333333334,11.049999999999999,12.266666666666666,77.66666666666667,0.35000000000000003,8.125,1.58125,67.25,42.791666666666664
2024-07-13,29.991666666666664,18.345833333333335,300.7916666666667,19.566666666666666,14.533333333333333,40.708333333333336,0.245,8.5,0.775,63.625,37.291666666666664
2024-07-14,24.804166666666664,15.033333333333333,277.4166666666667,17.445833333333333,12.333333333333334,34.625,0.20333333333333334,8.458333333333334,0.7020833333333334,62.541666666666664,35.958333333333336
2024-07-15,18.208333333333332,11.895833333333334,234.125,12.487499999999999,11.095833333333333,46.958333333333336,0.12291666666666667,2.4583333333333335,1.1875,51.583333333333336,26.5
2024-07-16,13.825000000000001,9.174999999999999,214.75,12.291666666666666,10.108333333333333,40.625,0.09041666666666666,1.25,0.7437499999999999,41.916666666666664,21.875
2024-07-17,21.599999999999998,13.920833333333334,240.45833333333334,12.4625,10.875,56.458333333333336,0.1925,4.333333333333333,1.15625,46.625,28.833333333333332
2024-07-18,14.200000000000001,9.170833333333333,207.41666666666666,12.291666666666666,9.895833333333334,42.583333333333336,0.13125,3.6666666666666665,1.1187500000000001,50.166666666666664,25.333333333333332
2024-07-19,11.225,7.675,222.16666666666666,14.679166666666667,9.470833333333333,34.166666666666664,0.09250000000000001,0.8333333333333334,0.7125,33.458333333333336,17.291666666666668
2024-07-20,13.1875,8.75,226.16666666666666,13.65,9.387500000000001,42.291666666666664,0.13833333333333334,1.6666666666666667,1.5354166666666667,34.333333333333336,19.75
2024-07-21,26.150000000000002,14.004166666666668,224.375,12.075000000000001,8.366666666666667,58.083333333333336,0.24083333333333334,9.791666666666666,1.9833333333333334,43.458333333333336,27.583333333333332
2024-07-22,25.629166666666666,14.020833333333334,254.75,16.441666666666666,8.541666666666666,42.958333333333336,0.2625,12.5,1.3812499999999999,56.458333333333336,30.541666666666668
2024-07-23,22.0,12.7875,223.25,11.091666666666667,7.383333333333333,58.708333333333336,0.21416666666666664,5.458333333333333,1.90625,51.916666666666664,29.666666666666668
2024-07-24,19.370833333333334,11.579166666666666,225.16666666666666,12.466666666666667,7.925,50.333333333333336,0.23583333333333334,6.25,1.95625,51.333333333333336,27.708333333333332
2024-07-25,16.029166666666665,9.799999999999999,196.33333333333334,10.254166666666666,7.708333333333333,49.583333333333336,0.19875,5.291666666666667,2.1020833333333333,44.375,25.208333333333332
2024-07-26,15.691666666666668,9.433333333333334,203.5,12.120833333333332,7.879166666666666,44.333333333333336,0.19041666666666668,6.458333333333333,2.4270833333333335,41.25,23.083333333333332
2024-07-27,22.474999999999998,9.995833333333334,170.5,10.195833333333333,7.966666666666666,43.416666666666664,0.38833333333333336,23.25,1.8354166666666665,36.375,21.791666666666668
2024-07-28,31.620833333333334,13.875,187.45833333333334,9.958333333333334,7.916666666666667,51.416666666666664,0.6579166666666666,33.291666666666664,1.4833333333333334,51.458333333333336,30.083333333333332
2024-07-29,21.84166666666667,10.825000000000001,183.33333333333334,9.316666666666666,7.970833333333334,57.916666666666664,0.42625,11.291666666666666,1.8458333333333332,48.25,30.458333333333332
2024-07-30,23.575,13.245833333333332,249.66666666666666,14.279166666666667,12.566666666666668,61.25,0.28791666666666665,12.75,2.1208333333333336,51.791666666666664,31.5
2024-07-31,23.675,14.299999999999999,233.875,11.966666666666667,9.383333333333333,61.416666666666664,0.28750000000000003,5.75,2.1729166666666666,47.541666666666664,31.0
2024-08-01,21.95,13.954166666666666,221.25,11.0625,9.8125,63.875,0.23958333333333334,3.75,2.1104166666666666,55.041666666666664,32.833333333333336
2024-08-02,31.016666666666666,18.925,278.625,13.4375,10.283333333333333,66.58333333333333,0.3529166666666667,6.666666666666667,1.7687499999999998,62.25,38.333333333333336
2024-08-03,28.3875,16.766666666666666,230.45833333333334,11.941666666666668,11.112499999999999,68.79166666666667,0.32083333333333336,7.5,2.43125,58.25,37.208333333333336
2024-08-04,32.00416666666667,17.845833333333335,229.0,10.054166666666667,10.541666666666666,77.75,0.29833333333333334,12.083333333333334,2.6999999999999997,67.95833333333333,44.583333333333336
2024-08-05,26.708333333333332,15.166666666666666,213.25,9.5625,12.125,82.375,0.26708333333333334,9.333333333333334,2.4375,56.458333333333336,37.916666666666664
2024-08-06,33.025,19.3,239.91666666666666,10.316666666666666,12.695833333333333,83.375,0.35791666666666666,12.875,2.1791666666666667,66.875,43.416666666666664
2024-08-07,29.5125,19.75,287.875,15.145833333333334,19.479166666666668,63.208333333333336,0.22791666666666666,4.291666666666667,2.0770833333333334,62.833333333333336,37.833333333333336
2024-08-08,27.1375,17.55,260.4583333333333,12.120833333333332,14.866666666666667,82.33333333333333,0.28875,5.916666666666667,2.566666666666667,70.04166666666667,47.125
2024-08-09,27.858333333333334,15.674999999999999,224.04166666666666,10.25,12.045833333333334,80.08333333333333,0.29,13.333333333333334,2.6416666666666666,56.041666666666664,37.041666666666664
2024-08-10,31.7,19.204166666666666,246.79166666666666,11.75,17.125,102.20833333333333,0.3354166666666667,11.416666666666666,2.6916666666666664,79.125,45.541666666666664
2024-08-11,40.483333333333334,23.329166666666666,298.5833333333333,10.833333333333334,11.987499999999999,106.08333333333333,0.37000000000000005,14.5,2.4541666666666666,90.54166666666667,55.125
2024-08-12,36.15833333333333,19.866666666666667,224.04166666666666,6.45,11.883333333333333,120.95833333333333,0.38375000000000004,14.541666666666666,2.560416666666667,90.83333333333333,54.583333333333336
2024-08-13,34.36666666666667,19.45,200.29166666666666,6.3875,9.816666666666666,82.54166666666667,0.37999999999999995,6.333333333333333,2.4604166666666667,70.875,46.833333333333336
2024-08-14,18.208333333333332,10.3375,146.95833333333334,6.083333333333333,6.616666666666667,50.041666666666664,0.13,0.9166666666666666,2.8041666666666667,55.291666666666664,29.75
2024-08-15,19.554166666666667,11.450000000000001,155.625,5.966666666666666,7.4375,63.291666666666664,0.15166666666666667,0.0,2.589583333333333,41.875,26.458333333333332
2024-08-16,20.1375,11.258333333333333,136.625,5.020833333333333,5.983333333333333,52.333333333333336,0.15208333333333332,1.0833333333333333,2.7541666666666664,47.25,23.75
2024-08-17,23.870833333333334,13.666666666666666,167.25,5.304166666666666,6.841666666666666,78.41666666666667,0.21125000000000002,1.0,2.747916666666667,50.625,32.875
2024-08-18,35.420833333333334,22.129166666666666,228.25,7.083333333333333,18.570833333333333,104.33333333333333,0.27166666666666667,0.16666666666666666,2.704166666666667,78.41666666666667,47.0
2024-08-19,24.229166666666668,14.275,186.70833333333334,7.833333333333333,12.120833333333332,74.33333333333333,0.26333333333333336,0.0,2.566666666666667,61.833333333333336,39.0
2024-08-20,31.104166666666668,19.270833333333332,206.5,7.9624999999999995,14.924999999999999,82.95833333333333,0.27999999999999997,0.375,2.216666666666667,64.20833333333333,41.833333333333336
2024-08-21,18.491666666666667,10.833333333333334,154.875,7.266666666666667,10.129166666666666,58.708333333333336,0.1708333333333333,0.0,2.3958333333333335,50.541666666666664,31.583333333333332
2024-08-22,26.900000000000002,16.504166666666666,192.79166666666666,7.716666666666666,11.975,80.375,0.20875,0.25,2.6,55.541666666666664,36.375
2024-08-23,33.2125,20.233333333333334,209.875,8.666666666666666,12.512500000000001,81.875,0.2629166666666667,1.1666666666666667,2.2729166666666667,65.0,42.666666666666664
2024-08-24,32.5375,18.991666666666667,214.29166666666666,9.625,11.25,79.29166666666667,0.30041666666666667,3.2916666666666665,2.1625,65.20833333333333,43.0
2024-08-25,26.425,15.554166666666667,244.75,11.041666666666666,9.070833333333333,68.54166666666667,0.22916666666666666,3.9583333333333335,2.4604166666666667,62.458333333333336,39.041666666666664
2024-08-26,25.870833333333334,15.404166666666667,230.20833333333334,10.225,8.575000000000001,71.91666666666667,0.2733333333333333,2.875,2.466666666666667,58.875,36.75
2024-08-27,28.008333333333336,17.333333333333332,241.58333333333334,11.375,12.166666666666666,70.70833333333333,0.29375,2.6666666666666665,1.85625,58.375,35.0
2024-08-28,27.462500000000002,17.704166666666666,273.7916666666667,16.404166666666665,14.291666666666666,48.416666666666664,0.23083333333333333,3.0416666666666665,1.0145833333333334,61.166666666666664,34.583333333333336
2024-08-29,22.454166666666666,14.441666666666668,259.375,14.7125,11.737499999999999,46.0,0.26916666666666667,3.375,0.9854166666666666,58.416666666666664,31.958333333333332
2024-08-30,25.558333333333334,15.775,288.6666666666667,17.008333333333333,13.566666666666668,45.958333333333336,0.3425,8.166666666666666,1.2916666666666667,55.125,30.291666666666668
2024-08-31,19.083333333333332,12.258333333333333,267.9583333333333,15.916666666666666,11.845833333333333,35.291666666666664,0.19499999999999998,4.25,1.5666666666666667,58.166666666666664,31.625
2024-09-01,21.47083333333333,13.075000000000001,244.54166666666666,11.979166666666666,9.716666666666667,65.70833333333333,0.24916666666666665,5.666666666666667,2.2479166666666663,49.416666666666664,32.375
2024-09-02,29.025000000000002,16.712500000000002,232.16666666666666,8.75,9.612499999999999,84.20833333333333,0.35000000000000003,7.458333333333333,2.3145833333333337,57.125,39.25
2024-09-03,36.88333333333333,20.920833333333334,259.5,10.779166666666667,11.995833333333332,89.54166666666667,0.3641666666666667,11.25,2.29375,69.04166666666667,45.0
2024-09-04,34.03333333333333,18.2625,286.9166666666667,15.941666666666668,13.758333333333333,52.333333333333336,0.30541666666666667,16.958333333333332,1.6166666666666665,66.58333333333333,40.458333333333336
2024-09-05,34.65416666666667,18.45,264.0,13.0625,12.391666666666666,63.916666666666664,0.3233333333333333,15.75,1.4291666666666665,64.29166666666667,37.583333333333336
2024-09-06,29.09583333333333,15.908333333333333,302.4166666666667,18.0625,17.079166666666666,47.0,0.19875,15.625,1.2249999999999999,58.208333333333336,31.708333333333332
2024-09-07,34.62916666666667,17.537499999999998,303.5,17.991666666666667,13.566666666666668,51.041666666666664,0.28208333333333335,23.583333333333332,1.5625,61.458333333333336,34.75
2024-09-08,35.07083333333333,20.3625,329.3333333333333,17.679166666666667,12.383333333333333,52.5,0.2275,14.541666666666666,2.0875,66.91666666666667,40.625
2024-09-09,23.34166666666667,14.483333333333334,246.5,13.058333333333332,9.891666666666667,58.333333333333336,0.22791666666666666,3.2916666666666665,1.8020833333333333,57.625,34.0
2024-09-10,24.15416666666667,14.195833333333333,235.08333333333334,10.745833333333332,7.887499999999999,68.04166666666667,0.26,3.125,2.558333333333333,55.875,34.75
2024-09-11,25.425,14.195833333333333,212.20833333333334,9.8375,8.916666666666666,68.91666666666667,0.2783333333333333,4.625,2.3375,54.125,34.291666666666664
2024-09-12,28.900000000000002,16.608333333333334,246.83333333333334,10.329166666666667,11.375,88.66666666666667,0.24291666666666667,6.916666666666667,2.6166666666666667,69.33333333333333,44.125
2024-09-13,41.425000000000004,21.34583333333333,248.0,9.5625,10.108333333333333,91.0,0.32166666666666666,18.208333333333332,2.191666666666667,64.29166666666667,40.75
2024-09-14,36.81666666666667,17.929166666666667,218.16666666666666,8.0875,9.049999999999999,91.20833333333333,0.32875,19.208333333333332,2.3875,67.54166666666667,45.666666666666664
2024-09-15,39.108333333333334,20.708333333333332,265.25,9.633333333333335,8.762500000000001,99.16666666666667,0.3104166666666667,14.583333333333334,2.4291666666666667,67.41666666666667,45.416666666666664
2024-09-16,33.59583333333333,16.741666666666667,242.125,10.166666666666666,8.229166666666666,84.5,0.28291666666666665,18.791666666666668,2.3229166666666665,63.541666666666664,40.666666666666664
2024-09-17,25.275000000000002,13.362499999999999,207.41666666666666,7.520833333333333,7.675,87.875,0.23875000000000002,9.708333333333334,2.439583333333333,57.125,39.333333333333336
2024-09-18,39.25,20.766666666666666,228.04166666666666,8.504166666666666,10.716666666666667,102.79166666666667,0.3541666666666667,13.916666666666666,2.2083333333333335,64.75,43.916666666666664
2024-09-19,44.791666666666664,23.679166666666664,247.75,9.737499999999999,13.6625,113.16666666666667,0.48,15.208333333333334,2.125,81.75,54.75
2024-09-20,50.05833333333334,27.129166666666666,258.3333333333333,8.466666666666667,11.325000000000001,112.75,0.49,16.458333333333332,2.183333333333333,86.125,60.083333333333336
2024-09-21,42.52916666666667,27.4375,260.7083333333333,11.854166666666666,14.095833333333333,96.45833333333333,0.5891666666666667,7.375,1.1312499999999999,81.20833333333333,61.416666666666664
2024-09-22,43.5625,28.5625,296.6666666666667,14.35,15.458333333333334,87.41666666666667,0.7454166666666667,4.541666666666667,0.7770833333333332,86.16666666666667,63.166666666666664
2024-09-23,33.775,22.170833333333334,252.91666666666666,9.262500000000001,12.658333333333333,112.125,0.625,2.0,2.0854166666666667,94.5,61.583333333333336
2024-09-24,30.879166666666666,20.629166666666666,277.125,10.295833333333333,13.079166666666666,97.54166666666667,0.55875,0.7083333333333334,1.852083333333333,83.16666666666667,55.083333333333336
2024-09-25,25.5,15.9125,232.08333333333334,9.9625,12.475,88.91666666666667,0.24416666666666667,0.5833333333333334,2.285416666666667,64.95833333333333,43.916666666666664
2024-09-26,25.070833333333336,15.233333333333334,225.83333333333334,9.429166666666667,10.945833333333333,85.25,0.27166666666666667,0.625,2.16875,58.958333333333336,38.416666666666664
2024-09-27,26.445833333333336,14.850000000000001,181.41666666666666,6.591666666666666,9.595833333333333,83.45833333333333,0.30333333333333334,1.3333333333333333,2.154166666666667,56.291666666666664,34.958333333333336
2024-09-28,19.554166666666667,11.216666666666667,168.375,7.570833333333333,8.520833333333334,69.95833333333333,0.20458333333333334,1.8333333333333333,2.4791666666666665,52.583333333333336,31.541666666666668
2024-09-29,16.275000000000002,9.358333333333333,154.95833333333334,7.466666666666666,8.866666666666667,40.416666666666664,0.10708333333333332,0.3333333333333333,2.6750000000000003,44.666666666666664,22.208333333333332
2024-09-30,15.6,8.858333333333333,135.66666666666666,6.279166666666666,6.433333333333334,35.166666666666664,0.08708333333333333,0.0,2.2666666666666666,36.416666666666664,18.791666666666668
2024-10-01,14.525,8.358333333333333,134.0,6.308333333333334,6.166666666666667,37.375,0.08125,0.20833333333333334,2.60625,36.333333333333336,18.75
2024-10-02,20.2,11.466666666666667,169.41666666666666,7.116666666666667,9.233333333333333,63.625,0.17458333333333334,0.6666666666666666,2.43125,38.166666666666664,27.0
2024-10-03,31.337500000000002,20.779166666666665,286.3333333333333,13.770833333333334,15.395833333333334,102.58333333333333,0.395,0.0,1.9937500000000001,77.70833333333333,44.0
2024-10-04,33.550000000000004,22.6375,282.7916666666667,10.716666666666667,13.370833333333332,114.0,0.6433333333333333,0.6666666666666666,1.5791666666666666,87.54166666666667,54.791666666666664
2024-10-05,38.979166666666664,25.412499999999998,318.125,10.045833333333333,12.5625,130.75,0.6129166666666667,3.125,1.9479166666666667,101.16666666666667,57.958333333333336
2024-10-06,49.80416666666667,31.40833333333333,342.5,9.775,15.116666666666667,134.20833333333334,0.5625,5.166666666666667,2.0645833333333337,110.41666666666667,65.33333333333333
2024-10-07,41.5,23.454166666666666,237.41666666666666,8.729166666666666,7.154166666666666,84.5,0.46708333333333335,8.875,1.6666666666666667,86.54166666666667,63.291666666666664
2024-10-08,15.208333333333334,9.254166666666666,196.83333333333334,8.416666666666666,7.904166666666666,55.333333333333336,0.1729166666666667,0.20833333333333334,2.2041666666666666,55.166666666666664,31.0
2024-10-09,14.079166666666666,8.725,204.41666666666666,9.266666666666667,8.683333333333334,43.166666666666664,0.14416666666666667,0.0,1.60625,38.125,19.5
2024-10-10,11.9625,7.458333333333333,174.625,8.716666666666667,7.791666666666667,39.0,0.12166666666666666,0.0,1.9166666666666667,31.541666666666668,17.083333333333332
2024-10-11,13.295833333333334,7.8,175.04166666666666,6.75,5.829166666666667,47.791666666666664,0.08541666666666665,0.0,2.1791666666666667,33.416666666666664,19.75
2024-10-12,12.733333333333334,7.3875,151.70833333333334,4.995833333333334,4.266666666666667,37.0,0.09583333333333334,0.0,1.95625,30.625,16.208333333333332
2024-10-13,13.195833333333333,7.7749999999999995,170.91666666666666,5.7375,4.929166666666666,33.5,0.11958333333333333,0.0,2.26875,32.625,15.875
2024-10-14,10.654166666666667,6.029166666666666,182.58333333333334,5.3999999999999995,3.6666666666666665,48.583333333333336,0.10958333333333332,0.0,1.4229166666666666,27.125,19.708333333333332
2024-10-15,9.954166666666667,5.616666666666667,146.125,5.295833333333333,3.345833333333333,41.875,0.07416666666666667,0.0,0.9208333333333334,25.333333333333332,16.791666666666668
2024-10-16,11.545833333333334,7.279166666666666,210.5,11.950000000000001,13.220833333333333,48.125,0.09500000000000001,0.0,1.45,25.416666666666668,19.583333333333332
2024-10-17,27.833333333333332,16.9875,263.0,9.983333333333333,15.5875,99.08333333333333,0.3,0.0,1.9208333333333334,63.75,41.75
2024-10-18,26.400000000000002,16.3125,254.625,11.016666666666666,11.595833333333333,94.625,0.28833333333333333,0.0,1.6854166666666668,63.416666666666664,42.0
2024-10-19,14.658333333333333,9.066666666666666,196.875,8.004166666666666,8.058333333333334,66.83333333333333,0.18666666666666668,0.0,1.8354166666666665,53.375,29.25
2024-10-20,10.208333333333334,6.220833333333334,175.58333333333334,8.0375,7.579166666666667,65.41666666666667,0.145,0.0,2.191666666666667,33.791666666666664,26.125
2024-10-21,12.095833333333333,7.258333333333333,185.20833333333334,7.429166666666667,6.574999999999999,62.5,0.10791666666666666,0.0,2.1270833333333337,30.208333333333332,25.0
2024-10-22,13.108333333333334,8.166666666666666,210.20833333333334,8.225,7.654166666666666,44.916666666666664,0.10833333333333334,0.0,2.1166666666666667,33.208333333333336,18.5
2024-10-23,42.76666666666667,25.745833333333334,279.9166666666667,13.791666666666666,12.383333333333333,74.33333333333333,0.4595833333333333,1.9583333333333333,1.7770833333333333,50.083333333333336,35.5
2024-10-24,58.145833333333336,36.487500000000004,375.0833333333333,16.891666666666666,21.383333333333336,112.04166666666667,0.5658333333333333,2.125,1.5916666666666668,98.875,65.66666666666667
2024-10-25,61.65,38.4625,388.4583333333333,14.4,18.175,131.41666666666666,0.7179166666666666,2.625,1.58125,128.0,71.08333333333333
2024-10-26,85.79583333333333,52.387499999999996,555.8333333333334,14.504166666666668,16.325,142.16666666666666,0.8516666666666667,5.083333333333333,1.48125,142.45833333333334,77.41666666666667
2024-10-27,76.74166666666666,48.708333333333336,723.125,17.791666666666668,17.045833333333334,130.95833333333334,0.6770833333333334,2.6666666666666665,1.7041666666666666,154.75,83.33333333333333
2024-10-28,72.14166666666667,43.1625,700.875,11.429166666666667,16.904166666666665,141.16666666666666,0.7912499999999999,2.3333333333333335,1.5770833333333334,132.375,74.58333333333333
2024-10-29,61.800000000000004,36.99583333333333,480.2083333333333,10.241666666666667,15.25,112.0,1.07375,1.4583333333333333,1.5333333333333332,112.20833333333333,72.41666666666667
2024-10-30,58.979166666666664,36.0375,468.5416666666667,11.85,14.291666666666666,112.20833333333333,1.0574999999999999,1.5,1.4041666666666668,107.625,70.16666666666667
2024-10-31,46.1625,27.916666666666668,358.8333333333333,10.529166666666667,10.595833333333333,84.70833333333333,0.6570833333333334,2.125,1.4875,95.375,66.70833333333333
2024-11-01,24.15833333333333,14.779166666666667,321.625,10.1625,8.691666666666666,64.08333333333333,0.35708333333333336,0.375,1.46875,66.625,42.625
2024-11-02,21.166666666666668,13.5,313.2083333333333,10.091666666666667,8.058333333333334,47.833333333333336,0.26791666666666664,0.0,1.7125000000000001,56.208333333333336,29.625
2024-11-03,16.604166666666668,10.279166666666667,269.75,7.6875,6.1625000000000005,50.916666666666664,0.21708333333333332,0.4583333333333333,1.8645833333333333,45.375,23.416666666666668
2024-11-04,25.583333333333332,15.083333333333334,317.7083333333333,6.004166666666666,4.45,59.666666666666664,0.26791666666666664,0.6666666666666666,1.6770833333333333,49.291666666666664,25.0
2024-11-05,62.53333333333333,35.208333333333336,348.7083333333333,4.966666666666667,5.7,106.5,0.4908333333333333,7.291666666666667,1.58125,73.625,51.666666666666664
2024-11-06,24.2375,13.816666666666668,289.5416666666667,4.191666666666666,3.0708333333333333,78.41666666666667,0.22333333333333336,0.75,1.2375,87.16666666666667,59.541666666666664
2024-11-07,14.637500000000001,8.120833333333334,242.58333333333334,3.579166666666667,2.5833333333333335,74.5,0.10791666666666666,0.0,1.8604166666666666,37.791666666666664,29.791666666666668
2024-11-08,18.1625,9.954166666666667,235.625,3.6750000000000003,2.5875,70.58333333333333,0.12333333333333334,0.0,1.8375000000000001,38.833333333333336,28.291666666666668
2024-11-09,33.833333333333336,19.075,288.5,3.704166666666667,2.625,81.875,0.27708333333333335,1.0833333333333333,1.5104166666666667,47.333333333333336,32.875
2024-11-10,36.00416666666667,19.741666666666667,262.4166666666667,3.4916666666666667,3.1208333333333336,103.08333333333333,0.3095833333333334,0.9166666666666666,1.7979166666666666,67.0,44.666666666666664
2024-11-11,36.49166666666667,19.554166666666667,285.7083333333333,3.2291666666666665,4.441666666666666,112.125,0.265,0.5,1.4395833333333332,71.29166666666667,50.666666666666664
2024-11-12,10.9125,6.708333333333333,191.79166666666666,5.5874999999999995,3.25,51.708333333333336,0.11041666666666666,0.0,0.5354166666666667,50.333333333333336,26.625
2024-11-13,6.5249999999999995,4.670833333333333,186.33333333333334,5.2375,1.9625000000000001,47.041666666666664,0.11625,0.0,0.8291666666666666,23.166666666666668,18.75
2024-11-14,7.2124999999999995,5.329166666666667,248.29166666666666,4.8374999999999995,2.2583333333333333,64.54166666666667,0.1325,0.0,1.5729166666666667,28.791666666666668,25.791666666666668
2024-11-15,8.420833333333333,6.095833333333334,227.625,5.5375000000000005,2.408333333333333,61.583333333333336,0.16458333333333333,0.0,1.0916666666666666,28.25,24.625
2024-11-16,17.304166666666667,14.941666666666668,252.125,6.1875,2.4625,77.08333333333333,0.3433333333333333,0.4166666666666667,1.4437499999999999,35.041666666666664,30.875
2024-11-17,55.21666666666667,50.5,378.0,4.9125000000000005,4.9624999999999995,119.95833333333333,0.7991666666666667,2.7916666666666665,1.5291666666666668,102.70833333333333,65.91666666666667
2024-11-18,47.06666666666666,42.354166666666664,350.0,3.4958333333333336,4.354166666666667,123.91666666666667,0.5779166666666667,2.4166666666666665,1.5791666666666666,125.875,76.54166666666667
2024-11-19,45.11666666666667,40.3375,353.0,3.266666666666667,3.6833333333333336,115.95833333333333,0.54625,2.0,1.4916666666666665,118.41666666666667,74.29166666666667
2024-11-20,42.108333333333334,37.5625,365.0833333333333,4.204166666666667,4.991666666666666,124.58333333333333,0.48625,2.1666666666666665,1.5229166666666665,104.875,69.83333333333333
2024-11-21,44.75,40.925000000000004,384.3333333333333,4.145833333333333,5.270833333333333,123.54166666666667,0.5733333333333334,2.0,1.4145833333333335,107.875,70.875
2024-11-22,37.94583333333333,34.87083333333333,377.0,4.7375,4.0874999999999995,117.04166666666667,0.5041666666666667,1.2916666666666667,1.2729166666666667,111.16666666666667,72.0
2024-11-23,31.395833333333332,27.6125,359.3333333333333,3.8125,2.5166666666666666,104.625,0.4908333333333333,0.20833333333333334,1.28125,90.08333333333333,64.625
2024-11-24,35.8625,31.900000000000002,339.6666666666667,4.283333333333333,3.1041666666666665,112.0,0.47875,0.9583333333333334,1.0562500000000001,84.41666666666667,62.541666666666664
2024-11-25,44.12083333333334,40.237500000000004,357.5833333333333,3.1458333333333335,3.4875000000000003,134.29166666666666,0.5979166666666667,1.7916666666666667,1.2125000000000001,107.58333333333333,70.75
2024-11-26,27.5125,23.195833333333336,277.2916666666667,3.391666666666667,1.6041666666666667,97.79166666666667,0.49333333333333335,0.4166666666666667,0.6208333333333333,86.20833333333333,59.875
2024-11-27,53.1875,46.04583333333333,369.125,2.408333333333333,3.6666666666666665,135.70833333333334,0.66125,4.458333333333333,0.6270833333333333,100.66666666666667,67.625
2024-11-28,61.975,55.425000000000004,406.625,3.0541666666666667,7.045833333333333,145.625,0.8920833333333333,4.791666666666667,0.36041666666666666,142.41666666666666,82.375
2024-11-29,12.9125,10.383333333333333,255.83333333333334,3.0500000000000003,2.0541666666666667,77.0,0.16958333333333334,0.041666666666666664,0.43958333333333327,97.0,60.708333333333336
2024-11-30,11.141666666666666,8.408333333333333,218.16666666666666,3.0666666666666664,1.9416666666666667,83.0,0.17208333333333334,0.0,0.26875,37.666666666666664,33.208333333333336
2024-12-01,22.59166666666667,18.533333333333335,268.5833333333333,3.6666666666666665,2.6666666666666665,103.0,0.38125000000000003,0.0,1.0020833333333334,55.0,42.875
2024-12-02,23.254166666666666,19.391666666666666,278.7083333333333,4.129166666666666,3.1208333333333336,102.41666666666667,0.41583333333333333,0.3333333333333333,1.0729166666666667,65.04166666666667,42.0
2024-12-03,27.46666666666667,22.287499999999998,258.6666666666667,4.625,3.404166666666667,92.54166666666667,0.44875,1.0,1.4124999999999999,68.70833333333333,43.583333333333336
2024-12-04,11.966666666666667,9.216666666666667,261.8333333333333,6.016666666666667,3.454166666666667,56.291666666666664,0.21541666666666667,0.041666666666666664,1.3812499999999999,59.458333333333336,34.041666666666664
2024-12-05,8.975,7.0375000000000005,263.0416666666667,7.179166666666667,3.9875000000000003,48.916666666666664,0.09875,0.0,1.6624999999999999,32.291666666666664,19.833333333333332
2024-12-06,11.133333333333333,8.670833333333333,319.5,7.5,3.7541666666666664,60.625,0.13375,0.0,1.6875,31.0,24.25
2024-12-07,19.045833333333334,14.766666666666666,332.4583333333333,9.487499999999999,4.3,67.08333333333333,0.21666666666666667,0.2916666666666667,1.7583333333333335,47.958333333333336,27.541666666666668
2024-12-08,30.004166666666666,25.775000000000002,355.875,11.541666666666666,5.670833333333333,77.16666666666667,0.43166666666666664,1.0,1.4541666666666666,64.66666666666667,39.833333333333336
2024-12-09,41.458333333333336,38.1125,366.2083333333333,6.933333333333334,4.425,97.875,0.6666666666666666,1.0,1.2916666666666667,93.91666666666667,66.04166666666667
2024-12-10,34.37916666666667,31.104166666666668,348.0833333333333,3.8166666666666664,2.829166666666667,102.75,0.5458333333333333,0.2916666666666667,1.3145833333333334,100.5,68.5
2024-12-11,25.683333333333334,22.079166666666666,293.625,3.1208333333333336,1.8708333333333333,99.375,0.4041666666666666,0.0,0.7270833333333333,84.5,61.75
2024-12-12,31.616666666666664,27.683333333333334,305.5,3.420833333333333,2.125,100.125,0.69125,0.20833333333333334,0.8312499999999999,68.25,43.916666666666664
2024-12-13,52.63333333333333,46.77916666666667,332.2083333333333,3.025,3.775,126.04166666666667,0.765,1.4166666666666667,1.0770833333333334,110.125,71.54166666666667
2024-12-14,38.925000000000004,33.62083333333333,289.3333333333333,3.408333333333333,2.5708333333333333,121.95833333333333,0.47458333333333336,1.5833333333333333,1.4041666666666668,113.20833333333333,72.66666666666667
2024-12-15,40.12916666666667,34.737500000000004,299.3333333333333,3.358333333333333,3.3249999999999997,129.95833333333334,0.48333333333333334,1.125,1.28125,94.875,65.875
2024-12-16,34.625,29.979166666666668,324.125,3.358333333333333,3.9375,120.875,0.3933333333333333,1.0,1.3020833333333333,100.45833333333333,68.54166666666667
2024-12-17,29.920833333333334,26.02916666666667,410.3333333333333,4.379166666666666,5.125,114.125,0.38125000000000003,0.7916666666666666,0.39166666666666666,78.16666666666667,58.541666666666664
2024-12-18,16.358333333333334,14.875,328.9166666666667,4.916666666666667,4.495833333333334,89.08333333333333,0.17958333333333334,0.0,0.6208333333333333,76.20833333333333,54.5
2024-12-19,5.966666666666666,4.229166666666667,246.91666666666666,3.8208333333333333,2.1,63.625,0.09208333333333334,0.0,0.88125,35.625,25.75
2024-12-20,10.016666666666667,8.558333333333334,317.8333333333333,5.870833333333334,4.345833333333333,73.5,0.16833333333333333,0.0,1.4416666666666667,31.833333333333332,29.458333333333332
2024-12-21,16.620833333333334,14.966666666666667,380.0416666666667,8.125,7.020833333333333,88.95833333333333,0.3070833333333333,0.0,1.5562500000000001,53.25,36.333333333333336
2024-12-22,14.1,10.616666666666667,308.1666666666667,4.2250000000000005,2.5083333333333333,92.04166666666667,0.3433333333333333,0.0,1.41875,48.416666666666664,37.0
2024-12-23,16.595833333333335,13.029166666666667,288.4166666666667,4.016666666666667,2.75,95.0,0.29916666666666664,0.08333333333333333,1.4375,47.916666666666664,38.208333333333336
2024-12-24,10.241666666666667,8.420833333333333,330.375,4.808333333333333,3.225,80.41666666666667,0.15625,0.0,1.2229166666666667,46.166666666666664,32.041666666666664
2024-12-25,9.629166666666666,7.916666666666667,305.25,5.158333333333333,3.475,72.0,0.15291666666666667,0.0,1.0645833333333334,36.166666666666664,28.833333333333332
2024-12-26,11.679166666666667,8.345833333333333,236.66666666666666,3.4625,2.1166666666666667,75.70833333333333,0.18958333333333333,0.0,1.25,33.625,30.25
2024-12-27,24.0125,18.658333333333335,259.4583333333333,3.5041666666666664,2.025,94.83333333333333,0.2966666666666667,0.4583333333333333,1.4645833333333333,49.875,37.958333333333336
2024-12-28,27.59583333333333,22.058333333333334,281.4583333333333,4.604166666666667,2.25,101.79166666666667,0.29750000000000004,1.2083333333333333,1.5854166666666665,69.33333333333333,45.416666666666664
2024-12-29,30.875,26.058333333333334,295.0833333333333,3.283333333333333,2.0833333333333335,100.45833333333333,0.40875,1.0416666666666667,1.3687500000000001,74.91666666666667,54.291666666666664
2024-12-30,35.52916666666667,30.633333333333336,314.5,3.158333333333333,3.0208333333333335,108.875,0.45166666666666666,0.3333333333333333,1.4895833333333333,83.29166666666667,62.166666666666664
2024-12-31,41.020833333333336,36.50833333333333,377.5416666666667,3.1916666666666664,5.129166666666666,117.41666666666667,0.4370833333333333,0.7083333333333334,1.5,97.79166666666667,67.54166666666667
2025-01-01,42.041666666666664,38.3375,381.8333333333333,4.283333333333333,5.016666666666667,111.58333333333333,0.6208333333333333,1.0,1.3729166666666668,103.95833333333333,69.70833333333333
2025-01-02,45.94166666666666,42.65416666666667,355.4166666666667,5.554166666666667,4.925,118.625,0.705,1.125,1.2854166666666667,113.5,72.66666666666667
2025-01-03,45.75416666666666,42.3125,343.7916666666667,5.145833333333333,7.5125,126.25,0.61875,1.5,1.3895833333333334,118.16666666666667,74.125
2025-01-04,43.07083333333333,36.02916666666667,349.625,6.266666666666667,5.295833333333333,117.58333333333333,0.5125000000000001,7.083333333333333,1.46875,110.5,71.83333333333333
2025-01-05,41.170833333333334,34.458333333333336,340.8333333333333,6.825,3.7125,105.625,0.5370833333333334,5.833333333333333,1.4416666666666667,98.375,67.75
2025-01-06,35.36666666666667,32.12916666666667,320.75,7.1625000000000005,3.8249999999999997,105.29166666666667,0.45,1.1666666666666667,1.4020833333333333,96.375,67.16666666666667
2025-01-07,33.833333333333336,30.833333333333332,310.4583333333333,6.066666666666666,2.9791666666666665,102.5,0.48500000000000004,0.9166666666666666,1.3104166666666666,91.04166666666667,65.08333333333333
2025-01-08,36.8125,34.44583333333333,368.4583333333333,5.0625,4.958333333333333,120.41666666666667,0.48583333333333334,0.5833333333333334,1.41875,90.95833333333333,64.875
2025-01-09,44.80833333333334,41.25416666666667,331.4166666666667,5.070833333333334,6.133333333333333,138.83333333333334,0.7275,1.0,1.1916666666666667,114.375,72.29166666666667
2025-01-10,41.395833333333336,36.5,348.625,4.833333333333333,3.404166666666667,114.54166666666667,0.6766666666666666,1.25,0.7583333333333333,103.58333333333333,69.58333333333333
2025-01-11,29.829166666666666,23.670833333333334,280.5833333333333,3.408333333333333,2.4291666666666667,107.95833333333333,0.40125000000000005,2.375,1.70625,92.79166666666667,65.375
2025-01-12,28.84583333333333,22.641666666666666,254.04166666666666,4.1875,2.1374999999999997,96.25,0.4075,3.4166666666666665,0.875,72.75,50.833333333333336
2025-01-13,18.166666666666668,13.487499999999999,287.375,4.325,2.1083333333333334,101.5,0.25708333333333333,1.375,0.6291666666666667,61.125,43.083333333333336
2025-01-14,19.7,14.549999999999999,282.0833333333333,3.5749999999999997,2.2375000000000003,103.125,0.24666666666666667,1.1666666666666667,1.6583333333333332,55.541666666666664,42.25
2025-01-15,25.733333333333334,20.804166666666667,276.875,2.908333333333333,2.6125000000000003,111.125,0.3345833333333333,0.375,1.5854166666666665,58.0,47.416666666666664
2025-01-16,52.762499999999996,47.70416666666667,346.3333333333333,3.8625000000000003,4.570833333333334,129.875,0.7904166666666667,1.0,1.3833333333333335,97.95833333333333,67.45833333333333
2025-01-17,60.79583333333333,56.65,349.875,3.9958333333333336,4.1000000000000005,128.54166666666666,0.9075000000000001,1.0833333333333333,1.2375,145.41666666666666,83.33333333333333
2025-01-18,34.31666666666667,29.558333333333334,255.20833333333334,3.4,2.4291666666666667,101.08333333333333,0.49583333333333335,1.0416666666666667,0.8624999999999999,121.16666666666667,75.125
2025-01-19,33.233333333333334,28.4375,310.7083333333333,3.1791666666666667,2.129166666666667,106.79166666666667,0.4766666666666666,0.041666666666666664,1.4000000000000001,84.45833333333333,62.541666666666664
2025-01-20,39.324999999999996,34.95,354.9583333333333,4.016666666666667,4.183333333333334,122.16666666666667,0.4483333333333333,0.75,1.6479166666666665,89.375,64.41666666666667
2025-01-21,36.983333333333334,33.12083333333333,328.25,5.0874999999999995,4.754166666666666,122.29166666666667,0.3775,0.0,1.8020833333333333,98.29166666666667,67.625
2025-01-22,35.72083333333333,31.320833333333336,316.0833333333333,5.541666666666667,3.608333333333333,109.16666666666667,0.385,0.8333333333333334,1.675,97.91666666666667,67.70833333333333
2025-01-23,24.041666666666668,19.108333333333334,222.79166666666666,7.0375000000000005,3.0875,87.91666666666667,0.205,0.7916666666666666,1.8541666666666667,76.125,52.833333333333336
2025-01-24,26.6125,21.933333333333334,266.75,6.375,2.7291666666666665,89.125,0.25833333333333336,0.875,1.7854166666666667,65.625,40.125
2025-01-25,32.49583333333333,27.983333333333334,277.4583333333333,6.483333333333333,2.7458333333333336,90.04166666666667,0.30041666666666667,1.2916666666666667,1.83125,79.45833333333333,58.833333333333336
2025-01-26,32.42916666666667,28.370833333333334,321.4166666666667,8.316666666666666,3.6958333333333333,87.0,0.3133333333333333,0.4583333333333333,1.9416666666666667,84.95833333333333,62.625
2025-01-27,41.72083333333333,38.82083333333333,350.0833333333333,7.6499999999999995,3.9583333333333335,104.375,0.5395833333333334,0.7916666666666666,1.7083333333333333,92.08333333333333,65.41666666666667
2025-01-28,54.56666666666666,51.98333333333333,371.25,7.7875000000000005,4.658333333333333,118.45833333333333,0.6729166666666666,0.4166666666666667,1.5374999999999999,128.125,77.33333333333333
2025-01-29,45.987500000000004,42.74583333333334,271.9583333333333,6.2625,3.1958333333333333,113.125,0.6070833333333333,0.4583333333333333,1.6770833333333333,134.75,79.625
2025-01-30,28.97083333333333,25.829166666666666,298.0833333333333,5.2124999999999995,3.8083333333333336,93.33333333333333,0.3345833333333333,0.16666666666666666,1.8791666666666667,95.125,66.375
2025-01-31,21.0125,17.474999999999998,283.5416666666667,6.2,4.166666666666667,71.375,0.23958333333333334,0.0,1.9458333333333335,72.125,49.791666666666664
2025-02-01,17.233333333333334,14.008333333333333,262.125,6.9624999999999995,4.708333333333333,64.75,0.17458333333333334,0.0,2.0375,57.041666666666664,30.833333333333332
2025-02-02,14.575000000000001,11.866666666666667,292.4166666666667,6.675,5.758333333333333,71.58333333333333,0.1275,0.0,2.1479166666666667,51.666666666666664,30.166666666666668
2025-02-03,14.691666666666668,11.916666666666666,273.2916666666667,9.633333333333333,5.804166666666667,74.625,0.1275,0.0,2.2062500000000003,46.75,30.0
2025-02-04,23.820833333333336,20.974999999999998,337.2916666666667,11.808333333333332,5.979166666666667,72.20833333333333,0.32625,0.4166666666666667,2.1104166666666666,58.041666666666664,33.041666666666664
2025-02-05,34.99166666666667,32.97083333333333,316.5,10.216666666666667,6.325,87.83333333333333,0.42208333333333337,0.16666666666666666,1.95,81.20833333333333,58.333333333333336
2025-02-06,44.30416666666667,41.975,356.5,10.008333333333333,6.925000000000001,93.75,0.33749999999999997,0.4583333333333333,1.9458333333333335,106.33333333333333,70.33333333333333
2025-02-07,50.833333333333336,48.29583333333333,415.25,8.725,4.933333333333334,89.875,0.46125,1.0,1.9541666666666666,126.79166666666667,77.08333333333333
2025-02-08,47.82083333333333,45.62916666666666,417.0,8.833333333333334,4.616666666666666,89.16666666666667,0.6379166666666667,1.0,1.7541666666666667,128.125,77.45833333333333
2025-02-09,50.574999999999996,47.925000000000004,374.625,8.225,4.745833333333334,96.91666666666667,0.6908333333333333,1.0,1.6645833333333335,123.41666666666667,76.0
2025-02-10,45.9125,42.99166666666667,285.25,6.05,6.5125,118.25,0.49583333333333335,1.0,1.9104166666666667,132.04166666666666,78.75
2025-02-11,29.058333333333334,25.575,260.2916666666667,6.208333333333333,5.983333333333333,104.04166666666667,0.21625000000000003,0.4166666666666667,2.216666666666667,98.625,67.625
2025-02-12,22.254166666666666,19.433333333333334,345.5,8.954166666666667,7.6625000000000005,83.70833333333333,0.14625000000000002,0.0,2.2125,70.45833333333333,46.625
2025-02-13,20.745833333333334,18.241666666666667,359.7916666666667,12.416666666666666,7.691666666666666,80.16666666666667,0.18291666666666664,0.0,2.1791666666666667,65.41666666666667,41.458333333333336
2025-02-14,17.216666666666665,13.979166666666666,313.0416666666667,10.975,7.420833333333333,73.91666666666667,0.20833333333333334,0.5416666666666666,2.25,57.583333333333336,35.208333333333336
2025-02-15,24.375,18.029166666666665,278.9583333333333,11.35,6.7,71.0,0.32125,5.916666666666667,2.1395833333333334,56.708333333333336,34.166666666666664
2025-02-16,33.62083333333333,23.504166666666666,267.6666666666667,7.233333333333333,5.204166666666667,78.33333333333333,0.40125000000000005,12.041666666666666,2.1062499999999997,68.41666666666667,44.291666666666664
2025-02-17,45.68333333333334,38.27916666666667,305.7083333333333,7.191666666666666,4.9625,86.25,0.4670833333333333,8.625,2.05,87.83333333333333,63.333333333333336
2025-02-18,50.94583333333333,44.32083333333333,372.1666666666667,8.691666666666666,5.466666666666666,93.33333333333333,0.42250000000000004,8.041666666666666,2.1083333333333334,120.04166666666667,74.75
2025-02-19,38.083333333333336,32.858333333333334,341.8333333333333,8.674999999999999,6.1375,86.41666666666667,0.34375,5.958333333333333,2.2125,110.58333333333333,71.70833333333333
2025-02-20,29.666666666666668,24.070833333333336,250.58333333333334,7.5625,4.9750000000000005,79.83333333333333,0.30333333333333334,4.333333333333333,2.35,82.33333333333333,61.125
2025-02-21,29.087500000000002,22.491666666666664,249.0,8.008333333333333,5.304166666666666,77.20833333333333,0.3983333333333334,6.333333333333333,2.1458333333333335,73.625,52.5
2025-02-22,25.891666666666666,20.266666666666666,259.9166666666667,9.424999999999999,7.070833333333333,75.33333333333333,0.35625,4.833333333333333,2.1645833333333333,71.45833333333333,48.291666666666664
2025-02-23,20.304166666666667,15.458333333333334,256.125,9.370833333333334,6.5874999999999995,67.70833333333333,0.2758333333333333,3.6666666666666665,2.285416666666667,61.0,35.208333333333336
2025-02-24,24.912499999999998,17.8125,237.33333333333334,7.5625,3.9583333333333335,62.5,0.30416666666666664,7.0,2.2208333333333337,59.5,32.916666666666664
2025-02-25,35.354166666666664,26.662499999999998,233.83333333333334,4.208333333333333,2.6374999999999997,82.66666666666667,0.38208333333333333,9.125,2.25,68.54166666666667,44.208333333333336
2025-02-26,39.733333333333334,29.9375,266.9166666666667,3.108333333333333,2.8833333333333333,94.375,0.37125,9.791666666666666,2.2895833333333333,87.20833333333333,63.458333333333336
2025-02-27,27.854166666666668,21.191666666666666,269.0416666666667,3.4625,2.558333333333333,96.0,0.25125000000000003,4.291666666666667,2.2916666666666665,79.91666666666667,58.625
2025-02-28,24.2,18.941666666666666,241.91666666666666,3.5583333333333336,2.4833333333333334,84.0,0.27458333333333335,2.375,2.185416666666667,66.70833333333333,40.208333333333336
2025-03-01,19.904166666666665,15.6625,250.66666666666666,3.4791666666666665,2.8791666666666664,77.5,0.24166666666666667,1.0416666666666667,2.3583333333333334,62.083333333333336,35.5
2025-03-02,17.4875,13.720833333333333,250.04166666666666,4.720833333333333,4.120833333333334,71.125,0.16375,0.9583333333333334,2.4604166666666667,54.208333333333336,29.708333333333332
2025-03-03,19.529166666666665,16.104166666666668,315.5833333333333,8.570833333333333,6.6375,71.08333333333333,0.16416666666666666,0.2916666666666667,2.4812499999999997,57.958333333333336,33.0
2025-03-04,20.829166666666666,17.7375,318.9583333333333,10.5375,6.183333333333334,63.166666666666664,0.30333333333333334,0.9166666666666666,2.372916666666667,58.833333333333336,33.833333333333336
2025-03-05,24.875,20.125,297.2916666666667,12.004166666666668,8.570833333333333,60.958333333333336,0.3666666666666667,3.0416666666666665,2.1750000000000003,66.125,40.0
2025-03-06,26.066666666666666,21.704166666666666,337.6666666666667,9.733333333333333,9.020833333333334,108.54166666666667,0.29583333333333334,4.583333333333333,2.2729166666666667,89.79166666666667,53.208333333333336
2025-03-07,34.275,25.933333333333334,362.7083333333333,9.4375,9.470833333333333,137.375,0.22541666666666668,9.916666666666666,2.5437499999999997,116.04166666666667,62.083333333333336
2025-03-08,39.725,27.037499999999998,274.2083333333333,7.783333333333334,7.954166666666667,90.41666666666667,0.3425,18.208333333333332,2.4229166666666666,82.29166666666667,61.75
2025-03-09,29.820833333333336,21.599999999999998,271.2083333333333,7.1625000000000005,4.695833333333334,85.66666666666667,0.2833333333333333,9.458333333333334,2.5083333333333333,76.125,55.375
2025-03-10,26.370833333333334,19.979166666666668,214.54166666666666,4.454166666666667,2.966666666666667,86.33333333333333,0.2816666666666667,5.208333333333333,2.5104166666666665,69.20833333333333,43.875
2025-03-11,16.224999999999998,12.233333333333334,200.45833333333334,4.158333333333333,2.4583333333333335,63.541666666666664,0.23416666666666666,0.75,2.214583333333333,58.791666666666664,32.333333333333336
2025-03-12,11.9375,9.354166666666666,274.625,7.691666666666666,3.9875000000000003,61.541666666666664,0.18666666666666668,0.20833333333333334,2.3208333333333333,42.791666666666664,25.333333333333332
2025-03-13,17.45,14.9625,360.2916666666667,13.295833333333334,12.708333333333334,68.33333333333333,0.20583333333333334,0.125,2.589583333333333,49.833333333333336,32.125
2025-03-14,14.583333333333334,11.654166666666667,253.75,8.729166666666666,5.95,50.625,0.19583333333333333,0.8333333333333334,2.61875,51.833333333333336,27.416666666666668
2025-03-15,12.879166666666668,9.170833333333333,212.41666666666666,7.1000000000000005,5.366666666666667,54.791666666666664,0.13208333333333333,2.5833333333333335,2.8249999999999997,44.708333333333336,25.208333333333332
2025-03-16,9.745833333333334,8.112499999999999,259.0,8.383333333333333,6.408333333333334,48.75,0.08583333333333333,0.0,2.80625,35.666666666666664,20.666666666666668
2025-03-17,11.325000000000001,9.049999999999999,217.0,7.625,6.220833333333334,47.833333333333336,0.12083333333333333,0.0,2.7770833333333336,35.083333333333336,20.541666666666668
2025-03-18,10.5625,7.904166666666666,192.0,6.0874999999999995,4.741666666666666,47.0,0.09499999999999999,0.0,2.9104166666666664,34.625,20.458333333333332
2025-03-19,13.783333333333333,10.254166666666666,184.70833333333334,5.45,4.3625,49.125,0.12833333333333333,0.0,2.8666666666666667,36.458333333333336,20.166666666666668
2025-03-20,13.254166666666668,10.104166666666666,158.66666666666666,5.3625,4.475,56.25,0.165,0.041666666666666664,2.827083333333333,46.333333333333336,24.0
2025-03-21,15.637500000000001,11.8125,207.29166666666666,4.495833333333334,3.9916666666666667,73.08333333333333,0.2141666666666667,1.0833333333333333,2.6916666666666664,41.041666666666664,29.208333333333332
2025-03-22,20.945833333333333,16.470833333333335,242.79166666666666,5.366666666666667,4.029166666666667,74.25,0.2916666666666667,1.0,2.3583333333333334,55.541666666666664,30.666666666666668
2025-03-23,19.845833333333335,15.700000000000001,314.5833333333333,4.675,4.333333333333333,86.125,0.31083333333333335,1.0833333333333333,2.58125,57.166666666666664,35.041666666666664
2025-03-24,28.295833333333334,21.704166666666666,272.6666666666667,6.179166666666667,5.183333333333334,80.70833333333333,0.41208333333333336,4.5,2.216666666666667,66.16666666666667,40.625
2025-03-25,32.15833333333333,25.108333333333334,262.8333333333333,7.4624999999999995,6.033333333333334,81.5,0.36624999999999996,7.208333333333333,2.4375,73.375,52.0
2025-03-26,34.987500000000004,29.820833333333336,321.2916666666667,8.049999999999999,5.879166666666666,90.5,0.38458333333333333,3.9583333333333335,2.4208333333333334,81.625,61.458333333333336
2025-03-27,37.71666666666667,32.479166666666664,341.5416666666667,7.795833333333333,7.1625000000000005,104.20833333333333,0.43875,4.625,2.53125,93.58333333333333,65.625
2025-03-28,36.6875,31.162499999999998,334.4166666666667,7.1875,8.845833333333333,119.66666666666667,0.5004166666666666,5.0,2.408333333333333,102.95833333333333,65.45833333333333
2025-03-29,34.80833333333333,27.395833333333332,328.1666666666667,7.520833333333333,6.1125,110.5,0.4975,8.416666666666666,2.3125,93.70833333333333,63.75
2025-03-30,37.4625,27.570833333333336,283.5416666666667,6.216666666666666,5.308333333333334,93.58333333333333,0.5258333333333334,11.708333333333334,2.3312500000000003,83.54166666666667,62.0
2025-03-31,49.1875,36.3125,249.95833333333334,5.454166666666667,5.2,97.04166666666667,0.5912499999999999,18.958333333333332,2.1770833333333335,91.66666666666667,65.33333333333333
2025-04-01,39.24166666666667,30.59583333333333,257.125,5.816666666666666,3.9875000000000003,90.95833333333333,0.40166666666666667,11.041666666666666,2.4145833333333333,97.25,67.33333333333333
2025-04-02,30.7,21.933333333333334,206.91666666666666,4.654166666666667,4.129166666666666,80.625,0.35791666666666666,9.125,2.5833333333333335,82.66666666666667,60.875
2025-04-03,16.070833333333333,11.674999999999999,207.25,7.033333333333334,6.104166666666667,59.666666666666664,0.28958333333333336,2.125,1.9416666666666667,59.166666666666664,33.166666666666664
2025-04-04,15.616666666666667,12.5,260.8333333333333,11.383333333333333,8.283333333333333,54.708333333333336,0.29,0.9583333333333334,2.089583333333333,50.041666666666664,27.166666666666668
2025-04-05,17.245833333333334,13.854166666666666,288.8333333333333,8.225,7.425000000000001,56.875,0.2579166666666667,1.125,2.625,53.375,29.0
2025-04-06,14.141666666666666,11.470833333333333,251.375,8.370833333333334,8.995833333333334,54.208333333333336,0.20541666666666666,0.0,2.80625,50.958333333333336,27.833333333333332
2025-04-07,11.758333333333333,9.133333333333333,248.20833333333334,6.166666666666667,5.504166666666666,52.416666666666664,0.36541666666666667,0.25,2.4604166666666667,41.833333333333336,23.125
2025-04-08,11.729166666666666,8.054166666666667,215.16666666666666,4.95,3.75,56.375,0.28833333333333333,2.2916666666666665,2.4604166666666667,35.208333333333336,23.125
2025-04-09,10.366666666666667,6.983333333333333,196.375,4.341666666666667,2.975,52.583333333333336,0.24666666666666667,1.0416666666666667,2.597916666666667,31.208333333333332,20.958333333333332
2025-04-10,26.287499999999998,21.604166666666668,286.0833333333333,9.866666666666665,12.566666666666668,96.83333333333333,0.5483333333333333,3.9166666666666665,2.122916666666667,60.583333333333336,41.791666666666664
2025-04-11,37.854166666666664,31.129166666666666,341.2083333333333,6.0625,9.112499999999999,148.95833333333334,0.8204166666666667,8.041666666666666,1.897916666666667,116.41666666666667,63.791666666666664
2025-04-12,41.1875,34.5,426.1666666666667,7.7875000000000005,11.054166666666667,162.41666666666666,0.64125,10.375,2.0479166666666666,145.08333333333334,70.54166666666667
2025-04-13,23.7375,18.729166666666668,367.4166666666667,7.741666666666667,8.616666666666667,110.70833333333333,0.65125,4.041666666666667,2.0166666666666666,90.125,56.708333333333336
2025-04-14,24.545833333333334,17.900000000000002,284.8333333333333,6.1875,5.895833333333333,90.70833333333333,0.5908333333333333,6.0,2.183333333333333,62.791666666666664,41.25
2025-04-15,31.608333333333334,19.420833333333334,256.4166666666667,4.933333333333333,5.208333333333333,85.45833333333333,0.60375,16.458333333333332,2.1437500000000003,64.70833333333333,40.416666666666664
2025-04-16,35.40416666666667,19.083333333333332,195.5,4.166666666666667,4.791666666666667,77.04166666666667,0.54875,24.125,2.1687499999999997,64.5,37.791666666666664
2025-04-17,36.729166666666664,20.970833333333335,194.54166666666666,4.520833333333333,5.016666666666667,75.16666666666667,0.62625,22.958333333333332,2.0458333333333334,68.125,42.458333333333336
2025-04-18,29.47083333333333,19.675,245.04166666666666,4.695833333333334,5.3,92.29166666666667,0.61875,11.833333333333334,2.097916666666667,68.54166666666667,45.708333333333336
2025-04-19,35.329166666666666,25.645833333333332,267.4166666666667,6.116666666666667,8.283333333333333,104.70833333333333,0.6575000000000001,12.291666666666666,2.0166666666666666,76.79166666666667,52.458333333333336
2025-04-20,34.80833333333333,25.125,263.2916666666667,5.320833333333334,6.420833333333333,106.0,0.5854166666666667,12.083333333333334,2.2083333333333335,84.625,61.375
2025-04-21,31.979166666666668,21.625,233.625,4.579166666666667,4.695833333333334,95.375,0.4379166666666667,12.291666666666666,2.433333333333333,75.125,55.041666666666664
2025-04-22,25.925,17.591666666666665,240.66666666666666,5.179166666666666,5.133333333333334,92.16666666666667,0.3958333333333333,9.375,2.46875,67.20833333333333,43.75
2025-04-23,18.0125,13.1875,237.08333333333334,5.375,5.9375,98.04166666666667,0.25875,3.7083333333333335,2.6979166666666665,63.75,41.708333333333336
2025-04-24,20.7625,15.195833333333333,205.625,4.8125,5.445833333333333,91.375,0.21,3.875,2.752083333333333,54.291666666666664,38.166666666666664
2025-04-25,22.59166666666667,16.216666666666665,196.04166666666666,4.095833333333333,4.533333333333333,88.75,0.2808333333333333,4.75,2.6354166666666665,58.5,36.666666666666664
2025-04-26,18.162499999999998,13.454166666666666,205.54166666666666,4.216666666666667,4.7625,94.66666666666667,0.27999999999999997,2.2916666666666665,2.597916666666667,57.166666666666664,38.5
2025-04-27,14.049999999999999,10.245833333333334,205.875,4.354166666666667,4.520833333333333,75.41666666666667,0.17958333333333332,1.375,2.7062500000000003,48.875,30.166666666666668
2025-04-28,10.891666666666666,7.762499999999999,175.95833333333334,5.095833333333333,5.333333333333333,64.25,0.19125,0.7083333333333334,2.5479166666666666,37.208333333333336,25.625
2025-04-29,9.845833333333333,7.141666666666667,197.08333333333334,4.329166666666667,5.0625,68.0,0.22708333333333333,0.25,2.6437500000000003,33.916666666666664,27.083333333333332
2025-04-30,16.833333333333332,13.0,176.45833333333334,4.895833333333333,7.208333333333333,92.04166666666667,0.3675,1.1666666666666667,2.5124999999999997,46.583333333333336,38.75
2025-05-01,20.9375,15.254166666666668,197.08333333333334,6.575,9.8375,83.20833333333333,0.5070833333333333,5.291666666666667,2.310416666666667,57.375,37.916666666666664
2025-05-02,20.9375,13.795833333333334,178.91666666666666,4.704166666666667,5.566666666666666,66.875,0.5633333333333334,6.208333333333333,2.2416666666666667,58.625,33.541666666666664
2025-05-03,20.166666666666668,13.429166666666667,218.95833333333334,6.220833333333334,8.25,82.95833333333333,0.5579166666666667,6.791666666666667,2.1729166666666666,56.708333333333336,37.583333333333336
2025-05-04,17.858333333333334,12.045833333333334,226.16666666666666,5.020833333333333,6.741666666666667,87.41666666666667,0.5083333333333333,4.541666666666667,2.3104166666666663,56.666666666666664,37.625
2025-05-05,29.825,23.479166666666668,288.375,6.508333333333333,12.862499999999999,129.79166666666666,0.47750000000000004,7.583333333333333,2.31875,96.125,52.583333333333336
2025-05-06,24.208333333333332,18.729166666666668,256.4583333333333,5.5874999999999995,8.841666666666667,122.25,0.5741666666666667,5.0,2.1687499999999997,93.45833333333333,56.791666666666664
2025-05-07,28.837500000000002,23.008333333333336,275.2916666666667,6.070833333333333,11.929166666666667,112.70833333333333,0.7091666666666666,5.416666666666667,2.0437499999999997,80.20833333333333,50.833333333333336
2025-05-08,32.00416666666667,25.6375,316.4166666666667,7.916666666666667,12.679166666666667,137.25,0.6933333333333334,8.083333333333334,2.0145833333333334,106.625,60.75
2025-05-09,29.079166666666666,21.916666666666668,349.0833333333333,8.054166666666667,10.8375,136.79166666666666,0.445,10.25,2.4458333333333333,107.95833333333333,62.25
2025-05-10,31.0625,25.5625,261.5416666666667,6.3125,11.35,128.25,0.57375,5.583333333333333,2.033333333333333,95.45833333333333,57.625
2025-05-11,36.987500000000004,29.02916666666667,265.625,6.641666666666667,10.65,126.125,0.5845833333333333,9.291666666666666,2.2645833333333334,101.125,63.708333333333336
2025-05-12,36.93333333333333,29.46666666666667,348.875,8.095833333333333,9.829166666666667,136.04166666666666,0.58625,9.875,2.158333333333333,117.70833333333333,66.79166666666667
2025-05-13,40.979166666666664,33.11666666666667,315.2083333333333,8.237499999999999,7.929166666666667,138.16666666666666,0.4945833333333334,13.041666666666666,2.4270833333333335,120.58333333333333,67.25
2025-05-14,27.995833333333334,22.325,310.75,6.3500000000000005,9.083333333333334,118.125,0.4975,5.958333333333333,2.3583333333333334,95.0,62.125
2025-05-15,32.145833333333336,27.479166666666668,278.5,6.970833333333334,12.75,123.79166666666667,0.48041666666666666,5.416666666666667,2.3562499999999997,97.45833333333333,59.166666666666664
2025-05-16,31.941666666666666,28.7625,317.5833333333333,6.191666666666666,11.825000000000001,136.625,0.8366666666666668,2.8333333333333335,1.7791666666666668,112.41666666666667,64.75
2025-05-17,38.42916666666667,36.78333333333333,373.0416666666667,10.441666666666666,13.491666666666667,133.41666666666666,0.81625,2.125,1.1645833333333333,104.125,65.5
2025-05-18,28.15833333333333,26.2625,330.6666666666667,10.179166666666667,8.191666666666666,104.33333333333333,0.5891666666666667,2.375,1.3104166666666666,100.83333333333333,68.5
2025-05-19,8.104166666666666,7.183333333333334,332.4583333333333,11.3375,8.954166666666667,53.791666666666664,0.16166666666666668,0.4166666666666667,1.6020833333333335,53.5,31.625
2025-05-20,21.116666666666667,20.599999999999998,393.25,14.245833333333332,16.416666666666668,116.5,0.39208333333333334,0.4583333333333333,2.03125,80.33333333333333,46.25
2025-05-21,19.420833333333334,18.224999999999998,476.625,14.641666666666666,15.116666666666667,104.0,0.26958333333333334,0.5,1.8187499999999999,82.79166666666667,52.0
2025-05-22,37.0,21.733333333333334,385.625,13.7125,11.795833333333334,100.25,0.3591666666666667,25.375,2.1020833333333333,72.83333333333333,47.125
2025-05-23,46.208333333333336,25.083333333333332,270.5833333333333,9.404166666666667,11.391666666666666,111.75,0.3720833333333333,34.75,2.4770833333333333,88.08333333333333,58.5
2025-05-24,18.308333333333334,14.549999999999999,258.7083333333333,14.358333333333334,12.5875,75.70833333333333,0.22,3.6666666666666665,1.9916666666666665,66.58333333333333,45.958333333333336
2025-05-25,13.0625,11.329166666666666,244.45833333333334,14.120833333333332,12.125,60.791666666666664,0.15208333333333332,1.2916666666666667,1.3125,52.666666666666664,31.416666666666668
2025-05-26,11.266666666666666,10.4125,260.0833333333333,13.025,9.8375,63.5,0.1525,0.2916666666666667,1.4666666666666668,42.875,28.625
2025-05-27,9.866666666666667,8.779166666666667,221.83333333333334,12.112499999999999,8.520833333333334,67.20833333333333,0.19458333333333333,1.5,1.9479166666666667,40.875,28.333333333333332
2025-05-28,10.158333333333333,8.645833333333334,229.5,13.704166666666666,7.366666666666667,61.458333333333336,0.19458333333333333,2.25,1.7645833333333334,39.0,25.875
2025-05-29,10.208333333333334,9.15,255.25,10.754166666666665,7.591666666666666,69.625,0.18416666666666667,0.8333333333333334,2.285416666666667,37.625,28.791666666666668
2025-05-30,22.145833333333332,15.525,286.75,15.616666666666667,9.729166666666666,67.25,0.34833333333333333,11.291666666666666,1.84375,48.583333333333336,32.458333333333336
2025-05-31,38.65,21.741666666666664,296.6666666666667,16.220833333333335,8.2875,80.41666666666667,0.545,27.333333333333332,1.8187499999999999,64.375,42.625
2025-06-01,38.53333333333333,23.2,275.75,14.237499999999999,7.5125,95.91666666666667,0.46208333333333335,24.208333333333332,2.1458333333333335,85.29166666666667,58.916666666666664
2025-06-02,32.708333333333336,22.087500000000002,279.2083333333333,11.408333333333333,8.570833333333333,96.54166666666667,0.3720833333333333,14.958333333333334,2.404166666666667,75.75,52.625
2025-06-03,23.979166666666668,17.258333333333333,307.25,10.941666666666668,8.495833333333334,93.58333333333333,0.30916666666666665,8.916666666666666,2.6666666666666665,72.70833333333333,49.666666666666664
2025-06-04,26.320833333333336,17.491666666666667,271.5,9.395833333333334,9.245833333333334,102.79166666666667,0.29916666666666664,11.958333333333334,2.283333333333333,70.95833333333333,45.666666666666664
2025-06-05,45.54583333333333,21.4875,212.79166666666666,8.145833333333334,6.083333333333333,92.66666666666667,0.40958333333333335,39.791666666666664,2.1145833333333335,65.33333333333333,43.833333333333336
2025-06-06,52.17916666666667,27.1375,257.375,6.9875,8.5,110.0,0.5304166666666666,39.083333333333336,2.1958333333333333,82.70833333333333,61.041666666666664
2025-06-07,58.2875,31.9375,332.125,11.770833333333334,8.820833333333333,112.16666666666667,0.5408333333333334,43.375,2.0749999999999997,98.33333333333333,64.33333333333333
2025-06-08,39.44583333333333,27.508333333333336,301.375,12.3375,8.058333333333334,119.29166666666667,0.49666666666666665,19.125,2.254166666666667,108.0,65.95833333333333
2025-06-09,28.758333333333336,21.7625,368.125,13.25,10.625,107.04166666666667,0.6283333333333333,12.291666666666666,1.9416666666666667,89.375,59.458333333333336
2025-06-10,33.574999999999996,23.7375,310.1666666666667,13.7125,8.904166666666667,101.95833333333333,0.7741666666666668,17.5,1.7666666666666666,83.33333333333333,51.833333333333336
2025-06-11,53.2125,33.137499999999996,293.375,16.145833333333332,12.183333333333332,100.625,0.9820833333333333,37.5,1.1791666666666665,84.83333333333333,62.083333333333336
2025-06-12,33.75416666666667,24.316666666666666,351.5416666666667,11.520833333333334,10.6,108.70833333333333,0.5895833333333333,16.166666666666668,1.9874999999999998,100.25,65.04166666666667
2025-06-13,22.3875,18.55,331.5833333333333,10.620833333333334,10.325000000000001,99.16666666666667,0.30875,4.333333333333333,2.40625,80.70833333333333,53.916666666666664
2025-06-14,14.929166666666667,13.333333333333334,294.375,11.654166666666667,10.408333333333333,80.20833333333333,0.22624999999999998,1.4166666666666667,1.75,58.791666666666664,39.416666666666664
2025-06-15,12.575000000000001,11.195833333333333,266.8333333333333,10.916666666666666,9.3125,70.33333333333333,0.16083333333333333,0.5,1.9833333333333334,51.958333333333336,33.041666666666664
2025-06-16,13.720833333333333,11.5875,223.66666666666666,13.208333333333334,9.008333333333333,66.54166666666667,0.15333333333333335,1.875,1.8354166666666665,43.541666666666664,29.875
2025-06-17,13.9375,12.0375,233.70833333333334,14.191666666666668,8.029166666666667,73.41666666666667,0.23583333333333334,1.5,1.9291666666666665,52.875,34.5
2025-06-18,16.679166666666667,12.570833333333333,221.25,10.737499999999999,7.4125000000000005,76.125,0.2916666666666667,4.166666666666667,1.9791666666666667,48.416666666666664,33.916666666666664
2025-06-19,17.320833333333333,12.924999999999999,241.08333333333334,10.541666666666666,7.3,77.83333333333333,0.31,4.333333333333333,2.1041666666666665,55.166666666666664,36.083333333333336
2025-06-20,22.920833333333334,15.208333333333334,250.45833333333334,10.066666666666666,8.554166666666667,86.125,0.3825,10.375,2.08125,60.125,39.0
2025-06-21,28.358333333333334,17.866666666666667,276.75,12.595833333333333,8.783333333333333,82.54166666666667,0.3695833333333333,16.0,2.18125,62.541666666666664,40.041666666666664
2025-06-22,19.341666666666665,13.354166666666666,246.66666666666666,13.829166666666666,8.625,63.583333333333336,0.38916666666666666,9.041666666666666,1.7208333333333334,57.791666666666664,34.916666666666664
2025-06-23,12.016666666666666,9.258333333333333,323.125,13.8375,8.679166666666667,53.833333333333336,0.3275,5.0,1.4749999999999999,44.458333333333336,25.708333333333332
2025-06-24,18.195833333333333,12.7125,237.45833333333334,15.316666666666668,7.5125,53.333333333333336,0.36625,7.625,1.8770833333333332,44.833333333333336,26.125
2025-06-25,18.745833333333334,12.054166666666667,256.375,13.095833333333333,8.279166666666667,52.833333333333336,0.38833333333333336,10.166666666666666,1.5625,49.958333333333336,27.166666666666668
2025-06-26,22.045833333333334,15.016666666666666,279.75,11.975,8.5,67.125,0.4595833333333334,8.541666666666666,1.7666666666666666,54.5,33.5
2025-06-27,22.59166666666667,13.858333333333334,249.54166666666666,9.85,7.8999999999999995,72.33333333333333,0.36000000000000004,12.458333333333334,2.2583333333333333,54.458333333333336,35.75
2025-06-28,23.075,14.458333333333334,252.29166666666666,10.049999999999999,7.9624999999999995,77.91666666666667,0.5420833333333334,12.833333333333334,1.5416666666666667,56.625,37.708333333333336
2025-06-29,24.78333333333333,14.325000000000001,233.125,9.049999999999999,7.241666666666667,77.25,0.5666666666666667,15.625,1.9104166666666667,54.208333333333336,36.208333333333336
2025-06-30,33.25833333333333,16.941666666666666,247.20833333333334,14.325000000000001,8.345833333333333,64.375,0.49,27.875,1.8812499999999999,57.125,35.625
2025-07-01,34.12083333333333,18.3625,308.7916666666667,16.091666666666665,8.495833333333334,61.833333333333336,0.4295833333333334,27.833333333333332,1.5229166666666665,64.54166666666667,38.041666666666664
2025-07-02,20.070833333333333,13.325000000000001,311.2916666666667,13.491666666666667,7.8875,63.833333333333336,0.32,10.041666666666666,1.6083333333333334,58.958333333333336,34.875
2025-07-03,17.05,12.841666666666667,322.4583333333333,16.766666666666666,8.991666666666667,52.041666666666664,0.26958333333333334,5.833333333333333,1.6749999999999998,48.208333333333336,26.75
2025-07-04,23.9375,15.691666666666668,268.6666666666667,14.341666666666667,8.554166666666667,65.08333333333333,0.36083333333333334,11.916666666666666,2.1479166666666667,55.916666666666664,34.375
2025-07-05,17.829166666666666,12.133333333333333,279.25,14.112499999999999,7.5249999999999995,61.291666666666664,0.27791666666666665,8.708333333333334,2.275,53.791666666666664,33.666666666666664
2025-07-06,16.420833333333334,9.608333333333333,271.75,12.166666666666666,7.333333333333333,61.625,0.29791666666666666,11.208333333333334,2.1437500000000003,46.708333333333336,29.083333333333332
2025-07-07,27.3625,13.629166666666668,210.66666666666666,12.825000000000001,7.120833333333334,62.75,0.4995833333333333,23.5,1.7666666666666666,43.791666666666664,28.666666666666668
2025-07-08,31.808333333333334,16.208333333333332,208.16666666666666,10.908333333333333,7.204166666666667,72.08333333333333,0.5391666666666667,25.625,2.15625,56.041666666666664,36.458333333333336
2025-07-09,51.59166666666667,25.195833333333336,308.1666666666667,14.370833333333332,7.8625,72.70833333333333,0.5175,44.625,2.004166666666667,72.75,53.916666666666664
2025-07-10,29.96666666666667,15.683333333333332,251.375,10.2,7.6499999999999995,70.33333333333333,0.4908333333333333,24.333333333333332,2.091666666666667,66.29166666666667,44.833333333333336
2025-07-11,28.079166666666666,15.799999999999999,215.125,8.275,6.9624999999999995,80.875,0.33749999999999997,19.041666666666668,2.3333333333333335,57.541666666666664,38.208333333333336
2025-07-12,19.029166666666665,12.383333333333333,267.0833333333333,12.225,8.870833333333334,72.41666666666667,0.22791666666666666,11.666666666666666,2.5124999999999997,58.416666666666664,37.875
2025-07-13,25.4875,16.041666666666668,338.1666666666667,11.666666666666666,8.033333333333333,76.125,0.35000000000000003,14.666666666666666,1.8812499999999999,54.541666666666664,36.625
2025-07-14,27.854166666666668,16.058333333333334,360.4583333333333,11.970833333333333,8.225,72.95833333333333,0.32166666666666666,19.833333333333332,2.2583333333333333,59.75,38.041666666666664
2025-07-15,17.704166666666666,12.4375,303.5833333333333,12.174999999999999,8.266666666666667,64.16666666666667,0.2708333333333333,8.291666666666666,2.027083333333333,56.458333333333336,33.541666666666664
2025-07-16,18.9625,13.516666666666666,250.95833333333334,11.633333333333333,8.049999999999999,74.04166666666667,0.28250000000000003,7.333333333333333,2.0854166666666667,51.0,34.5
2025-07-17,16.712500000000002,12.725,270.0833333333333,10.533333333333333,9.504166666666666,76.70833333333333,0.30541666666666667,5.5,1.8291666666666666,53.833333333333336,35.708333333333336
2025-07-18,16.662499999999998,13.558333333333332,298.7083333333333,12.1875,11.108333333333334,80.20833333333333,0.2275,4.791666666666667,2.189583333333333,54.625,37.166666666666664
2025-07-19,16.5125,13.833333333333334,339.2083333333333,14.5875,12.450000000000001,66.45833333333333,0.24708333333333332,4.75,2.2041666666666666,54.25,34.125
2025-07-20,13.904166666666667,10.283333333333333,289.7916666666667,15.700000000000001,11.262500000000001,54.0,0.26375,6.375,1.3208333333333335,49.666666666666664,27.708333333333332
2025-07-21,12.7125,10.091666666666667,321.3333333333333,16.504166666666666,11.808333333333332,48.666666666666664,0.13958333333333334,4.541666666666667,1.2083333333333333,45.083333333333336,23.291666666666668
2025-07-22,12.608333333333334,9.495833333333334,333.8333333333333,12.15,8.741666666666667,65.45833333333333,0.16,5.125,2.2604166666666665,41.583333333333336,28.625
2025-07-23,10.833333333333334,9.666666666666666,323.2916666666667,13.65,8.704166666666667,58.541666666666664,0.18041666666666667,1.7083333333333333,0.9249999999999999,35.25,24.416666666666668
2025-07-24,11.179166666666667,9.958333333333334,312.375,16.07916666666667,9.983333333333333,53.375,0.14083333333333334,1.7916666666666667,1.58125,42.833333333333336,24.583333333333332
2025-07-25,14.1,10.891666666666666,288.7916666666667,13.625,8.795833333333333,54.541666666666664,0.17666666666666667,4.0,1.5895833333333333,44.541666666666664,25.541666666666668
2025-07-26,19.787499999999998,12.0875,272.9583333333333,11.208333333333334,6.883333333333333,56.083333333333336,0.20750000000000002,12.791666666666666,1.8333333333333333,45.5,26.125
2025-07-27,16.304166666666667,11.049999999999999,238.95833333333334,14.5625,7.675,54.083333333333336,0.24166666666666667,8.791666666666666,2.1625,48.0,27.458333333333332
2025-07-28,23.087500000000002,13.983333333333334,236.95833333333334,12.791666666666666,7.195833333333333,59.416666666666664,0.42208333333333337,14.041666666666666,1.8770833333333332,51.208333333333336,30.583333333333332
2025-07-29,20.6125,11.233333333333334,206.0,12.450000000000001,7.2749999999999995,51.791666666666664,0.41041666666666665,15.875,1.9874999999999998,51.5,27.791666666666668
2025-07-30,24.416666666666668,13.825000000000001,221.0,10.729166666666666,7.079166666666667,69.625,0.4741666666666667,17.041666666666668,2.095833333333333,47.041666666666664,31.541666666666668
2025-07-31,46.9375,23.375,246.625,12.737499999999999,8.629166666666666,76.45833333333333,0.50625,41.083333333333336,1.8083333333333333,65.58333333333333,43.083333333333336
2025-08-01,48.39166666666667,26.666666666666668,257.8333333333333,8.966666666666667,10.475,105.5,0.5341666666666667,37.833333333333336,2.091666666666667,86.375,59.833333333333336
2025-08-02,52.32916666666667,27.15833333333333,292.2083333333333,7.558333333333334,10.549999999999999,103.33333333333333,0.58875,44.583333333333336,2.0083333333333333,87.20833333333333,62.291666666666664
2025-08-03,39.30833333333333,25.633333333333336,273.7083333333333,9.458333333333334,10.862499999999999,106.95833333333333,0.5945833333333334,23.208333333333332,2.225,88.79166666666667,60.583333333333336
2025-08-04,31.90833333333333,23.383333333333336,306.7916666666667,11.9125,9.766666666666667,90.5,0.5408333333333334,13.958333333333334,1.7395833333333333,79.16666666666667,59.291666666666664
2025-08-05,31.02916666666667,24.6125,310.0833333333333,10.570833333333333,11.845833333333333,109.95833333333333,0.5958333333333333,10.125,1.9666666666666668,88.875,59.708333333333336
2025-08-06,25.09166666666667,21.695833333333336,358.3333333333333,11.112499999999999,11.866666666666667,116.16666666666667,0.4704166666666667,5.0,2.3312500000000003,95.25,57.791666666666664
2025-08-07,18.716666666666665,16.895833333333332,315.8333333333333,10.445833333333333,13.066666666666668,109.29166666666667,0.3675,1.2916666666666667,2.4812499999999997,77.45833333333333,48.5
2025-08-08,16.045833333333334,15.304166666666667,298.9583333333333,10.608333333333333,11.695833333333333,104.875,0.3358333333333334,0.375,2.3625000000000003,70.0,46.041666666666664
2025-08-09,21.145833333333332,20.304166666666667,388.375,14.4625,11.883333333333333,101.41666666666667,0.365,0.8333333333333334,2.035416666666667,72.75,44.541666666666664
2025-08-10,23.433333333333334,21.029166666666665,362.6666666666667,13.595833333333333,13.933333333333332,92.0,0.4025,3.9166666666666665,2.0770833333333334,76.625,51.208333333333336
2025-08-11,19.245833333333334,14.9125,359.9166666666667,15.991666666666667,10.225,60.125,0.2758333333333333,7.916666666666667,2.2041666666666666,61.041666666666664,36.666666666666664
2025-08-12,17.279166666666665,13.0,340.375,16.379166666666666,10.320833333333333,45.958333333333336,0.24750000000000003,7.791666666666667,1.3583333333333334,55.791666666666664,30.375
2025-08-13,13.041666666666666,10.9625,349.6666666666667,16.841666666666665,9.700000000000001,37.375,0.17916666666666667,3.2916666666666665,1.23125,48.625,23.666666666666668
2025-08-14,17.4875,15.808333333333332,395.7916666666667,15.604166666666666,10.741666666666667,73.125,0.23416666666666666,1.25,2.3854166666666665,53.5,35.708333333333336
2025-08-15,18.733333333333334,16.329166666666666,361.25,14.033333333333333,9.629166666666666,72.625,0.28583333333333333,3.8333333333333335,1.9479166666666667,58.833333333333336,38.666666666666664
2025-08-16,16.712500000000002,12.570833333333333,345.3333333333333,15.8125,9.370833333333334,48.458333333333336,0.2658333333333333,6.75,1.0145833333333334,55.083333333333336,29.791666666666668
2025-08-17,15.895833333333334,13.049999999999999,406.9166666666667,20.133333333333333,11.504166666666668,41.333333333333336,0.24958333333333335,4.625,1.2854166666666667,53.416666666666664,27.583333333333332
2025-08-18,11.316666666666668,10.025,319.7916666666667,15.549999999999999,8.75,50.791666666666664,0.18333333333333335,1.375,1.2354166666666666,45.958333333333336,26.166666666666668
2025-08-19,17.166666666666668,13.379166666666668,402.9166666666667,15.491666666666667,8.120833333333334,55.125,0.23625,4.916666666666667,1.7958333333333334,48.458333333333336,28.0
2025-08-20,20.599999999999998,16.016666666666666,330.25,14.245833333333332,7.179166666666667,76.58333333333333,0.29625,5.083333333333333,2.4375,55.708333333333336,37.833333333333336
2025-08-21,28.008333333333336,19.629166666666666,294.0416666666667,13.295833333333334,9.841666666666667,83.16666666666667,0.3275,11.958333333333334,2.410416666666667,65.91666666666667,42.791666666666664
2025-08-22,27.120833333333334,20.3625,277.75,10.170833333333333,9.970833333333333,97.25,0.42375,9.875,2.2020833333333334,70.04166666666667,45.916666666666664
2025-08-23,24.083333333333332,16.6875,351.8333333333333,13.237499999999999,9.158333333333333,78.83333333333333,0.36041666666666666,11.833333333333334,1.8604166666666666,64.58333333333333,41.708333333333336
2025-08-24,26.175,20.445833333333333,388.625,11.4125,11.120833333333332,109.95833333333333,0.3279166666666667,8.458333333333334,2.660416666666667,85.45833333333333,50.791666666666664
2025-08-25,23.066666666666666,19.05,306.625,11.683333333333332,8.708333333333334,100.625,0.24375,4.583333333333333,2.53125,71.625,44.75
2025-08-26,28.52916666666667,24.583333333333332,297.75,19.445833333333333,10.070833333333333,100.875,0.30291666666666667,3.125,2.4520833333333334,75.79166666666667,49.5
2025-08-27,13.1875,11.987499999999999,263.4583333333333,20.145833333333332,9.354166666666666,44.5,0.19041666666666668,1.625,1.3395833333333333,68.5,45.458333333333336
2025-08-28,14.429166666666667,12.875,301.0416666666667,12.333333333333334,9.3125,65.75,0.2225,0.9583333333333334,1.6833333333333333,43.0,27.5
2025-08-29,14.549999999999999,12.6,264.2083333333333,11.629166666666668,9.333333333333334,73.375,0.21125000000000002,1.0833333333333333,2.379166666666667,54.333333333333336,34.666666666666664
2025-08-30,18.608333333333334,15.220833333333333,274.625,13.791666666666666,9.920833333333333,87.70833333333333,0.2920833333333333,5.375,2.4270833333333335,61.541666666666664,39.458333333333336
2025-08-31,26.1875,18.587500000000002,314.25,15.829166666666667,10.841666666666667,65.0,0.38833333333333336,12.583333333333334,1.825,60.875,36.333333333333336
2025-09-01,21.7625,14.9125,328.4166666666667,18.783333333333335,11.258333333333333,48.25,0.34208333333333335,12.083333333333334,1.5333333333333334,59.583333333333336,33.166666666666664
2025-09-02,23.40833333333333,14.729166666666666,260.875,15.891666666666666,8.383333333333333,52.958333333333336,0.35083333333333333,14.583333333333334,1.5458333333333334,57.125,31.916666666666668
2025-09-03,16.704166666666666,11.929166666666667,291.4583333333333,12.362499999999999,9.270833333333334,63.958333333333336,0.25708333333333333,7.666666666666667,2.002083333333333,52.583333333333336,32.583333333333336
2025-09-04,22.079166666666666,16.575,240.83333333333334,13.416666666666666,10.058333333333334,77.83333333333333,0.345,7.708333333333333,2.122916666666667,53.375,34.666666666666664
2025-09-05,26.958333333333332,18.962500000000002,245.54166666666666,11.633333333333333,9.825000000000001,97.08333333333333,0.32625,11.666666666666666,2.5875,72.25,47.583333333333336
2025-09-06,34.12916666666667,24.316666666666666,279.5,8.570833333333333,10.7875,118.70833333333333,0.42,14.708333333333334,2.3916666666666666,85.66666666666667,52.041666666666664
2025-09-07,28.441666666666666,22.1125,286.4166666666667,8.575,9.275,116.54166666666667,0.39749999999999996,9.416666666666666,2.3916666666666666,95.375,59.791666666666664
2025-09-08,25.90833333333333,20.358333333333334,252.25,9.916666666666666,8.7875,102.0,0.31958333333333333,7.416666666666667,2.38125,80.29166666666667,52.958333333333336
2025-09-09,26.770833333333332,22.579166666666666,279.75,8.645833333333334,11.916666666666666,110.95833333333333,0.42,4.541666666666667,2.00625,78.625,50.375
2025-09-10,20.8,18.529166666666665,287.125,8.879166666666666,11.129166666666668,111.0,0.4275,2.125,2.34375,79.79166666666667,51.958333333333336
2025-09-11,18.283333333333335,17.212500000000002,310.2916666666667,13.966666666666667,10.791666666666666,99.25,0.3954166666666667,1.9166666666666667,1.8541666666666667,69.08333333333333,43.916666666666664
2025-09-12,26.170833333333334,24.075,424.875,17.6,14.858333333333334,89.66666666666667,0.44333333333333336,3.9166666666666665,1.98125,73.875,47.666666666666664
2025-09-13,32.237500000000004,28.445833333333336,406.75,19.604166666666668,17.349999999999998,98.04166666666667,0.48208333333333336,6.541666666666667,1.71875,82.79166666666667,61.5
2025-09-14,33.32083333333333,26.47083333333333,325.4583333333333,8.916666666666666,9.625,113.66666666666667,0.5816666666666667,8.0,1.8895833333333334,86.20833333333333,62.583333333333336
2025-09-15,30.229166666666668,24.675,292.7916666666667,8.295833333333333,11.870833333333332,132.66666666666666,0.42,7.208333333333333,2.1416666666666666,106.58333333333333,63.458333333333336
2025-09-16,22.183333333333334,18.55,312.75,10.987499999999999,12.183333333333332,102.625,0.37999999999999995,4.416666666666667,2.154166666666667,80.75,52.916666666666664
2025-09-17,17.4875,15.279166666666667,297.5833333333333,9.708333333333334,12.075000000000001,94.5,0.35916666666666663,2.125,2.2895833333333333,64.0,42.916666666666664
2025-09-18,20.433333333333334,19.55,356.375,11.3125,12.6875,109.04166666666667,0.37958333333333333,1.0416666666666667,2.160416666666667,79.25,47.166666666666664
2025-09-19,16.775000000000002,15.516666666666666,378.7916666666667,12.670833333333334,11.924999999999999,83.41666666666667,0.2675,1.875,2.1999999999999997,66.91666666666667,42.541666666666664
2025-09-20,17.445833333333333,13.683333333333332,347.2916666666667,16.287499999999998,13.783333333333333,67.58333333333333,0.22583333333333333,6.791666666666667,1.9854166666666666,55.083333333333336,34.708333333333336
2025-09-21,21.004166666666666,16.016666666666666,403.4583333333333,15.7125,12.858333333333334,77.75,0.25916666666666666,8.958333333333334,1.8145833333333332,59.708333333333336,37.708333333333336
2025-09-22,17.933333333333334,14.441666666666668,391.0,13.133333333333333,12.616666666666667,83.5,0.27625,6.375,2.0395833333333333,59.208333333333336,38.375
2025-09-23,14.083333333333334,11.958333333333334,368.0833333333333,11.891666666666666,9.245833333333334,61.833333333333336,0.27208333333333334,3.75,2.025,53.791666666666664,30.583333333333332
2025-09-24,14.583333333333334,12.137500000000001,401.4166666666667,14.254166666666668,8.745833333333334,52.541666666666664,0.2891666666666667,4.291666666666667,2.03125,46.708333333333336,27.416666666666668
2025-09-25,16.6875,14.183333333333332,291.375,13.366666666666667,8.833333333333334,69.95833333333333,0.28750000000000003,3.75,2.53125,54.166666666666664,35.083333333333336
2025-09-26,12.554166666666667,11.25,352.5,15.391666666666666,8.629166666666666,54.583333333333336,0.2333333333333333,1.625,2.2687500000000003,48.958333333333336,29.25
2025-09-27,13.658333333333333,12.4125,380.5,13.9625,8.395833333333334,59.208333333333336,0.2304166666666667,1.8333333333333333,2.375,51.291666666666664,32.083333333333336
2025-09-28,17.858333333333334,15.237499999999999,332.0833333333333,13.504166666666668,9.370833333333334,71.25,0.23208333333333334,3.0,2.3958333333333335,54.208333333333336,35.708333333333336
2025-09-29,19.904166666666665,15.35,312.9166666666667,16.495833333333334,11.304166666666667,64.16666666666667,0.26625000000000004,5.791666666666667,1.5520833333333333,59.291666666666664,34.166666666666664
2025-09-30,33.44166666666667,21.8125,341.4166666666667,22.3875,13.641666666666666,54.375,0.29791666666666666,18.833333333333332,1.25,64.625,38.541666666666664
2025-10-01,22.766666666666666,17.620833333333334,423.75,25.195833333333336,10.870833333333332,38.458333333333336,0.21166666666666667,7.458333333333333,1.0020833333333334,69.625,45.25
2025-10-02,21.816666666666666,18.095833333333335,443.0416666666667,17.566666666666666,11.529166666666667,84.5,0.26,4.666666666666667,2.15,65.25,41.833333333333336
2025-10-03,21.849999999999998,17.575,316.7083333333333,13.629166666666668,10.987499999999999,81.375,0.265,4.458333333333333,1.7479166666666666,65.20833333333333,41.416666666666664
2025-10-04,17.483333333333334,15.387500000000001,427.3333333333333,12.358333333333334,10.816666666666668,98.79166666666667,0.22791666666666666,2.2083333333333335,2.0395833333333333,70.33333333333333,44.083333333333336
2025-10-05,22.816666666666666,19.900000000000002,409.9166666666667,15.866666666666667,10.179166666666667,98.625,0.24250000000000002,2.9166666666666665,2.3583333333333334,75.25,45.333333333333336
2025-10-06,21.287499999999998,19.483333333333334,470.125,12.0875,11.637500000000001,113.29166666666667,0.305,2.4583333333333335,2.2875,88.70833333333333,52.875
2025-10-07,22.891666666666666,19.712500000000002,728.4583333333334,12.004166666666668,15.666666666666666,119.70833333333333,0.35833333333333334,4.375,2.214583333333333,90.45833333333333,49.583333333333336
2025-10-08,25.629166666666666,22.304166666666664,544.0833333333334,10.8375,9.154166666666667,112.0,0.54875,3.6666666666666665,1.7562499999999999,82.54166666666667,53.833333333333336
2025-10-09,25.420833333333334,22.758333333333336,370.8333333333333,10.575000000000001,12.745833333333332,113.375,0.48208333333333336,3.2916666666666665,2.1395833333333334,84.25,52.916666666666664
2025-10-10,26.0,21.8625,315.0416666666667,11.654166666666667,11.916666666666666,94.58333333333333,0.3279166666666667,5.125,2.1041666666666665,74.70833333333333,54.333333333333336
2025-10-11,31.52916666666667,28.587500000000002,404.0833333333333,11.766666666666666,14.9,119.20833333333333,0.4666666666666666,4.041666666666667,1.8604166666666666,99.375,60.125
2025-10-12,20.208333333333332,18.849999999999998,444.9166666666667,12.262500000000001,6.608333333333333,93.29166666666667,0.43166666666666664,1.0,2.05,74.25,51.25
2025-10-13,14.795833333333334,13.804166666666667,334.875,9.583333333333334,9.966666666666667,95.58333333333333,0.4145833333333333,0.0,1.6937499999999999,64.875,42.041666666666664
2025-10-14,12.145833333333334,9.483333333333333,195.0,5.491666666666667,3.266666666666667,53.666666666666664,0.17125,0.5833333333333334,2.4375,47.166666666666664,23.666666666666668
2025-10-15,6.1499999999999995,4.708333333333333,163.5,4.8625,2.4166666666666665,41.458333333333336,0.11750000000000001,0.0,1.5479166666666666,29.291666666666668,17.208333333333332
2025-10-16,6.716666666666666,5.0125,176.375,4.675,2.4583333333333335,42.083333333333336,0.11541666666666667,0.0,2.035416666666667,21.791666666666668,16.916666666666668
2025-10-17,5.641666666666667,4.2749999999999995,181.875,5.2124999999999995,2.795833333333333,28.5,0.10916666666666668,0.0,1.6208333333333333,18.083333333333332,11.333333333333334
2025-10-18,7.7875000000000005,6.0874999999999995,244.83333333333334,5.9750000000000005,4.204166666666667,31.875,0.13583333333333333,0.0,1.4166666666666667,21.75,12.708333333333334
2025-10-19,8.225,6.679166666666667,207.33333333333334,7.191666666666666,4.804166666666666,39.625,0.13541666666666666,0.0,2.03125,27.583333333333332,16.083333333333332
2025-10-20,7.391666666666667,5.533333333333334,173.16666666666666,5.245833333333334,2.6458333333333335,42.5,0.13708333333333333,0.0,1.3625,27.375,17.041666666666668
2025-10-21,6.716666666666666,4.729166666666667,164.875,3.891666666666667,1.5875000000000001,57.416666666666664,0.15791666666666668,0.0,0.9395833333333333,25.5,22.916666666666668
2025-10-22,7.983333333333333,5.808333333333334,203.79166666666666,6.0,1.9541666666666666,54.458333333333336,0.1475,0.0,0.3854166666666667,25.958333333333332,21.708333333333332
2025-10-23,19.875,18.650000000000002,508.9166666666667,15.133333333333333,12.241666666666667,76.625,0.36916666666666664,0.0,1.3291666666666666,41.25,31.375
2025-10-24,20.629166666666666,20.3625,629.5833333333334,21.283333333333335,17.883333333333333,61.666666666666664,0.30333333333333334,0.0,0.5229166666666667,71.41666666666667,48.208333333333336
2025-10-25,12.841666666666667,12.145833333333334,454.375,16.712500000000002,12.625,61.875,0.22666666666666668,0.0,1.7708333333333333,62.166666666666664,36.0
2025-10-26,9.716666666666667,7.795833333333333,371.9583333333333,8.237499999999999,3.9875000000000003,63.291666666666664,0.16333333333333333,0.0,1.4604166666666665,34.333333333333336,25.25
2025-10-27,8.674999999999999,7.979166666666667,333.7916666666667,10.591666666666667,6.45,65.66666666666667,0.10541666666666667,0.0,0.2354166666666667,34.625,26.333333333333332
2025-10-28,11.0375,10.816666666666668,356.7916666666667,14.408333333333333,7.066666666666666,45.25,0.1779166666666667,0.0,0.5020833333333333,34.083333333333336,19.041666666666668
2025-10-29,17.579166666666666,15.695833333333333,359.7916666666667,10.958333333333334,9.333333333333334,86.29166666666667,0.24291666666666667,0.08333333333333333,2.004166666666667,60.291666666666664,40.041666666666664
2025-10-30,20.3875,17.641666666666666,336.3333333333333,9.708333333333334,9.391666666666667,93.41666666666667,0.25875,0.625,2.13125,68.375,41.916666666666664
2025-10-31,24.52916666666667,20.541666666666668,374.4166666666667,11.770833333333334,10.479166666666666,108.16666666666667,0.28958333333333336,2.75,2.027083333333333,79.45833333333333,49.708333333333336
2025-11-01,27.6375,23.620833333333334,352.9166666666667,11.0875,11.704166666666666,114.95833333333333,0.3833333333333333,2.4583333333333335,1.75,80.91666666666667,55.083333333333336
2025-11-02,30.254166666666666,27.729166666666668,588.0833333333334,13.470833333333333,17.095833333333335,125.66666666666667,0.5345833333333333,2.25,1.75,96.375,58.875
2025-11-03,38.52916666666667,36.75833333333333,574.5416666666666,19.654166666666665,18.783333333333335,119.08333333333333,0.5216666666666666,1.75,1.6875,109.70833333333333,67.45833333333333
2025-11-04,24.462500000000002,23.833333333333332,500.2083333333333,15.475,12.033333333333333,98.20833333333333,0.4916666666666667,0.4166666666666667,1.7375,89.70833333333333,63.791666666666664
2025-11-05,20.958333333333332,20.770833333333332,487.875,10.325000000000001,10.1875,98.54166666666667,0.5529166666666666,0.0,1.1958333333333333,73.79166666666667,53.291666666666664
2025-11-06,14.058333333333332,13.779166666666667,429.2083333333333,10.383333333333335,7.683333333333334,95.41666666666667,0.48875,0.0,1.4083333333333332,62.875,42.541666666666664
2025-11-07,27.916666666666668,26.90416666666667,437.6666666666667,13.354166666666666,6.758333333333333,101.5,0.5279166666666667,0.5416666666666666,1.6229166666666668,69.08333333333333,47.166666666666664
2025-11-08,39.52916666666667,37.295833333333334,386.7083333333333,9.549999999999999,7.383333333333333,117.79166666666667,0.6266666666666667,2.0416666666666665,1.4104166666666667,94.83333333333333,66.45833333333333
2025-11-09,48.854166666666664,45.612500000000004,403.625,5.566666666666666,8.083333333333334,127.79166666666667,0.9500000000000001,3.2916666666666665,1.0958333333333334,118.79166666666667,74.41666666666667
2025-11-10,45.25833333333333,42.12083333333333,371.875,5.575,8.0625,132.04166666666666,0.8141666666666666,2.5416666666666665,1.1875,114.16666666666667,72.25
2025-11-11,49.36666666666667,44.762499999999996,331.5,4.729166666666667,6.141666666666667,119.66666666666667,0.8325,3.8333333333333335,1.2875,124.20833333333333,76.08333333333333
2025-11-12,44.975,39.800000000000004,346.0833333333333,4.791666666666667,5.845833333333334,117.41666666666667,0.5345833333333333,3.4166666666666665,1.59375,121.5,75.29166666666667
2025-11-13,45.44166666666666,40.2875,374.6666666666667,4.883333333333334,6.120833333333334,126.54166666666667,0.8708333333333332,3.5,0.9729166666666665,108.20833333333333,71.0
2025-11-14,47.05833333333334,38.925,344.125,3.8333333333333335,4.925,127.83333333333333,0.5833333333333334,8.583333333333334,1.5604166666666668,109.20833333333333,71.33333333333333
2025-11-15,53.512499999999996,44.425000000000004,338.2083333333333,4.416666666666667,3.141666666666667,117.875,0.7854166666666668,9.458333333333334,1.1145833333333333,114.20833333333333,72.91666666666667
2025-11-16,50.29583333333333,42.520833333333336,304.75,3.0875,2.9375,124.79166666666667,0.8216666666666667,5.791666666666667,0.6687500000000001,121.66666666666667,75.41666666666667
2025-11-17,33.074999999999996,28.55,342.2083333333333,4.054166666666666,2.7458333333333336,117.75,0.5929166666666666,2.0,0.5375,107.54166666666667,70.70833333333333
2025-11-18,15.887500000000001,12.429166666666667,290.9166666666667,4.095833333333333,2.058333333333333,89.5,0.23166666666666666,0.0,1.4416666666666667,60.166666666666664,41.0
2025-11-19,26.645833333333332,22.258333333333336,323.6666666666667,3.65,3.5625,111.54166666666667,0.315,0.75,1.8020833333333333,67.29166666666667,48.625
2025-11-20,19.3875,15.512500000000001,304.125,3.8125,2.504166666666667,102.66666666666667,0.23458333333333334,0.16666666666666666,1.5229166666666665,71.83333333333333,45.625
2025-11-21,7.966666666666666,5.4624999999999995,210.04166666666666,3.829166666666667,2.1,65.75,0.105,0.0,1.5729166666666667,39.0,26.5
2025-11-22,10.158333333333333,6.991666666666667,244.45833333333334,3.8041666666666667,2.0749999999999997,71.54166666666667,0.14833333333333334,0.0,1.5208333333333333,33.125,28.666666666666668
2025-11-23,11.379166666666668,7.945833333333333,238.58333333333334,3.8041666666666667,2.2041666666666666,72.625,0.17416666666666666,0.0,1.4041666666666668,33.0,29.041666666666668
2025-11-24,29.704166666666666,24.004166666666666,283.7916666666667,4.3500000000000005,2.6333333333333333,97.41666666666667,0.365,2.0,1.28125,49.083333333333336,40.625
2025-11-25,42.50833333333333,36.112500000000004,291.25,3.158333333333333,3.0541666666666667,123.83333333333333,0.5008333333333334,2.875,1.5083333333333335,93.79166666666667,65.91666666666667
2025-11-26,49.93333333333334,42.487500000000004,278.2916666666667,3.4250000000000003,2.4125,119.29166666666667,0.6124999999999999,5.208333333333333,1.3062500000000001,109.66666666666667,71.45833333333333
2025-11-27,49.775,43.895833333333336,299.4166666666667,2.7541666666666664,4.041666666666667,133.08333333333334,0.66625,2.75,1.14375,119.0,74.54166666666667
2025-11-28,35.354166666666664,30.170833333333334,274.5833333333333,2.9166666666666665,3.5083333333333333,123.0,0.4979166666666666,2.0,1.4583333333333333,107.66666666666667,70.75
2025-11-29,12.454166666666666,8.583333333333334,208.20833333333334,2.8000000000000003,1.4875,92.79166666666667,0.19666666666666666,0.041666666666666664,0.9291666666666667,64.66666666666667,46.291666666666664
2025-11-30,9.475,6.804166666666667,222.25,2.6416666666666666,1.1875,91.66666666666667,0.16874999999999998,0.0,0.17916666666666667,42.583333333333336,36.75
2025-12-01,10.016666666666667,8.141666666666667,271.1666666666667,2.8625000000000003,1.7666666666666666,93.95833333333333,0.1625,0.0,0.5729166666666666,43.583333333333336,37.625
2025-12-02,12.058333333333332,9.195833333333333,297.625,3.15,1.5166666666666666,93.41666666666667,0.17166666666666666,0.0,0.37083333333333335,43.208333333333336,37.416666666666664
2025-12-03,13.0375,10.895833333333334,325.875,6.191666666666666,2.8708333333333336,87.41666666666667,0.2529166666666667,0.0,0.9812500000000001,45.375,35.041666666666664
2025-12-04,13.454166666666666,10.820833333333333,294.625,4.970833333333333,2.4,72.125,0.2704166666666667,0.0,0.7520833333333333,38.958333333333336,28.958333333333332
2025-12-05,49.166666666666664,44.27916666666667,334.4166666666667,2.9958333333333336,3.658333333333333,120.08333333333333,0.8983333333333333,0.2916666666666667,1.2125,79.875,57.625
2025-12-06,50.63333333333333,45.9125,339.25,3.4,3.5875,113.83333333333333,0.75625,1.4166666666666667,1.45625,134.58333333333334,79.41666666666667
2025-12-07,45.3375,40.170833333333334,338.1666666666667,3.470833333333333,4.1375,116.20833333333333,0.6566666666666666,1.0,1.1708333333333334,116.29166666666667,73.66666666666667
2025-12-08,39.55416666666667,34.358333333333334,331.4583333333333,3.233333333333333,4.595833333333333,124.70833333333333,0.5179166666666667,1.375,1.5250000000000001,100.41666666666667,68.41666666666667
2025-12-09,42.449999999999996,36.800000000000004,356.625,3.1125000000000003,7.120833333333334,136.875,0.5154166666666667,2.2916666666666665,1.6624999999999999,105.04166666666667,69.0
2025-12-10,61.75833333333333,54.4375,379.0,3.375,9.066666666666666,136.58333333333334,0.7466666666666667,7.208333333333333,1.3416666666666666,120.04166666666667,74.79166666666667
2025-12-11,66.40416666666667,59.42916666666667,426.4583333333333,3.3625000000000003,6.504166666666666,141.20833333333334,0.7783333333333333,6.291666666666667,1.3708333333333333,152.95833333333334,89.0
2025-12-12,48.137499999999996,41.7875,323.5416666666667,3.858333333333333,6.6000000000000005,136.5,0.5025000000000001,4.5,1.4854166666666666,133.75,79.54166666666667
2025-12-13,36.5,30.24166666666667,344.5,4.620833333333334,5.3875,123.58333333333333,0.3283333333333333,4.916666666666667,1.6666666666666667,102.33333333333333,69.0
2025-12-14,40.208333333333336,34.041666666666664,322.3333333333333,4.7749999999999995,4.245833333333334,123.70833333333333,0.38666666666666666,5.083333333333333,1.5958333333333332,89.04166666666667,64.16666666666667
2025-12-15,54.479166666666664,47.25833333333333,357.9166666666667,4.158333333333333,4.45,127.375,0.5516666666666666,7.166666666666667,1.4708333333333332,111.45833333333333,72.04166666666667
2025-12-16,24.379166666666666,19.108333333333334,250.08333333333334,3.170833333333333,2.1999999999999997,89.375,0.28791666666666665,2.25,1.2520833333333334,110.04166666666667,70.375
2025-12-17,23.616666666666664,18.75,283.0833333333333,2.9,3.670833333333333,97.91666666666667,0.24,2.2916666666666665,1.7145833333333333,48.666666666666664,41.708333333333336
2025-12-18,54.1625,48.05416666666667,406.5,4.320833333333334,6.458333333333333,126.75,0.5666666666666667,5.666666666666667,1.29375,100.04166666666667,67.5
2025-12-19,61.79583333333333,56.708333333333336,447.375,6.516666666666667,9.512500000000001,124.70833333333333,0.62875,5.291666666666667,1.4333333333333333,145.08333333333334,83.0
2025-12-20,80.64583333333333,73.4875,461.25,8.445833333333333,9.008333333333333,117.54166666666667,1.1570833333333332,8.958333333333334,0.6895833333333333,154.08333333333334,90.54166666666667
2025-12-21,61.375,53.02916666666667,368.25,6.1499999999999995,4.754166666666666,110.375,0.8725,10.833333333333334,1.2583333333333333,158.04166666666666,96.625
2025-12-22,33.25416666666667,27.025000000000002,280.9166666666667,5.4750000000000005,2.1791666666666667,89.45833333333333,0.4054166666666667,4.583333333333333,1.2979166666666666,97.58333333333333,67.125
2025-12-23,42.574999999999996,38.07083333333333,379.0416666666667,5.0249999999999995,4.05,105.95833333333333,0.46166666666666667,4.208333333333333,1.40625,93.41666666666667,65.91666666666667
2025-12-24,39.545833333333334,34.82083333333333,351.8333333333333,5.3999999999999995,3.466666666666667,99.875,0.46249999999999997,2.875,1.4958333333333333,108.83333333333333,71.25
2025-12-25,36.1,31.441666666666666,360.125,4.9375,3.3083333333333336,103.58333333333333,0.535,1.2083333333333333,1.1958333333333333,94.125,66.20833333333333
2025-12-26,41.94166666666667,37.104166666666664,337.4583333333333,4.308333333333334,4.704166666666667,115.79166666666667,0.49416666666666664,1.7916666666666667,1.41875,93.54166666666667,65.95833333333333
2025-12-27,37.37083333333333,32.979166666666664,344.9583333333333,4.733333333333333,3.345833333333333,111.54166666666667,0.46166666666666667,1.0416666666666667,1.366666666666667,103.04166666666667,69.375
2025-12-28,45.975,42.57083333333333,380.1666666666667,5.054166666666666,4.0125,113.0,0.6233333333333334,1.4583333333333333,1.3125,99.66666666666667,68.0
2025-12-29,54.3375,50.479166666666664,375.0833333333333,4.5874999999999995,6.016666666666667,116.41666666666667,0.7079166666666666,1.4583333333333333,1.3833333333333335,133.20833333333334,78.95833333333333
2025-12-30,58.19166666666666,54.475,411.0,5.1625000000000005,5.008333333333334,109.79166666666667,0.6766666666666666,1.0416666666666667,1.18125,138.125,80.5
2025-12-31,39.795833333333334,36.4,356.7916666666667,4.879166666666666,2.9375,101.04166666666667,0.5129166666666667,0.7083333333333334,1.3020833333333333,132.04166666666666,78.58333333333333
2026-01-01,45.666666666666664,40.983333333333334,355.0416666666667,6.254166666666666,3.2291666666666665,104.95833333333333,0.7266666666666667,1.5833333333333333,0.5750000000000001,100.25,68.16666666666667
2026-01-02,55.50833333333333,51.050000000000004,426.3333333333333,4.879166666666666,3.9291666666666667,123.125,0.9325,1.0416666666666667,1.2375,129.0,77.66666666666667
2026-01-03,46.225,41.19166666666667,359.875,4.3,5.3500000000000005,135.83333333333334,0.7600000000000001,1.2916666666666667,1.375,133.125,79.04166666666667
2026-01-04,40.020833333333336,34.5875,308.5416666666667,4.841666666666667,4.575,114.95833333333333,0.5108333333333334,2.4583333333333335,1.4437499999999999,101.91666666666667,69.04166666666667
2026-01-05,49.07916666666667,43.69583333333333,334.5,3.9125,3.9166666666666665,111.875,0.6108333333333333,3.0833333333333335,1.575,102.58333333333333,69.33333333333333
2026-01-06,53.625,49.51666666666667,375.1666666666667,3.345833333333333,3.2583333333333333,119.625,0.8570833333333333,1.5833333333333333,1.3104166666666666,133.375,79.16666666666667
2026-01-07,58.987500000000004,51.07916666666667,301.7916666666667,3.1291666666666664,4.416666666666667,120.20833333333333,0.6570833333333334,6.291666666666667,1.375,140.16666666666666,81.20833333333333
2026-01-08,35.1,29.079166666666666,252.0,2.7624999999999997,2.8375,112.0,0.3125,2.4583333333333335,1.7979166666666666,112.66666666666667,72.33333333333333
2026-01-09,31.358333333333334,24.912499999999998,240.41666666666666,2.858333333333333,3.2375000000000003,117.41666666666667,0.33041666666666664,3.125,0.8416666666666667,79.625,60.541666666666664
2026-01-10,28.708333333333332,24.041666666666668,255.79166666666666,2.841666666666667,5.991666666666667,130.66666666666666,0.35958333333333337,0.7083333333333334,0.6895833333333333,88.83333333333333,59.708333333333336
2026-01-11,22.7,18.287499999999998,258.0416666666667,3.5500000000000003,3.3791666666666664,118.20833333333333,0.26916666666666667,0.4166666666666667,0.2708333333333333,70.20833333333333,52.625
2026-01-12,31.254166666666666,25.516666666666666,287.9583333333333,3.5749999999999997,3.341666666666667,117.83333333333333,0.4008333333333333,0.7916666666666666,1.0145833333333332,76.29166666666667,56.791666666666664
2026-01-13,29.854166666666668,24.791666666666668,304.4583333333333,4.258333333333334,3.6166666666666667,118.375,0.3095833333333333,0.16666666666666666,1.8416666666666668,81.04166666666667,61.083333333333336
2026-01-14,30.412499999999998,26.09583333333333,401.8333333333333,7.508333333333333,5.516666666666667,110.45833333333333,0.2970833333333333,0.7083333333333334,1.8354166666666665,74.875,55.458333333333336
2026-01-15,40.975,37.920833333333334,520.5833333333334,10.020833333333334,6.579166666666667,113.5,0.5675,1.0,1.5729166666666667,94.625,66.29166666666667
2026-01-16,44.9125,41.82083333333333,428.5833333333333,8.041666666666666,6.341666666666666,116.75,0.6708333333333333,1.0,1.5416666666666667,108.0,71.0
2026-01-17,57.5625,54.0625,458.5,7.983333333333333,5.679166666666667,117.375,0.6320833333333333,2.5833333333333335,1.5041666666666667,136.0,79.875
2026-01-18,50.762499999999996,47.67916666666667,565.4166666666666,10.2125,7.158333333333334,115.83333333333333,0.4154166666666667,2.4583333333333335,1.7437500000000001,140.875,81.54166666666667
2026-01-19,44.37916666666666,41.204166666666666,470.9166666666667,10.554166666666667,8.1875,118.45833333333333,0.35874999999999996,2.375,1.772916666666667,118.33333333333333,74.29166666666667
2026-01-20,48.512499999999996,45.24583333333334,456.9583333333333,8.4375,7.108333333333333,123.375,0.46125,2.0,1.6958333333333335,117.875,74.04166666666667
2026-01-21,32.050000000000004,26.71666666666667,312.125,5.304166666666666,2.8208333333333333,98.79166666666667,0.3104166666666667,2.9583333333333335,1.8208333333333335,108.375,70.95833333333333
2026-01-22,33.12083333333333,27.691666666666666,265.0,4.958333333333333,2.220833333333333,101.83333333333333,0.3875,2.625,1.539583333333333,75.375,54.833333333333336
2026-01-23,43.81666666666666,38.645833333333336,344.9583333333333,4.25,4.154166666666667,124.375,0.6491666666666667,1.2083333333333333,1.2020833333333334,94.58333333333333,66.33333333333333
2026-01-24,39.5375,34.645833333333336,314.8333333333333,3.6666666666666665,2.704166666666667,109.875,0.5308333333333334,1.125,0.22708333333333333,110.29166666666667,71.625
2026-01-25,30.72083333333333,26.1375,330.1666666666667,6.404166666666666,2.3125,99.25,0.47333333333333333,0.625,0.32083333333333336,85.04166666666667,62.791666666666664
2026-01-26,24.575,19.579166666666666,304.1666666666667,4.95,2.783333333333333,95.875,0.3754166666666667,0.5416666666666666,0.9583333333333334,73.25,52.375
2026-01-27,54.89166666666667,47.75,346.2083333333333,5.8500000000000005,3.9,118.41666666666667,0.6604166666666667,5.291666666666667,1.6333333333333335,92.08333333333333,63.708333333333336
2026-01-28,57.19166666666666,51.51666666666667,366.0,7.1625000000000005,4.266666666666667,115.91666666666667,0.6695833333333333,4.5,1.625,144.91666666666666,82.66666666666667
2026-01-29,58.96666666666667,51.824999999999996,329.4583333333333,5.804166666666667,3.975,110.79166666666667,0.6420833333333333,7.541666666666667,1.6312499999999999,134.45833333333334,79.41666666666667
2026-01-30,41.9625,33.645833333333336,235.79166666666666,4.9125000000000005,3.275,99.33333333333333,0.3358333333333334,9.041666666666666,1.90625,125.125,76.54166666666667
2026-01-31,22.21666666666667,16.045833333333334,234.04166666666666,4.733333333333333,2.216666666666667,87.29166666666667,0.2004166666666667,4.666666666666667,2.033333333333333,71.95833333333333,48.458333333333336
2026-02-01,47.82083333333333,41.96666666666667,278.3333333333333,4.2124999999999995,2.9583333333333335,112.375,0.5008333333333334,3.0833333333333335,1.8729166666666668,84.20833333333333,60.583333333333336
2026-02-02,61.40416666666667,56.12916666666666,324.5416666666667,4.675,4.629166666666666,126.83333333333333,0.715,3.4583333333333335,1.6624999999999999,133.79166666666666,79.29166666666667
2026-02-03,31.241666666666664,25.912499999999998,270.0,4.770833333333333,3.4333333333333336,104.54166666666667,0.32458333333333333,1.9583333333333333,1.9124999999999999,126.16666666666667,76.75
2026-02-04,19.454166666666666,15.508333333333333,215.04166666666666,4.316666666666666,2.0708333333333333,91.04166666666667,0.205,0.7083333333333334,2.03125,63.541666666666664,39.916666666666664
2026-02-05,19.1375,15.387500000000001,251.875,4.5625,2.0458333333333334,88.66666666666667,0.20583333333333334,0.0,2.0541666666666667,55.625,35.541666666666664
2026-02-06,27.34583333333333,22.97083333333333,289.2083333333333,5.304166666666666,2.1125000000000003,92.91666666666667,0.27666666666666667,0.9583333333333334,1.9979166666666668,63.333333333333336,40.666666666666664
2026-02-07,38.55416666666667,34.329166666666666,335.4166666666667,6.8875,3.6125000000000003,89.91666666666667,0.4429166666666667,1.75,1.9083333333333334,85.125,62.083333333333336
2026-02-08,47.625,44.62916666666666,414.375,10.708333333333334,6.766666666666667,101.625,0.49500000000000005,1.6666666666666667,1.8020833333333333,114.04166666666667,72.91666666666667
2026-02-09,39.88333333333333,36.975,391.75,6.854166666666667,6.925,118.20833333333333,0.4370833333333333,1.0,1.90625,111.625,72.16666666666667
2026-02-10,37.104166666666664,30.175,307.7083333333333,5.779166666666666,6.558333333333334,127.0,0.45208333333333334,6.333333333333333,2.00625,97.91666666666667,67.58333333333333
2026-02-11,39.65416666666667,29.650000000000002,262.3333333333333,5.4375,4.220833333333333,113.75,0.39625,11.5,1.6270833333333332,88.41666666666667,64.0
2026-02-12,29.84583333333333,24.09583333333333,269.25,4.545833333333333,3.3833333333333333,107.125,0.3075,3.625,1.7437500000000001,81.20833333333333,61.083333333333336
2026-02-13,28.4375,23.77916666666667,295.125,4.095833333333333,2.85,99.54166666666667,0.25666666666666665,1.25,2.0395833333333333,74.04166666666667,53.291666666666664
2026-02-14,39.74583333333333,34.225,310.75,6.366666666666667,4.504166666666666,117.95833333333333,0.38083333333333336,2.7916666666666665,2.152083333333333,83.33333333333333,61.416666666666664
2026-02-15,56.82083333333333,52.12083333333334,403.3333333333333,8.799999999999999,7.354166666666667,123.95833333333333,0.4895833333333333,3.875,2.027083333333333,122.29166666666667,75.58333333333333
2026-02-16,59.1,54.52916666666667,380.875,8.174999999999999,8.875,127.95833333333333,0.5275,3.4583333333333335,1.8979166666666665,145.625,83.08333333333333
2026-02-17,40.079166666666666,35.983333333333334,333.9583333333333,6.241666666666667,7.2250000000000005,123.0,0.3625,2.0,2.25,127.20833333333333,77.08333333333333
2026-02-18,38.40416666666667,32.520833333333336,328.3333333333333,7.154166666666666,5.9375,114.83333333333333,0.29958333333333337,3.3333333333333335,2.34375,93.70833333333333,66.0
