city,dataset,date,aqi,pm2_5,pm10,no2,so2,co,o3,anomaly
Chennai,Chennai,2018-01-01,93.0,51.15,100.44,77.19,106.02,0.98,88.35,False
Chennai,Chennai,2018-01-02,134.0,73.7,144.72,111.22,152.76,1.41,127.3,False
Chennai,Chennai,2018-01-03,142.0,78.1,153.36,117.86,161.88,1.49,134.9,False
Chennai,Chennai,2018-01-04,84.0,46.2,90.72,69.72,95.76,0.88,79.8,False
Chennai,Chennai,2018-01-05,118.0,64.9,127.44,97.94,134.52,1.24,112.1,False
Chennai,Chennai,2018-01-06,108.0,59.4,116.64,89.64,123.12,1.13,102.6,False
Chennai,Chennai,2018-01-07,150.0,82.5,162.0,124.5,171.0,1.58,142.5,False
Chennai,Chennai,2018-01-08,114.0,62.7,123.12,94.62,129.96,1.2,108.3,False
Chennai,Chennai,2018-01-09,62.0,34.1,66.96,51.46,70.68,0.65,58.9,False
Chennai,Chennai,2018-01-10,62.0,34.1,66.96,51.46,70.68,0.65,58.9,False
Chennai,Chennai,2018-01-11,48.0,26.4,51.84,39.84,54.72,0.5,45.6,False
Chennai,Chennai,2018-01-12,98.0,53.9,105.84,81.34,111.72,1.03,93.1,False
Chennai,Chennai,2018-01-13,217.0,119.35,234.36,180.11,247.38,2.28,206.15,True
Chennai,Chennai,2018-01-14,154.0,84.7,166.32,127.82,175.56,1.62,146.3,False
Chennai,Chennai,2018-01-15,135.0,74.25,145.8,112.05,153.9,1.42,128.25,False
Chennai,Chennai,2018-01-16,135.0,74.25,145.8,112.05,153.9,1.42,128.25,False
Chennai,Chennai,2018-01-17,161.0,88.55,173.88,133.63,183.54,1.69,152.95,False
Chennai,Chennai,2018-01-18,110.0,60.5,118.8,91.3,125.4,1.16,104.5,False
Chennai,Chennai,2018-01-19,143.0,78.65,154.44,118.69,163.02,1.5,135.85,False
Chennai,Chennai,2018-01-20,129.0,70.95,139.32,107.07,147.06,1.35,122.55,False
Chennai,Chennai,2018-01-21,166.0,91.3,179.28,137.78,189.24,1.74,157.7,False
Chennai,Chennai,2018-01-22,150.0,82.5,162.0,124.5,171.0,1.58,142.5,False
Chennai,Chennai,2018-01-23,139.0,76.45,150.12,115.37,158.46,1.46,132.05,False
Chennai,Chennai,2018-01-24,130.0,71.5,140.4,107.9,148.2,1.37,123.5,False
Chennai,Chennai,2018-01-25,176.0,96.8,190.08,146.08,200.64,1.85,167.2,False
Chennai,Chennai,2018-01-26,158.0,86.9,170.64,131.14,180.12,1.66,150.1,False
Chennai,Chennai,2018-01-27,165.0,90.75,178.2,136.95,188.1,1.73,156.75,False
Chennai,Chennai,2018-01-28,154.0,84.7,166.32,127.82,175.56,1.62,146.3,False
Chennai,Chennai,2018-01-29,145.0,79.75,156.6,120.35,165.3,1.52,137.75,False
Chennai,Chennai,2018-01-30,128.0,70.4,138.24,106.24,145.92,1.34,121.6,False
Chennai,Chennai,2018-01-31,150.0,82.5,162.0,124.5,171.0,1.58,142.5,False
Chennai,Chennai,2018-02-01,100.0,55.0,108.0,83.0,114.0,1.05,95.0,False
Chennai,Chennai,2018-02-02,162.0,89.1,174.96,134.46,184.68,1.7,153.9,False
Chennai,Chennai,2018-02-03,107.0,58.85,115.56,88.81,121.98,1.12,101.65,False
Chennai,Chennai,2018-02-04,67.0,36.85,72.36,55.61,76.38,0.7,63.65,False
Chennai,Chennai,2018-02-05,132.0,72.6,142.56,109.56,150.48,1.39,125.4,False
Chennai,Chennai,2018-02-06,132.0,72.6,142.56,109.56,150.48,1.39,125.4,False
Chennai,Chennai,2018-02-07,148.0,81.4,159.84,122.84,168.72,1.55,140.6,False
Chennai,Chennai,2018-02-08,86.0,47.3,92.88,71.38,98.04,0.9,81.7,False
Chennai,Chennai,2018-02-09,83.0,45.65,89.64,68.89,94.62,0.87,78.85,False
Chennai,Chennai,2018-02-10,63.0,34.65,68.04,52.29,71.82,0.66,59.85,False
Chennai,Chennai,2018-02-11,75.0,41.25,81.0,62.25,85.5,0.79,71.25,False
Chennai,Chennai,2018-02-12,56.0,30.8,60.48,46.48,63.84,0.59,53.2,False
Chennai,Chennai,2018-02-13,136.0,74.8,146.88,112.88,155.04,1.43,129.2,False
Chennai,Chennai,2018-02-14,124.0,68.2,133.92,102.92,141.36,1.3,117.8,False
Chennai,Chennai,2018-02-15,104.0,57.2,112.32,86.32,118.56,1.09,98.8,False
Chennai,Chennai,2018-02-16,120.0,66.0,129.6,99.6,136.8,1.26,114.0,False
Chennai,Chennai,2018-02-17,105.0,57.75,113.4,87.15,119.7,1.1,99.75,False
Chennai,Chennai,2018-02-18,131.0,72.05,141.48,108.73,149.34,1.38,124.45,False
Chennai,Chennai,2018-02-19,150.0,82.5,162.0,124.5,171.0,1.58,142.5,False
Chennai,Chennai,2018-02-20,116.0,63.8,125.28,96.28,132.24,1.22,110.2,False
Chennai,Chennai,2018-02-21,160.0,88.0,172.8,132.8,182.4,1.68,152.0,False
Chennai,Chennai,2018-02-22,119.0,65.45,128.52,98.77,135.66,1.25,113.05,False
Chennai,Chennai,2018-02-23,94.0,51.7,101.52,78.02,107.16,0.99,89.3,False
Chennai,Chennai,2018-02-24,87.0,47.85,93.96,72.21,99.18,0.91,82.65,False
Chennai,Chennai,2018-02-25,58.0,31.9,62.64,48.14,66.12,0.61,55.1,False
Chennai,Chennai,2018-02-26,79.0,43.45,85.32,65.57,90.06,0.83,75.05,False
Chennai,Chennai,2018-02-27,117.0,64.35,126.36,97.11,133.38,1.23,111.15,False
Chennai,Chennai,2018-02-28,164.0,90.2,177.12,136.12,186.96,1.72,155.8,False
Chennai,Chennai,2018-03-01,81.0,44.55,87.48,67.23,92.34,0.85,76.95,False
Chennai,Chennai,2018-03-02,146.0,80.3,157.68,121.18,166.44,1.53,138.7,False
Chennai,Chennai,2018-03-03,104.0,57.2,112.32,86.32,118.56,1.09,98.8,False
Chennai,Chennai,2018-03-04,62.0,34.1,66.96,51.46,70.68,0.65,58.9,False
Chennai,Chennai,2018-03-05,119.0,65.45,128.52,98.77,135.66,1.25,113.05,False
Chennai,Chennai,2018-03-06,86.0,47.3,92.88,71.38,98.04,0.9,81.7,False
Chennai,Chennai,2018-03-07,164.0,90.2,177.12,136.12,186.96,1.72,155.8,False
Chennai,Chennai,2018-03-08,86.0,47.3,92.88,71.38,98.04,0.9,81.7,False
Chennai,Chennai,2018-03-09,68.0,37.4,73.44,56.44,77.52,0.71,64.6,False
Chennai,Chennai,2018-03-10,47.0,25.85,50.76,39.01,53.58,0.49,44.65,False
Chennai,Chennai,2018-03-11,45.0,24.75,48.6,37.35,51.3,0.47,42.75,False
Chennai,Chennai,2018-03-12,56.0,30.8,60.48,46.48,63.84,0.59,53.2,False
Chennai,Chennai,2018-03-13,100.0,55.0,108.0,83.0,114.0,1.05,95.0,False
Chennai,Chennai,2018-03-14,66.0,36.3,71.28,54.78,75.24,0.69,62.7,False
Chennai,Chennai,2018-03-15,64.0,35.2,69.12,53.12,72.96,0.67,60.8,False
Chennai,Chennai,2018-03-16,107.0,58.85,115.56,88.81,121.98,1.12,101.65,False
Chennai,Chennai,2018-03-17,67.0,36.85,72.36,55.61,76.38,0.7,63.65,False
Chennai,Chennai,2018-03-18,101.0,55.55,109.08,83.83,115.14,1.06,95.95,False
Chennai,Chennai,2018-03-19,91.0,50.05,98.28,75.53,103.74,0.96,86.45,False
Chennai,Chennai,2018-03-20,119.0,65.45,128.52,98.77,135.66,1.25,113.05,False
Chennai,Chennai,2018-03-21,107.0,58.85,115.56,88.81,121.98,1.12,101.65,False
Chennai,Chennai,2018-03-22,79.0,43.45,85.32,65.57,90.06,0.83,75.05,False
Chennai,Chennai,2018-03-23,100.0,55.0,108.0,83.0,114.0,1.05,95.0,False
Chennai,Chennai,2018-03-24,112.0,61.6,120.96,92.96,127.68,1.18,106.4,False
Chennai,Chennai,2018-03-25,96.0,52.8,103.68,79.68,109.44,1.01,91.2,False
Chennai,Chennai,2018-03-26,100.0,55.0,108.0,83.0,114.0,1.05,95.0,False
Chennai,Chennai,2018-03-27,97.0,53.35,104.76,80.51,110.58,1.02,92.15,False
Chennai,Chennai,2018-03-28,67.0,36.85,72.36,55.61,76.38,0.7,63.65,False
Chennai,Chennai,2018-03-29,47.0,25.85,50.76,39.01,53.58,0.49,44.65,False
Chennai,Chennai,2018-03-30,69.0,37.95,74.52,57.27,78.66,0.72,65.55,False
Chennai,Chennai,2018-03-31,78.0,42.9,84.24,64.74,88.92,0.82,74.1,False
Chennai,Chennai,2018-04-01,169.0,92.95,182.52,140.27,192.66,1.77,160.55,False
Chennai,Chennai,2018-04-02,91.0,50.05,98.28,75.53,103.74,0.96,86.45,False
Chennai,Chennai,2018-04-03,123.0,67.65,132.84,102.09,140.22,1.29,116.85,False
Chennai,Chennai,2018-04-04,68.0,37.4,73.44,56.44,77.52,0.71,64.6,False
Chennai,Chennai,2018-04-05,148.0,81.4,159.84,122.84,168.72,1.55,140.6,False
Chennai,Chennai,2018-04-06,88.0,48.4,95.04,73.04,100.32,0.92,83.6,False
Chennai,Chennai,2018-04-07,98.0,53.9,105.84,81.34,111.72,1.03,93.1,False
Chennai,Chennai,2018-04-08,94.0,51.7,101.52,78.02,107.16,0.99,89.3,False
Chennai,Chennai,2018-04-09,67.0,36.85,72.36,55.61,76.38,0.7,63.65,False
Chennai,Chennai,2018-04-10,61.0,33.55,65.88,50.63,69.54,0.64,57.95,False
Chennai,Chennai,2018-04-11,95.0,52.25,102.6,78.85,108.3,1.0,90.25,False
Chennai,Chennai,2018-04-12,54.0,29.7,58.32,44.82,61.56,0.57,51.3,False
Chennai,Chennai,2018-04-13,58.0,31.9,62.64,48.14,66.12,0.61,55.1,False
Chennai,Chennai,2018-04-14,57.0,31.35,61.56,47.31,64.98,0.6,54.15,False
Chennai,Chennai,2018-04-15,42.0,23.1,45.36,34.86,47.88,0.44,39.9,False
Chennai,Chennai,2018-04-16,52.0,28.6,56.16,43.16,59.28,0.55,49.4,False
Chennai,Chennai,2018-04-17,58.0,31.9,62.64,48.14,66.12,0.61,55.1,False
Chennai,Chennai,2018-04-18,54.0,29.7,58.32,44.82,61.56,0.57,51.3,False
Chennai,Chennai,2018-04-19,72.0,39.6,77.76,59.76,82.08,0.76,68.4,False
Chennai,Chennai,2018-04-20,58.0,31.9,62.64,48.14,66.12,0.61,55.1,False
Chennai,Chennai,2018-04-21,70.0,38.5,75.6,58.1,79.8,0.74,66.5,False
Chennai,Chennai,2018-04-22,52.0,28.6,56.16,43.16,59.28,0.55,49.4,False
Chennai,Chennai,2018-04-23,70.0,38.5,75.6,58.1,79.8,0.74,66.5,False
Chennai,Chennai,2018-04-24,90.0,49.5,97.2,74.7,102.6,0.95,85.5,False
Chennai,Chennai,2018-04-25,76.0,41.8,82.08,63.08,86.64,0.8,72.2,False
Chennai,Chennai,2018-04-26,76.0,41.8,82.08,63.08,86.64,0.8,72.2,False
Chennai,Chennai,2018-04-27,82.0,45.1,88.56,68.06,93.48,0.86,77.9,False
Chennai,Chennai,2018-04-28,54.0,29.7,58.32,44.82,61.56,0.57,51.3,False
Chennai,Chennai,2018-04-29,55.0,30.25,59.4,45.65,62.7,0.58,52.25,False
Chennai,Chennai,2018-04-30,73.0,40.15,78.84,60.59,83.22,0.77,69.35,False
Chennai,Chennai,2018-05-01,153.0,84.15,165.24,126.99,174.42,1.61,145.35,False
Chennai,Chennai,2018-05-02,75.0,41.25,81.0,62.25,85.5,0.79,71.25,False
Chennai,Chennai,2018-05-03,88.0,48.4,95.04,73.04,100.32,0.92,83.6,False
Chennai,Chennai,2018-05-04,82.0,45.1,88.56,68.06,93.48,0.86,77.9,False
Chennai,Chennai,2018-05-05,110.0,60.5,118.8,91.3,125.4,1.16,104.5,False
Chennai,Chennai,2018-05-06,90.0,49.5,97.2,74.7,102.6,0.95,85.5,False
Chennai,Chennai,2018-05-07,96.0,52.8,103.68,79.68,109.44,1.01,91.2,False
Chennai,Chennai,2018-05-08,108.0,59.4,116.64,89.64,123.12,1.13,102.6,False
Chennai,Chennai,2018-05-09,112.0,61.6,120.96,92.96,127.68,1.18,106.4,False
Chennai,Chennai,2018-05-10,55.0,30.25,59.4,45.65,62.7,0.58,52.25,False
Chennai,Chennai,2018-05-11,66.0,36.3,71.28,54.78,75.24,0.69,62.7,False
Chennai,Chennai,2018-05-12,61.0,33.55,65.88,50.63,69.54,0.64,57.95,False
Chennai,Chennai,2018-05-13,60.0,33.0,64.8,49.8,68.4,0.63,57.0,False
Chennai,Chennai,2018-05-14,60.0,33.0,64.8,49.8,68.4,0.63,57.0,False
Chennai,Chennai,2018-05-15,60.0,33.0,64.8,49.8,68.4,0.63,57.0,False
Chennai,Chennai,2018-05-16,67.0,36.85,72.36,55.61,76.38,0.7,63.65,False
Chennai,Chennai,2018-05-17,61.0,33.55,65.88,50.63,69.54,0.64,57.95,False
Chennai,Chennai,2018-05-18,70.0,38.5,75.6,58.1,79.8,0.74,66.5,False
Chennai,Chennai,2018-05-19,78.0,42.9,84.24,64.74,88.92,0.82,74.1,False
Chennai,Chennai,2018-05-20,67.0,36.85,72.36,55.61,76.38,0.7,63.65,False
Chennai,Chennai,2018-05-21,66.0,36.3,71.28,54.78,75.24,0.69,62.7,False
Chennai,Chennai,2018-05-22,99.0,54.45,106.92,82.17,112.86,1.04,94.05,False
Chennai,Chennai,2018-05-23,88.0,48.4,95.04,73.04,100.32,0.92,83.6,False
Chennai,Chennai,2018-05-24,63.0,34.65,68.04,52.29,71.82,0.66,59.85,False
Chennai,Chennai,2018-05-25,61.0,33.55,65.88,50.63,69.54,0.64,57.95,False
Chennai,Chennai,2018-05-26,68.0,37.4,73.44,56.44,77.52,0.71,64.6,False
Chennai,Chennai,2018-05-27,84.0,46.2,90.72,69.72,95.76,0.88,79.8,False
Chennai,Chennai,2018-05-28,84.0,46.2,90.72,69.72,95.76,0.88,79.8,False
Chennai,Chennai,2018-05-29,92.0,50.6,99.36,76.36,104.88,0.97,87.4,False
Chennai,Chennai,2018-05-30,74.0,40.7,79.92,61.42,84.36,0.78,70.3,False
Chennai,Chennai,2018-05-31,96.0,52.8,103.68,79.68,109.44,1.01,91.2,False
Chennai,Chennai,2018-06-01,157.0,86.35,169.56,130.31,178.98,1.65,149.15,False
Chennai,Chennai,2018-06-02,80.0,44.0,86.4,66.4,91.2,0.84,76.0,False
Chennai,Chennai,2018-06-03,73.0,40.15,78.84,60.59,83.22,0.77,69.35,False
Chennai,Chennai,2018-06-04,104.0,57.2,112.32,86.32,118.56,1.09,98.8,False
Chennai,Chennai,2018-06-05,68.0,37.4,73.44,56.44,77.52,0.71,64.6,False
Chennai,Chennai,2018-06-06,72.0,39.6,77.76,59.76,82.08,0.76,68.4,False
Chennai,Chennai,2018-06-07,148.0,81.4,159.84,122.84,168.72,1.55,140.6,False
Chennai,Chennai,2018-06-08,110.0,60.5,118.8,91.3,125.4,1.16,104.5,False
Chennai,Chennai,2018-06-09,107.0,58.85,115.56,88.81,121.98,1.12,101.65,False
Chennai,Chennai,2018-06-10,48.0,26.4,51.84,39.84,54.72,0.5,45.6,False
Chennai,Chennai,2018-06-11,64.0,35.2,69.12,53.12,72.96,0.67,60.8,False
Chennai,Chennai,2018-06-12,68.0,37.4,73.44,56.44,77.52,0.71,64.6,False
Chennai,Chennai,2018-06-13,81.0,44.55,87.48,67.23,92.34,0.85,76.95,False
Chennai,Chennai,2018-06-14,90.0,49.5,97.2,74.7,102.6,0.95,85.5,False
Chennai,Chennai,2018-06-15,97.0,53.35,104.76,80.51,110.58,1.02,92.15,False
Chennai,Chennai,2018-06-16,116.0,63.8,125.28,96.28,132.24,1.22,110.2,False
Chennai,Chennai,2018-06-17,89.0,48.95,96.12,73.87,101.46,0.93,84.55,False
Chennai,Chennai,2018-06-18,102.0,56.1,110.16,84.66,116.28,1.07,96.9,False
Chennai,Chennai,2018-06-19,94.0,51.7,101.52,78.02,107.16,0.99,89.3,False
Chennai,Chennai,2018-06-20,104.0,57.2,112.32,86.32,118.56,1.09,98.8,False
Chennai,Chennai,2018-06-21,116.0,63.8,125.28,96.28,132.24,1.22,110.2,False
Chennai,Chennai,2018-06-22,114.0,62.7,123.12,94.62,129.96,1.2,108.3,False
Chennai,Chennai,2018-06-23,104.0,57.2,112.32,86.32,118.56,1.09,98.8,False
Chennai,Chennai,2018-06-24,108.0,59.4,116.64,89.64,123.12,1.13,102.6,False
Chennai,Chennai,2018-06-25,112.0,61.6,120.96,92.96,127.68,1.18,106.4,False
Chennai,Chennai,2018-06-26,130.0,71.5,140.4,107.9,148.2,1.37,123.5,False
Chennai,Chennai,2018-06-27,112.0,61.6,120.96,92.96,127.68,1.18,106.4,False
Chennai,Chennai,2018-06-28,122.0,67.1,131.76,101.26,139.08,1.28,115.9,False
Chennai,Chennai,2018-06-29,102.0,56.1,110.16,84.66,116.28,1.07,96.9,False
Chennai,Chennai,2018-06-30,148.0,81.4,159.84,122.84,168.72,1.55,140.6,False
Chennai,Chennai,2018-07-01,123.0,67.65,132.84,102.09,140.22,1.29,116.85,False
Chennai,Chennai,2018-07-02,68.0,37.4,73.44,56.44,77.52,0.71,64.6,False
Chennai,Chennai,2018-07-03,117.0,64.35,126.36,97.11,133.38,1.23,111.15,False
Chennai,Chennai,2018-07-04,82.0,45.1,88.56,68.06,93.48,0.86,77.9,False
Chennai,Chennai,2018-07-05,86.0,47.3,92.88,71.38,98.04,0.9,81.7,False
Chennai,Chennai,2018-07-06,57.0,31.35,61.56,47.31,64.98,0.6,54.15,False
Chennai,Chennai,2018-07-07,130.0,71.5,140.4,107.9,148.2,1.37,123.5,False
Chennai,Chennai,2018-07-08,98.0,53.9,105.84,81.34,111.72,1.03,93.1,False
Chennai,Chennai,2018-07-09,102.0,56.1,110.16,84.66,116.28,1.07,96.9,False
Chennai,Chennai,2018-07-10,49.0,26.95,52.92,40.67,55.86,0.51,46.55,False
Chennai,Chennai,2018-07-11,121.0,66.55,130.68,100.43,137.94,1.27,114.95,False
Chennai,Chennai,2018-07-12,142.0,78.1,153.36,117.86,161.88,1.49,134.9,False
Chennai,Chennai,2018-07-13,98.0,53.9,105.84,81.34,111.72,1.03,93.1,False
Chennai,Chennai,2018-07-14,62.0,34.1,66.96,51.46,70.68,0.65,58.9,False
Chennai,Chennai,2018-07-15,118.0,64.9,127.44,97.94,134.52,1.24,112.1,False
Chennai,Chennai,2018-07-16,84.0,46.2,90.72,69.72,95.76,0.88,79.8,False
Chennai,Chennai,2018-07-17,72.0,39.6,77.76,59.76,82.08,0.76,68.4,False
Chennai,Chennai,2018-07-18,62.0,34.1,66.96,51.46,70.68,0.65,58.9,False
Chennai,Chennai,2018-07-19,92.0,50.6,99.36,76.36,104.88,0.97,87.4,False
Chennai,Chennai,2018-07-20,70.0,38.5,75.6,58.1,79.8,0.74,66.5,False
Chennai,Chennai,2018-07-21,76.0,41.8,82.08,63.08,86.64,0.8,72.2,False
Chennai,Chennai,2018-07-22,92.0,50.6,99.36,76.36,104.88,0.97,87.4,False
Chennai,Chennai,2018-07-23,112.0,61.6,120.96,92.96,127.68,1.18,106.4,False
Chennai,Chennai,2018-07-24,99.0,54.45,106.92,82.17,112.86,1.04,94.05,False
Chennai,Chennai,2018-07-25,62.0,34.1,66.96,51.46,70.68,0.65,58.9,False
Chennai,Chennai,2018-07-26,66.0,36.3,71.28,54.78,75.24,0.69,62.7,False
Chennai,Chennai,2018-07-27,58.0,31.9,62.64,48.14,66.12,0.61,55.1,False
Chennai,Chennai,2018-07-28,102.0,56.1,110.16,84.66,116.28,1.07,96.9,False
Chennai,Chennai,2018-07-29,108.0,59.4,116.64,89.64,123.12,1.13,102.6,False
Chennai,Chennai,2018-07-30,76.0,41.8,82.08,63.08,86.64,0.8,72.2,False
Chennai,Chennai,2018-07-31,104.0,57.2,112.32,86.32,118.56,1.09,98.8,False
Chennai,Chennai,2018-08-01,128.0,70.4,138.24,106.24,145.92,1.34,121.6,False
Chennai,Chennai,2018-08-02,68.0,37.4,73.44,56.44,77.52,0.71,64.6,False
Chennai,Chennai,2018-08-03,170.0,93.5,183.6,141.1,193.8,1.79,161.5,False
Chennai,Chennai,2018-08-04,58.0,31.9,62.64,48.14,66.12,0.61,55.1,False
Chennai,Chennai,2018-08-05,68.0,37.4,73.44,56.44,77.52,0.71,64.6,False
Chennai,Chennai,2018-08-06,74.0,40.7,79.92,61.42,84.36,0.78,70.3,False
Chennai,Chennai,2018-08-07,81.0,44.55,87.48,67.23,92.34,0.85,76.95,False
Chennai,Chennai,2018-08-08,59.0,32.45,63.72,48.97,67.26,0.62,56.05,False
Chennai,Chennai,2018-08-09,102.0,56.1,110.16,84.66,116.28,1.07,96.9,False
Chennai,Chennai,2018-08-10,64.0,35.2,69.12,53.12,72.96,0.67,60.8,False
Chennai,Chennai,2018-08-11,105.0,57.75,113.4,87.15,119.7,1.1,99.75,False
Chennai,Chennai,2018-08-12,238.0,130.9,257.04,197.54,271.32,2.5,226.1,True
Chennai,Chennai,2018-08-13,54.0,29.7,58.32,44.82,61.56,0.57,51.3,False
Chennai,Chennai,2018-08-14,77.0,42.35,83.16,63.91,87.78,0.81,73.15,False
Chennai,Chennai,2018-08-15,58.0,31.9,62.64,48.14,66.12,0.61,55.1,False
Chennai,Chennai,2018-08-16,42.0,23.1,45.36,34.86,47.88,0.44,39.9,False
Chennai,Chennai,2018-08-17,63.0,34.65,68.04,52.29,71.82,0.66,59.85,False
Chennai,Chennai,2018-08-18,181.0,99.55,195.48,150.23,206.34,1.9,171.95,False
Chennai,Chennai,2018-08-19,92.0,50.6,99.36,76.36,104.88,0.97,87.4,False
Chennai,Chennai,2018-08-20,118.0,64.9,127.44,97.94,134.52,1.24,112.1,False
Chennai,Chennai,2018-08-21,237.0,130.35,255.96,196.71,270.18,2.49,225.15,True
Chennai,Chennai,2018-08-22,132.0,72.6,142.56,109.56,150.48,1.39,125.4,False
Chennai,Chennai,2018-08-23,69.0,37.95,74.52,57.27,78.66,0.72,65.55,False
Chennai,Chennai,2018-08-24,66.0,36.3,71.28,54.78,75.24,0.69,62.7,False
Chennai,Chennai,2018-08-25,106.0,58.3,114.48,87.98,120.84,1.11,100.7,False
Chennai,Chennai,2018-08-26,76.0,41.8,82.08,63.08,86.64,0.8,72.2,False
Chennai,Chennai,2018-08-27,56.0,30.8,60.48,46.48,63.84,0.59,53.2,False
Chennai,Chennai,2018-08-28,51.0,28.05,55.08,42.33,58.14,0.54,48.45,False
Chennai,Chennai,2018-08-29,59.0,32.45,63.72,48.97,67.26,0.62,56.05,False
Chennai,Chennai,2018-08-30,73.0,40.15,78.84,60.59,83.22,0.77,69.35,False
Chennai,Chennai,2018-08-31,69.0,37.95,74.52,57.27,78.66,0.72,65.55,False
Chennai,Chennai,2018-09-01,107.0,58.85,115.56,88.81,121.98,1.12,101.65,False
Chennai,Chennai,2018-09-02,103.0,56.65,111.24,85.49,117.42,1.08,97.85,False
Chennai,Chennai,2018-09-03,110.0,60.5,118.8,91.3,125.4,1.16,104.5,False
Chennai,Chennai,2018-09-04,73.0,40.15,78.84,60.59,83.22,0.77,69.35,False
Chennai,Chennai,2018-09-05,63.0,34.65,68.04,52.29,71.82,0.66,59.85,False
Chennai,Chennai,2018-09-06,70.0,38.5,75.6,58.1,79.8,0.74,66.5,False
Chennai,Chennai,2018-09-07,127.0,69.85,137.16,105.41,144.78,1.33,120.65,False
Chennai,Chennai,2018-09-08,46.0,25.3,49.68,38.18,52.44,0.48,43.7,False
Chennai,Chennai,2018-09-09,81.0,44.55,87.48,67.23,92.34,0.85,76.95,False
Chennai,Chennai,2018-09-10,98.0,53.9,105.84,81.34,111.72,1.03,93.1,False
Chennai,Chennai,2018-09-11,146.0,80.3,157.68,121.18,166.44,1.53,138.7,False
Chennai,Chennai,2018-09-12,222.0,122.1,239.76,184.26,253.08,2.33,210.9,True
Chennai,Chennai,2018-09-15,166.0,91.3,179.28,137.78,189.24,1.74,157.7,False
Chennai,Chennai,2018-09-16,80.0,44.0,86.4,66.4,91.2,0.84,76.0,False
Chennai,Chennai,2018-09-17,48.0,26.4,51.84,39.84,54.72,0.5,45.6,False
Chennai,Chennai,2018-09-18,94.0,51.7,101.52,78.02,107.16,0.99,89.3,False
Chennai,Chennai,2018-09-19,49.0,26.95,52.92,40.67,55.86,0.51,46.55,False
Chennai,Chennai,2018-09-20,88.0,48.4,95.04,73.04,100.32,0.92,83.6,False
Chennai,Chennai,2018-09-21,100.0,55.0,108.0,83.0,114.0,1.05,95.0,False
Chennai,Chennai,2018-09-22,99.0,54.45,106.92,82.17,112.86,1.04,94.05,False
Chennai,Chennai,2018-09-23,74.0,40.7,79.92,61.42,84.36,0.78,70.3,False
Chennai,Chennai,2018-09-24,58.0,31.9,62.64,48.14,66.12,0.61,55.1,False
Chennai,Chennai,2018-09-25,58.0,31.9,62.64,48.14,66.12,0.61,55.1,False
Chennai,Chennai,2018-09-26,60.0,33.0,64.8,49.8,68.4,0.63,57.0,False
Chennai,Chennai,2018-09-27,67.0,36.85,72.36,55.61,76.38,0.7,63.65,False
Chennai,Chennai,2018-09-28,46.0,25.3,49.68,38.18,52.44,0.48,43.7,False
Chennai,Chennai,2018-09-29,44.0,24.2,47.52,36.52,50.16,0.46,41.8,False
Chennai,Chennai,2018-09-30,81.0,44.55,87.48,67.23,92.34,0.85,76.95,False
Chennai,Chennai,2018-10-01,108.0,59.4,116.64,89.64,123.12,1.13,102.6,False
Chennai,Chennai,2018-10-02,80.0,44.0,86.4,66.4,91.2,0.84,76.0,False
Chennai,Chennai,2018-10-03,141.0,77.55,152.28,117.03,160.74,1.48,133.95,False
Chennai,Chennai,2018-10-04,53.0,29.15,57.24,43.99,60.42,0.56,50.35,False
Chennai,Chennai,2018-10-05,56.0,30.8,60.48,46.48,63.84,0.59,53.2,False
Chennai,Chennai,2018-10-06,64.0,35.2,69.12,53.12,72.96,0.67,60.8,False
Chennai,Chennai,2018-10-07,109.0,59.95,117.72,90.47,124.26,1.14,103.55,False
Chennai,Chennai,2018-10-08,71.0,39.05,76.68,58.93,80.94,0.75,67.45,False
Chennai,Chennai,2018-10-09,73.0,40.15,78.84,60.59,83.22,0.77,69.35,False
Chennai,Chennai,2018-10-10,138.0,75.9,149.04,114.54,157.32,1.45,131.1,False
Chennai,Chennai,2018-10-11,134.0,73.7,144.72,111.22,152.76,1.41,127.3,False
Chennai,Chennai,2018-10-12,221.0,121.55,238.68,183.43,251.94,2.32,209.95,True
Chennai,Chennai,2018-10-13,72.0,39.6,77.76,59.76,82.08,0.76,68.4,False
Chennai,Chennai,2018-10-14,60.0,33.0,64.8,49.8,68.4,0.63,57.0,False
Chennai,Chennai,2018-10-15,65.0,35.75,70.2,53.95,74.1,0.68,61.75,False
Chennai,Chennai,2018-10-16,70.0,38.5,75.6,58.1,79.8,0.74,66.5,False
Chennai,Chennai,2018-10-17,60.0,33.0,64.8,49.8,68.4,0.63,57.0,False
Chennai,Chennai,2018-10-18,50.0,27.5,54.0,41.5,57.0,0.53,47.5,False
Chennai,Chennai,2018-10-19,148.0,81.4,159.84,122.84,168.72,1.55,140.6,False
Chennai,Chennai,2018-10-20,122.0,67.1,131.76,101.26,139.08,1.28,115.9,False
Chennai,Chennai,2018-10-21,132.0,72.6,142.56,109.56,150.48,1.39,125.4,False
Chennai,Chennai,2018-10-22,125.0,68.75,135.0,103.75,142.5,1.31,118.75,False
Chennai,Chennai,2018-10-23,146.0,80.3,157.68,121.18,166.44,1.53,138.7,False
Chennai,Chennai,2018-10-24,169.0,92.95,182.52,140.27,192.66,1.77,160.55,False
Chennai,Chennai,2018-10-25,140.0,77.0,151.2,116.2,159.6,1.47,133.0,False
Chennai,Chennai,2018-10-26,141.0,77.55,152.28,117.03,160.74,1.48,133.95,False
Chennai,Chennai,2018-10-27,128.0,70.4,138.24,106.24,145.92,1.34,121.6,False
Chennai,Chennai,2018-10-28,116.0,63.8,125.28,96.28,132.24,1.22,110.2,False
Chennai,Chennai,2018-10-29,131.0,72.05,141.48,108.73,149.34,1.38,124.45,False
Chennai,Chennai,2018-10-30,74.0,40.7,79.92,61.42,84.36,0.78,70.3,False
Chennai,Chennai,2018-10-31,55.0,30.25,59.4,45.65,62.7,0.58,52.25,False
Chennai,Chennai,2018-11-01,178.0,97.9,192.24,147.74,202.92,1.87,169.1,False
Chennai,Chennai,2018-11-02,131.0,72.05,141.48,108.73,149.34,1.38,124.45,False
Chennai,Chennai,2018-11-03,124.0,68.2,133.92,102.92,141.36,1.3,117.8,False
Chennai,Chennai,2018-11-04,71.0,39.05,76.68,58.93,80.94,0.75,67.45,False
Chennai,Chennai,2018-11-05,55.0,30.25,59.4,45.65,62.7,0.58,52.25,False
Chennai,Chennai,2018-11-06,71.0,39.05,76.68,58.93,80.94,0.75,67.45,False
Chennai,Chennai,2018-11-07,98.0,53.9,105.84,81.34,111.72,1.03,93.1,False
Chennai,Chennai,2018-11-08,70.0,38.5,75.6,58.1,79.8,0.74,66.5,False
Chennai,Chennai,2018-11-09,83.0,45.65,89.64,68.89,94.62,0.87,78.85,False
Chennai,Chennai,2018-11-10,150.0,82.5,162.0,124.5,171.0,1.58,142.5,False
Chennai,Chennai,2018-11-11,141.0,77.55,152.28,117.03,160.74,1.48,133.95,False
Chennai,Chennai,2018-11-12,185.0,101.75,199.8,153.55,210.9,1.94,175.75,False
Chennai,Chennai,2018-11-13,244.0,134.2,263.52,202.52,278.16,2.56,231.8,True
Chennai,Chennai,2018-11-14,185.0,101.75,199.8,153.55,210.9,1.94,175.75,False
Chennai,Chennai,2018-11-15,122.0,67.1,131.76,101.26,139.08,1.28,115.9,False
Chennai,Chennai,2018-11-16,54.0,29.7,58.32,44.82,61.56,0.57,51.3,False
Chennai,Chennai,2018-11-17,52.0,28.6,56.16,43.16,59.28,0.55,49.4,False
Chennai,Chennai,2018-11-18,60.0,33.0,64.8,49.8,68.4,0.63,57.0,False
Chennai,Chennai,2018-11-19,56.0,30.8,60.48,46.48,63.84,0.59,53.2,False
Chennai,Chennai,2018-11-20,79.0,43.45,85.32,65.57,90.06,0.83,75.05,False
Chennai,Chennai,2018-11-21,53.0,29.15,57.24,43.99,60.42,0.56,50.35,False
Chennai,Chennai,2018-11-22,52.0,28.6,56.16,43.16,59.28,0.55,49.4,False
Chennai,Chennai,2018-11-23,56.0,30.8,60.48,46.48,63.84,0.59,53.2,False
Chennai,Chennai,2018-11-24,210.0,115.5,226.8,174.3,239.4,2.21,199.5,True
Chennai,Chennai,2018-11-25,224.0,123.2,241.92,185.92,255.36,2.35,212.8,True
Chennai,Chennai,2018-11-26,186.0,102.3,200.88,154.38,212.04,1.95,176.7,False
Chennai,Chennai,2018-11-27,134.0,73.7,144.72,111.22,152.76,1.41,127.3,False
Chennai,Chennai,2018-11-28,122.0,67.1,131.76,101.26,139.08,1.28,115.9,False
Chennai,Chennai,2018-11-29,84.0,46.2,90.72,69.72,95.76,0.88,79.8,False
Chennai,Chennai,2018-11-30,87.0,47.85,93.96,72.21,99.18,0.91,82.65,False
Chennai,Chennai,2018-12-01,158.0,86.9,170.64,131.14,180.12,1.66,150.1,False
Chennai,Chennai,2018-12-02,82.0,45.1,88.56,68.06,93.48,0.86,77.9,False
Chennai,Chennai,2018-12-03,74.0,40.7,79.92,61.42,84.36,0.78,70.3,False
Chennai,Chennai,2018-12-04,64.0,35.2,69.12,53.12,72.96,0.67,60.8,False
Chennai,Chennai,2018-12-05,58.0,31.9,62.64,48.14,66.12,0.61,55.1,False
Chennai,Chennai,2018-12-06,90.0,49.5,97.2,74.7,102.6,0.95,85.5,False
Chennai,Chennai,2018-12-07,70.0,38.5,75.6,58.1,79.8,0.74,66.5,False
Chennai,Chennai,2018-12-08,46.0,25.3,49.68,38.18,52.44,0.48,43.7,False
Chennai,Chennai,2018-12-10,88.0,48.4,95.04,73.04,100.32,0.92,83.6,False
Chennai,Chennai,2018-12-11,174.0,95.7,187.92,144.42,198.36,1.83,165.3,False
Chennai,Chennai,2018-12-12,185.0,101.75,199.8,153.55,210.9,1.94,175.75,False
Chennai,Chennai,2018-12-13,132.0,72.6,142.56,109.56,150.48,1.39,125.4,False
Chennai,Chennai,2018-12-14,80.0,44.0,86.4,66.4,91.2,0.84,76.0,False
Chennai,Chennai,2018-12-15,171.0,94.05,184.68,141.93,194.94,1.8,162.45,False
Chennai,Chennai,2018-12-16,133.0,73.15,143.64,110.39,151.62,1.4,126.35,False
Chennai,Chennai,2018-12-17,89.0,48.95,96.12,73.87,101.46,0.93,84.55,False
Chennai,Chennai,2018-12-18,159.0,87.45,171.72,131.97,181.26,1.67,151.05,False
Chennai,Chennai,2018-12-19,71.0,39.05,76.68,58.93,80.94,0.75,67.45,False
Chennai,Chennai,2018-12-20,70.0,38.5,75.6,58.1,79.8,0.74,66.5,False
Chennai,Chennai,2018-12-21,76.0,41.8,82.08,63.08,86.64,0.8,72.2,False
Chennai,Chennai,2018-12-22,90.0,49.5,97.2,74.7,102.6,0.95,85.5,False
Chennai,Chennai,2018-12-23,105.0,57.75,113.4,87.15,119.7,1.1,99.75,False
Chennai,Chennai,2018-12-24,125.0,68.75,135.0,103.75,142.5,1.31,118.75,False
Chennai,Chennai,2018-12-25,148.0,81.4,159.84,122.84,168.72,1.55,140.6,False
Chennai,Chennai,2018-12-26,200.0,110.0,216.0,166.0,228.0,2.1,190.0,True
Chennai,Chennai,2018-12-27,77.0,42.35,83.16,63.91,87.78,0.81,73.15,False
Chennai,Chennai,2018-12-28,112.0,61.6,120.96,92.96,127.68,1.18,106.4,False
Chennai,Chennai,2018-12-29,188.0,103.4,203.04,156.04,214.32,1.97,178.6,False
Chennai,Chennai,2018-12-30,156.0,85.8,168.48,129.48,177.84,1.64,148.2,False
Chennai,Chennai,2018-12-31,120.0,66.0,129.6,99.6,136.8,1.26,114.0,False
Chennai,Chennai,2019-01-01,175.0,96.25,189.0,145.25,199.5,1.84,166.25,False
Chennai,Chennai,2019-01-02,100.0,55.0,108.0,83.0,114.0,1.05,95.0,False
Chennai,Chennai,2019-01-03,68.0,37.4,73.44,56.44,77.52,0.71,64.6,False
Chennai,Chennai,2019-01-04,119.0,65.45,128.52,98.77,135.66,1.25,113.05,False
Chennai,Chennai,2019-01-05,72.0,39.6,77.76,59.76,82.08,0.76,68.4,False
Chennai,Chennai,2019-01-06,165.0,90.75,178.2,136.95,188.1,1.73,156.75,False
Chennai,Chennai,2019-01-07,50.0,27.5,54.0,41.5,57.0,0.53,47.5,False
Chennai,Chennai,2019-01-08,97.0,53.35,104.76,80.51,110.58,1.02,92.15,False
Chennai,Chennai,2019-01-09,77.0,42.35,83.16,63.91,87.78,0.81,73.15,False
Chennai,Chennai,2019-01-10,86.0,47.3,92.88,71.38,98.04,0.9,81.7,False
Chennai,Chennai,2019-01-11,100.0,55.0,108.0,83.0,114.0,1.05,95.0,False
Chennai,Chennai,2019-01-12,45.0,24.75,48.6,37.35,51.3,0.47,42.75,False
Chennai,Chennai,2019-01-13,89.0,48.95,96.12,73.87,101.46,0.93,84.55,False
Chennai,Chennai,2019-01-14,122.0,67.1,131.76,101.26,139.08,1.28,115.9,False
Chennai,Chennai,2019-01-15,102.0,56.1,110.16,84.66,116.28,1.07,96.9,False
Chennai,Chennai,2019-01-16,96.0,52.8,103.68,79.68,109.44,1.01,91.2,False
Chennai,Chennai,2019-01-17,107.0,58.85,115.56,88.81,121.98,1.12,101.65,False
Chennai,Chennai,2019-01-18,135.0,74.25,145.8,112.05,153.9,1.42,128.25,False
Chennai,Chennai,2019-01-19,104.0,57.2,112.32,86.32,118.56,1.09,98.8,False
Chennai,Chennai,2019-01-20,64.0,35.2,69.12,53.12,72.96,0.67,60.8,False
Chennai,Chennai,2019-01-21,98.0,53.9,105.84,81.34,111.72,1.03,93.1,False
Chennai,Chennai,2019-01-22,171.0,94.05,184.68,141.93,194.94,1.8,162.45,False
Chennai,Chennai,2019-01-23,58.0,31.9,62.64,48.14,66.12,0.61,55.1,False
Chennai,Chennai,2019-01-24,94.0,51.7,101.52,78.02,107.16,0.99,89.3,False
Chennai,Chennai,2019-01-25,53.0,29.15,57.24,43.99,60.42,0.56,50.35,False
Chennai,Chennai,2019-01-26,45.0,24.75,48.6,37.35,51.3,0.47,42.75,False
Chennai,Chennai,2019-01-27,42.0,23.1,45.36,34.86,47.88,0.44,39.9,False
Chennai,Chennai,2019-01-28,39.0,21.45,42.12,32.37,44.46,0.41,37.05,False
Chennai,Chennai,2019-01-29,46.0,25.3,49.68,38.18,52.44,0.48,43.7,False
Chennai,Chennai,2019-01-30,72.0,39.6,77.76,59.76,82.08,0.76,68.4,False
Chennai,Chennai,2019-01-31,127.0,69.85,137.16,105.41,144.78,1.33,120.65,False
Chennai,Chennai,2019-02-01,81.0,44.55,87.48,67.23,92.34,0.85,76.95,False
Chennai,Chennai,2019-02-02,90.0,49.5,97.2,74.7,102.6,0.95,85.5,False
Chennai,Chennai,2019-02-03,165.0,90.75,178.2,136.95,188.1,1.73,156.75,False
Chennai,Chennai,2019-02-04,94.0,51.7,101.52,78.02,107.16,0.99,89.3,False
Chennai,Chennai,2019-02-05,66.0,36.3,71.28,54.78,75.24,0.69,62.7,False
Chennai,Chennai,2019-02-06,158.0,86.9,170.64,131.14,180.12,1.66,150.1,False
Chennai,Chennai,2019-02-07,56.0,30.8,60.48,46.48,63.84,0.59,53.2,False
Chennai,Chennai,2019-02-08,86.0,47.3,92.88,71.38,98.04,0.9,81.7,False
Chennai,Chennai,2019-02-09,76.0,41.8,82.08,63.08,86.64,0.8,72.2,False
Chennai,Chennai,2019-02-10,99.0,54.45,106.92,82.17,112.86,1.04,94.05,False
Chennai,Chennai,2019-02-11,56.0,30.8,60.48,46.48,63.84,0.59,53.2,False
Chennai,Chennai,2019-02-12,36.0,19.8,38.88,29.88,41.04,0.38,34.2,False
Chennai,Chennai,2019-02-13,154.0,84.7,166.32,127.82,175.56,1.62,146.3,False
Chennai,Chennai,2019-02-14,182.0,100.1,196.56,151.06,207.48,1.91,172.9,False
Chennai,Chennai,2019-02-15,74.0,40.7,79.92,61.42,84.36,0.78,70.3,False
Chennai,Chennai,2019-02-16,75.0,41.25,81.0,62.25,85.5,0.79,71.25,False
Chennai,Chennai,2019-02-17,89.0,48.95,96.12,73.87,101.46,0.93,84.55,False
Chennai,Chennai,2019-02-18,67.0,36.85,72.36,55.61,76.38,0.7,63.65,False
Chennai,Chennai,2019-02-19,48.0,26.4,51.84,39.84,54.72,0.5,45.6,False
Chennai,Chennai,2019-02-20,47.0,25.85,50.76,39.01,53.58,0.49,44.65,False
Chennai,Chennai,2019-02-21,63.0,34.65,68.04,52.29,71.82,0.66,59.85,False
Chennai,Chennai,2019-02-22,85.0,46.75,91.8,70.55,96.9,0.89,80.75,False
Chennai,Chennai,2019-02-23,69.0,37.95,74.52,57.27,78.66,0.72,65.55,False
Chennai,Chennai,2019-02-24,80.0,44.0,86.4,66.4,91.2,0.84,76.0,False
Chennai,Chennai,2019-02-25,83.0,45.65,89.64,68.89,94.62,0.87,78.85,False
Chennai,Chennai,2019-02-26,185.0,101.75,199.8,153.55,210.9,1.94,175.75,False
Chennai,Chennai,2019-02-27,48.0,26.4,51.84,39.84,54.72,0.5,45.6,False
Chennai,Chennai,2019-02-28,105.0,57.75,113.4,87.15,119.7,1.1,99.75,False
Chennai,Chennai,2019-03-01,184.0,101.2,198.72,152.72,209.76,1.93,174.8,False
Chennai,Chennai,2019-03-02,52.0,28.6,56.16,43.16,59.28,0.55,49.4,False
Chennai,Chennai,2019-03-03,74.0,40.7,79.92,61.42,84.36,0.78,70.3,False
Chennai,Chennai,2019-03-04,116.0,63.8,125.28,96.28,132.24,1.22,110.2,False
Chennai,Chennai,2019-03-05,65.0,35.75,70.2,53.95,74.1,0.68,61.75,False
Chennai,Chennai,2019-03-06,121.0,66.55,130.68,100.43,137.94,1.27,114.95,False
Chennai,Chennai,2019-03-07,144.0,79.2,155.52,119.52,164.16,1.51,136.8,False
Chennai,Chennai,2019-03-08,84.0,46.2,90.72,69.72,95.76,0.88,79.8,False
Chennai,Chennai,2019-03-09,74.0,40.7,79.92,61.42,84.36,0.78,70.3,False
Chennai,Chennai,2019-03-10,84.0,46.2,90.72,69.72,95.76,0.88,79.8,False
Chennai,Chennai,2019-03-11,107.0,58.85,115.56,88.81,121.98,1.12,101.65,False
Chennai,Chennai,2019-03-12,58.0,31.9,62.64,48.14,66.12,0.61,55.1,False
Chennai,Chennai,2019-03-13,129.0,70.95,139.32,107.07,147.06,1.35,122.55,False
Chennai,Chennai,2019-03-14,132.0,72.6,142.56,109.56,150.48,1.39,125.4,False
Chennai,Chennai,2019-03-15,101.0,55.55,109.08,83.83,115.14,1.06,95.95,False
Chennai,Chennai,2019-03-16,86.0,47.3,92.88,71.38,98.04,0.9,81.7,False
Chennai,Chennai,2019-03-17,104.0,57.2,112.32,86.32,118.56,1.09,98.8,False
Chennai,Chennai,2019-03-18,70.0,38.5,75.6,58.1,79.8,0.74,66.5,False
Chennai,Chennai,2019-03-19,85.0,46.75,91.8,70.55,96.9,0.89,80.75,False
Chennai,Chennai,2019-03-20,105.0,57.75,113.4,87.15,119.7,1.1,99.75,False
Chennai,Chennai,2019-03-21,117.0,64.35,126.36,97.11,133.38,1.23,111.15,False
Chennai,Chennai,2019-03-22,84.0,46.2,90.72,69.72,95.76,0.88,79.8,False
Chennai,Chennai,2019-03-23,80.0,44.0,86.4,66.4,91.2,0.84,76.0,False
Chennai,Chennai,2019-03-24,73.0,40.15,78.84,60.59,83.22,0.77,69.35,False
Chennai,Chennai,2019-03-25,68.0,37.4,73.44,56.44,77.52,0.71,64.6,False
Chennai,Chennai,2019-03-26,78.0,42.9,84.24,64.74,88.92,0.82,74.1,False
Chennai,Chennai,2019-03-27,66.0,36.3,71.28,54.78,75.24,0.69,62.7,False
Chennai,Chennai,2019-03-28,73.0,40.15,78.84,60.59,83.22,0.77,69.35,False
Chennai,Chennai,2019-03-29,84.0,46.2,90.72,69.72,95.76,0.88,79.8,False
Chennai,Chennai,2019-03-30,76.0,41.8,82.08,63.08,86.64,0.8,72.2,False
Chennai,Chennai,2019-03-31,112.0,61.6,120.96,92.96,127.68,1.18,106.4,False
Chennai,Chennai,2019-04-01,203.0,111.65,219.24,168.49,231.42,2.13,192.85,True
Chennai,Chennai,2019-04-02,88.0,48.4,95.04,73.04,100.32,0.92,83.6,False
Chennai,Chennai,2019-04-03,76.0,41.8,82.08,63.08,86.64,0.8,72.2,False
Chennai,Chennai,2019-04-04,62.0,34.1,66.96,51.46,70.68,0.65,58.9,False
Chennai,Chennai,2019-04-05,68.0,37.4,73.44,56.44,77.52,0.71,64.6,False
Chennai,Chennai,2019-04-06,140.0,77.0,151.2,116.2,159.6,1.47,133.0,False
Chennai,Chennai,2019-04-07,87.0,47.85,93.96,72.21,99.18,0.91,82.65,False
Chennai,Chennai,2019-04-08,91.0,50.05,98.28,75.53,103.74,0.96,86.45,False
Chennai,Chennai,2019-04-09,94.0,51.7,101.52,78.02,107.16,0.99,89.3,False
Chennai,Chennai,2019-04-10,71.0,39.05,76.68,58.93,80.94,0.75,67.45,False
Chennai,Chennai,2019-04-11,262.0,144.1,282.96,217.46,298.68,2.75,248.9,True
Chennai,Chennai,2019-04-12,71.0,39.05,76.68,58.93,80.94,0.75,67.45,False
Chennai,Chennai,2019-04-13,64.0,35.2,69.12,53.12,72.96,0.67,60.8,False
Chennai,Chennai,2019-04-14,54.0,29.7,58.32,44.82,61.56,0.57,51.3,False
Chennai,Chennai,2019-04-15,53.0,29.15,57.24,43.99,60.42,0.56,50.35,False
Chennai,Chennai,2019-04-16,51.0,28.05,55.08,42.33,58.14,0.54,48.45,False
Chennai,Chennai,2019-04-17,50.0,27.5,54.0,41.5,57.0,0.53,47.5,False
Chennai,Chennai,2019-04-18,44.0,24.2,47.52,36.52,50.16,0.46,41.8,False
Chennai,Chennai,2019-04-19,50.0,27.5,54.0,41.5,57.0,0.53,47.5,False
Chennai,Chennai,2019-04-20,63.0,34.65,68.04,52.29,71.82,0.66,59.85,False
Chennai,Chennai,2019-04-21,72.0,39.6,77.76,59.76,82.08,0.76,68.4,False
Chennai,Chennai,2019-04-22,44.0,24.2,47.52,36.52,50.16,0.46,41.8,False
Chennai,Chennai,2019-04-23,50.0,27.5,54.0,41.5,57.0,0.53,47.5,False
Chennai,Chennai,2019-04-24,53.0,29.15,57.24,43.99,60.42,0.56,50.35,False
Chennai,Chennai,2019-04-25,63.0,34.65,68.04,52.29,71.82,0.66,59.85,False
Chennai,Chennai,2019-04-26,60.0,33.0,64.8,49.8,68.4,0.63,57.0,False
Chennai,Chennai,2019-04-27,54.0,29.7,58.32,44.82,61.56,0.57,51.3,False
Chennai,Chennai,2019-04-28,55.0,30.25,59.4,45.65,62.7,0.58,52.25,False
Chennai,Chennai,2019-04-29,56.0,30.8,60.48,46.48,63.84,0.59,53.2,False
Chennai,Chennai,2019-04-30,59.0,32.45,63.72,48.97,67.26,0.62,56.05,False
Chennai,Chennai,2019-05-01,112.0,61.6,120.96,92.96,127.68,1.18,106.4,False
Chennai,Chennai,2019-05-02,98.0,53.9,105.84,81.34,111.72,1.03,93.1,False
Chennai,Chennai,2019-05-03,89.0,48.95,96.12,73.87,101.46,0.93,84.55,False
Chennai,Chennai,2019-05-04,79.0,43.45,85.32,65.57,90.06,0.83,75.05,False
Chennai,Chennai,2019-05-05,70.0,38.5,75.6,58.1,79.8,0.74,66.5,False
Chennai,Chennai,2019-05-06,136.0,74.8,146.88,112.88,155.04,1.43,129.2,False
Chennai,Chennai,2019-05-07,133.0,73.15,143.64,110.39,151.62,1.4,126.35,False
Chennai,Chennai,2019-05-08,77.0,42.35,83.16,63.91,87.78,0.81,73.15,False
Chennai,Chennai,2019-05-09,53.0,29.15,57.24,43.99,60.42,0.56,50.35,False
Chennai,Chennai,2019-05-10,80.0,44.0,86.4,66.4,91.2,0.84,76.0,False
Chennai,Chennai,2019-05-11,237.0,130.35,255.96,196.71,270.18,2.49,225.15,True
Chennai,Chennai,2019-05-12,109.0,59.95,117.72,90.47,124.26,1.14,103.55,False
Chennai,Chennai,2019-05-13,46.0,25.3,49.68,38.18,52.44,0.48,43.7,False
Chennai,Chennai,2019-05-14,156.0,85.8,168.48,129.48,177.84,1.64,148.2,False
Chennai,Chennai,2019-05-15,111.0,61.05,119.88,92.13,126.54,1.17,105.45,False
Chennai,Chennai,2019-05-16,110.0,60.5,118.8,91.3,125.4,1.16,104.5,False
Chennai,Chennai,2019-05-17,92.0,50.6,99.36,76.36,104.88,0.97,87.4,False
Chennai,Chennai,2019-05-18,87.0,47.85,93.96,72.21,99.18,0.91,82.65,False
Chennai,Chennai,2019-05-19,70.0,38.5,75.6,58.1,79.8,0.74,66.5,False
Chennai,Chennai,2019-05-20,57.0,31.35,61.56,47.31,64.98,0.6,54.15,False
Chennai,Chennai,2019-05-21,59.0,32.45,63.72,48.97,67.26,0.62,56.05,False
Chennai,Chennai,2019-05-22,72.0,39.6,77.76,59.76,82.08,0.76,68.4,False
Chennai,Chennai,2019-05-23,71.0,39.05,76.68,58.93,80.94,0.75,67.45,False
Chennai,Chennai,2019-05-24,104.0,57.2,112.32,86.32,118.56,1.09,98.8,False
Chennai,Chennai,2019-05-25,102.0,56.1,110.16,84.66,116.28,1.07,96.9,False
Chennai,Chennai,2019-05-26,106.0,58.3,114.48,87.98,120.84,1.11,100.7,False
Chennai,Chennai,2019-05-27,92.0,50.6,99.36,76.36,104.88,0.97,87.4,False
Chennai,Chennai,2019-05-28,119.0,65.45,128.52,98.77,135.66,1.25,113.05,False
Chennai,Chennai,2019-05-29,124.0,68.2,133.92,102.92,141.36,1.3,117.8,False
Chennai,Chennai,2019-05-30,106.0,58.3,114.48,87.98,120.84,1.11,100.7,False
Chennai,Chennai,2019-05-31,112.0,61.6,120.96,92.96,127.68,1.18,106.4,False
Chennai,Chennai,2019-06-01,193.0,106.15,208.44,160.19,220.02,2.03,183.35,False
Chennai,Chennai,2019-06-02,125.0,68.75,135.0,103.75,142.5,1.31,118.75,False
Chennai,Chennai,2019-06-03,103.0,56.65,111.24,85.49,117.42,1.08,97.85,False
Chennai,Chennai,2019-06-04,77.0,42.35,83.16,63.91,87.78,0.81,73.15,False
Chennai,Chennai,2019-06-05,66.0,36.3,71.28,54.78,75.24,0.69,62.7,False
Chennai,Chennai,2019-06-06,106.0,58.3,114.48,87.98,120.84,1.11,100.7,False
Chennai,Chennai,2019-06-07,48.0,26.4,51.84,39.84,54.72,0.5,45.6,False
Chennai,Chennai,2019-06-08,89.0,48.95,96.12,73.87,101.46,0.93,84.55,False
Chennai,Chennai,2019-06-09,58.0,31.9,62.64,48.14,66.12,0.61,55.1,False
Chennai,Chennai,2019-06-10,88.0,48.4,95.04,73.04,100.32,0.92,83.6,False
Chennai,Chennai,2019-06-11,224.0,123.2,241.92,185.92,255.36,2.35,212.8,True
Chennai,Chennai,2019-06-12,96.0,52.8,103.68,79.68,109.44,1.01,91.2,False
Chennai,Chennai,2019-06-13,85.0,46.75,91.8,70.55,96.9,0.89,80.75,False
Chennai,Chennai,2019-06-14,119.0,65.45,128.52,98.77,135.66,1.25,113.05,False
Chennai,Chennai,2019-06-15,78.0,42.9,84.24,64.74,88.92,0.82,74.1,False
Chennai,Chennai,2019-06-16,91.0,50.05,98.28,75.53,103.74,0.96,86.45,False
Chennai,Chennai,2019-06-17,93.0,51.15,100.44,77.19,106.02,0.98,88.35,False
Chennai,Chennai,2019-06-19,80.0,44.0,86.4,66.4,91.2,0.84,76.0,False
Chennai,Chennai,2019-06-20,86.0,47.3,92.88,71.38,98.04,0.9,81.7,False
Chennai,Chennai,2019-06-21,65.0,35.75,70.2,53.95,74.1,0.68,61.75,False
Chennai,Chennai,2019-06-22,78.0,42.9,84.24,64.74,88.92,0.82,74.1,False
Chennai,Chennai,2019-06-23,80.0,44.0,86.4,66.4,91.2,0.84,76.0,False
Chennai,Chennai,2019-06-24,83.0,45.65,89.64,68.89,94.62,0.87,78.85,False
Chennai,Chennai,2019-06-25,105.0,57.75,113.4,87.15,119.7,1.1,99.75,False
Chennai,Chennai,2019-06-26,48.0,26.4,51.84,39.84,54.72,0.5,45.6,False
Chennai,Chennai,2019-06-27,56.0,30.8,60.48,46.48,63.84,0.59,53.2,False
Chennai,Chennai,2019-06-28,48.0,26.4,51.84,39.84,54.72,0.5,45.6,False
Chennai,Chennai,2019-06-29,42.0,23.1,45.36,34.86,47.88,0.44,39.9,False
Chennai,Chennai,2019-06-30,85.0,46.75,91.8,70.55,96.9,0.89,80.75,False
Chennai,Chennai,2019-07-01,148.0,81.4,159.84,122.84,168.72,1.55,140.6,False
Chennai,Chennai,2019-07-02,115.0,63.25,124.2,95.45,131.1,1.21,109.25,False
Chennai,Chennai,2019-07-03,86.0,47.3,92.88,71.38,98.04,0.9,81.7,False
Chennai,Chennai,2019-07-04,71.0,39.05,76.68,58.93,80.94,0.75,67.45,False
Chennai,Chennai,2019-07-05,73.0,40.15,78.84,60.59,83.22,0.77,69.35,False
Chennai,Chennai,2019-07-06,75.0,41.25,81.0,62.25,85.5,0.79,71.25,False
Chennai,Chennai,2019-07-07,61.0,33.55,65.88,50.63,69.54,0.64,57.95,False
Chennai,Chennai,2019-07-08,61.0,33.55,65.88,50.63,69.54,0.64,57.95,False
Chennai,Chennai,2019-07-09,77.0,42.35,83.16,63.91,87.78,0.81,73.15,False
Chennai,Chennai,2019-07-10,50.0,27.5,54.0,41.5,57.0,0.53,47.5,False
Chennai,Chennai,2019-07-11,272.0,149.6,293.76,225.76,310.08,2.86,258.4,True
Chennai,Chennai,2019-07-12,74.0,40.7,79.92,61.42,84.36,0.78,70.3,False
Chennai,Chennai,2019-07-13,77.0,42.35,83.16,63.91,87.78,0.81,73.15,False
Chennai,Chennai,2019-07-14,75.0,41.25,81.0,62.25,85.5,0.79,71.25,False
Chennai,Chennai,2019-07-15,78.0,42.9,84.24,64.74,88.92,0.82,74.1,False
Chennai,Chennai,2019-07-16,71.0,39.05,76.68,58.93,80.94,0.75,67.45,False
Chennai,Chennai,2019-07-17,70.0,38.5,75.6,58.1,79.8,0.74,66.5,False
Chennai,Chennai,2019-07-18,92.0,50.6,99.36,76.36,104.88,0.97,87.4,False
Chennai,Chennai,2019-07-19,60.0,33.0,64.8,49.8,68.4,0.63,57.0,False
Chennai,Chennai,2019-07-20,75.0,41.25,81.0,62.25,85.5,0.79,71.25,False
Chennai,Chennai,2019-07-21,58.0,31.9,62.64,48.14,66.12,0.61,55.1,False
Chennai,Chennai,2019-07-22,43.0,23.65,46.44,35.69,49.02,0.45,40.85,False
Chennai,Chennai,2019-07-23,49.0,26.95,52.92,40.67,55.86,0.51,46.55,False
Chennai,Chennai,2019-07-24,60.0,33.0,64.8,49.8,68.4,0.63,57.0,False
Chennai,Chennai,2019-07-25,63.0,34.65,68.04,52.29,71.82,0.66,59.85,False
Chennai,Chennai,2019-07-26,50.0,27.5,54.0,41.5,57.0,0.53,47.5,False
Chennai,Chennai,2019-07-27,50.0,27.5,54.0,41.5,57.0,0.53,47.5,False
Chennai,Chennai,2019-07-28,62.0,34.1,66.96,51.46,70.68,0.65,58.9,False
Chennai,Chennai,2019-07-29,66.0,36.3,71.28,54.78,75.24,0.69,62.7,False
Chennai,Chennai,2019-07-30,78.0,42.9,84.24,64.74,88.92,0.82,74.1,False
Chennai,Chennai,2019-07-31,86.0,47.3,92.88,71.38,98.04,0.9,81.7,False
Chennai,Chennai,2019-08-01,81.0,44.55,87.48,67.23,92.34,0.85,76.95,False
Chennai,Chennai,2019-08-02,67.0,36.85,72.36,55.61,76.38,0.7,63.65,False
Chennai,Chennai,2019-08-03,73.0,40.15,78.84,60.59,83.22,0.77,69.35,False
Chennai,Chennai,2019-08-04,76.0,41.8,82.08,63.08,86.64,0.8,72.2,False
Chennai,Chennai,2019-08-05,67.0,36.85,72.36,55.61,76.38,0.7,63.65,False
Chennai,Chennai,2019-08-06,57.0,31.35,61.56,47.31,64.98,0.6,54.15,False
Chennai,Chennai,2019-08-07,97.0,53.35,104.76,80.51,110.58,1.02,92.15,False
Chennai,Chennai,2019-08-08,107.0,58.85,115.56,88.81,121.98,1.12,101.65,False
Chennai,Chennai,2019-08-09,61.0,33.55,65.88,50.63,69.54,0.64,57.95,False
Chennai,Chennai,2019-08-10,80.0,44.0,86.4,66.4,91.2,0.84,76.0,False
Chennai,Chennai,2019-08-11,288.0,158.4,311.04,239.04,328.32,3.02,273.6,True
Chennai,Chennai,2019-08-12,72.0,39.6,77.76,59.76,82.08,0.76,68.4,False
Chennai,Chennai,2019-08-13,40.0,22.0,43.2,33.2,45.6,0.42,38.0,False
Chennai,Chennai,2019-08-14,100.0,55.0,108.0,83.0,114.0,1.05,95.0,False
Chennai,Chennai,2019-08-15,65.0,35.75,70.2,53.95,74.1,0.68,61.75,False
Chennai,Chennai,2019-08-16,50.0,27.5,54.0,41.5,57.0,0.53,47.5,False
Chennai,Chennai,2019-08-17,59.0,32.45,63.72,48.97,67.26,0.62,56.05,False
Chennai,Chennai,2019-08-18,44.0,24.2,47.52,36.52,50.16,0.46,41.8,False
Chennai,Chennai,2019-08-19,44.0,24.2,47.52,36.52,50.16,0.46,41.8,False
Chennai,Chennai,2019-08-20,51.0,28.05,55.08,42.33,58.14,0.54,48.45,False
Chennai,Chennai,2019-08-21,52.0,28.6,56.16,43.16,59.28,0.55,49.4,False
Chennai,Chennai,2019-08-22,75.0,41.25,81.0,62.25,85.5,0.79,71.25,False
Chennai,Chennai,2019-08-23,47.0,25.85,50.76,39.01,53.58,0.49,44.65,False
Chennai,Chennai,2019-08-24,45.0,24.75,48.6,37.35,51.3,0.47,42.75,False
Chennai,Chennai,2019-08-25,40.0,22.0,43.2,33.2,45.6,0.42,38.0,False
Chennai,Chennai,2019-08-26,50.0,27.5,54.0,41.5,57.0,0.53,47.5,False
Chennai,Chennai,2019-08-27,42.0,23.1,45.36,34.86,47.88,0.44,39.9,False
Chennai,Chennai,2019-08-28,82.0,45.1,88.56,68.06,93.48,0.86,77.9,False
Chennai,Chennai,2019-08-29,44.0,24.2,47.52,36.52,50.16,0.46,41.8,False
Chennai,Chennai,2019-08-30,74.0,40.7,79.92,61.42,84.36,0.78,70.3,False
Chennai,Chennai,2019-08-31,118.0,64.9,127.44,97.94,134.52,1.24,112.1,False
Chennai,Chennai,2019-09-01,212.0,116.6,228.96,175.96,241.68,2.23,201.4,True
Chennai,Chennai,2019-09-02,53.0,29.15,57.24,43.99,60.42,0.56,50.35,False
Chennai,Chennai,2019-09-03,78.0,42.9,84.24,64.74,88.92,0.82,74.1,False
Chennai,Chennai,2019-09-04,96.0,52.8,103.68,79.68,109.44,1.01,91.2,False
Chennai,Chennai,2019-09-05,66.0,36.3,71.28,54.78,75.24,0.69,62.7,False
Chennai,Chennai,2019-09-06,86.0,47.3,92.88,71.38,98.04,0.9,81.7,False
Chennai,Chennai,2019-09-07,92.0,50.6,99.36,76.36,104.88,0.97,87.4,False
Chennai,Chennai,2019-09-08,59.0,32.45,63.72,48.97,67.26,0.62,56.05,False
Chennai,Chennai,2019-09-09,75.0,41.25,81.0,62.25,85.5,0.79,71.25,False
Chennai,Chennai,2019-09-10,85.0,46.75,91.8,70.55,96.9,0.89,80.75,False
Chennai,Chennai,2019-09-11,218.0,119.9,235.44,180.94,248.52,2.29,207.1,True
Chennai,Chennai,2019-09-12,54.0,29.7,58.32,44.82,61.56,0.57,51.3,False
Chennai,Chennai,2019-09-13,56.0,30.8,60.48,46.48,63.84,0.59,53.2,False
Chennai,Chennai,2019-09-14,73.0,40.15,78.84,60.59,83.22,0.77,69.35,False
Chennai,Chennai,2019-09-15,67.0,36.85,72.36,55.61,76.38,0.7,63.65,False
Chennai,Chennai,2019-09-16,77.0,42.35,83.16,63.91,87.78,0.81,73.15,False
Chennai,Chennai,2019-09-17,83.0,45.65,89.64,68.89,94.62,0.87,78.85,False
Chennai,Chennai,2019-09-18,76.0,41.8,82.08,63.08,86.64,0.8,72.2,False
Chennai,Chennai,2019-09-19,83.0,45.65,89.64,68.89,94.62,0.87,78.85,False
Chennai,Chennai,2019-09-20,93.0,51.15,100.44,77.19,106.02,0.98,88.35,False
Chennai,Chennai,2019-09-21,76.0,41.8,82.08,63.08,86.64,0.8,72.2,False
Chennai,Chennai,2019-09-22,100.0,55.0,108.0,83.0,114.0,1.05,95.0,False
Chennai,Chennai,2019-09-23,132.0,72.6,142.56,109.56,150.48,1.39,125.4,False
Chennai,Chennai,2019-09-24,118.0,64.9,127.44,97.94,134.52,1.24,112.1,False
Chennai,Chennai,2019-09-25,69.0,37.95,74.52,57.27,78.66,0.72,65.55,False
Chennai,Chennai,2019-09-26,61.0,33.55,65.88,50.63,69.54,0.64,57.95,False
Chennai,Chennai,2019-09-27,85.0,46.75,91.8,70.55,96.9,0.89,80.75,False
Chennai,Chennai,2019-09-28,96.0,52.8,103.68,79.68,109.44,1.01,91.2,False
Chennai,Chennai,2019-09-29,79.0,43.45,85.32,65.57,90.06,0.83,75.05,False
Chennai,Chennai,2019-09-30,100.0,55.0,108.0,83.0,114.0,1.05,95.0,False
Chennai,Chennai,2019-10-01,172.0,94.6,185.76,142.76,196.08,1.81,163.4,False
Chennai,Chennai,2019-10-02,48.0,26.4,51.84,39.84,54.72,0.5,45.6,False
Chennai,Chennai,2019-10-03,68.0,37.4,73.44,56.44,77.52,0.71,64.6,False
Chennai,Chennai,2019-10-04,70.0,38.5,75.6,58.1,79.8,0.74,66.5,False
Chennai,Chennai,2019-10-05,62.0,34.1,66.96,51.46,70.68,0.65,58.9,False
Chennai,Chennai,2019-10-06,100.0,55.0,108.0,83.0,114.0,1.05,95.0,False
Chennai,Chennai,2019-10-07,65.0,35.75,70.2,53.95,74.1,0.68,61.75,False
Chennai,Chennai,2019-10-08,65.0,35.75,70.2,53.95,74.1,0.68,61.75,False
Chennai,Chennai,2019-10-09,108.0,59.4,116.64,89.64,123.12,1.13,102.6,False
Chennai,Chennai,2019-10-10,84.0,46.2,90.72,69.72,95.76,0.88,79.8,False
Chennai,Chennai,2019-10-11,234.0,128.7,252.72,194.22,266.76,2.46,222.3,True
Chennai,Chennai,2019-10-12,56.0,30.8,60.48,46.48,63.84,0.59,53.2,False
Chennai,Chennai,2019-10-13,78.0,42.9,84.24,64.74,88.92,0.82,74.1,False
Chennai,Chennai,2019-10-14,41.0,22.55,44.28,34.03,46.74,0.43,38.95,False
Chennai,Chennai,2019-10-15,65.0,35.75,70.2,53.95,74.1,0.68,61.75,False
Chennai,Chennai,2019-10-16,48.0,26.4,51.84,39.84,54.72,0.5,45.6,False
Chennai,Chennai,2019-10-17,54.0,29.7,58.32,44.82,61.56,0.57,51.3,False
Chennai,Chennai,2019-10-18,76.0,41.8,82.08,63.08,86.64,0.8,72.2,False
Chennai,Chennai,2019-10-19,72.0,39.6,77.76,59.76,82.08,0.76,68.4,False
Chennai,Chennai,2019-10-20,68.0,37.4,73.44,56.44,77.52,0.71,64.6,False
Chennai,Chennai,2019-10-21,67.0,36.85,72.36,55.61,76.38,0.7,63.65,False
Chennai,Chennai,2019-10-22,58.0,31.9,62.64,48.14,66.12,0.61,55.1,False
Chennai,Chennai,2019-10-23,81.0,44.55,87.48,67.23,92.34,0.85,76.95,False
Chennai,Chennai,2019-10-24,58.0,31.9,62.64,48.14,66.12,0.61,55.1,False
Chennai,Chennai,2019-10-25,82.0,45.1,88.56,68.06,93.48,0.86,77.9,False
Chennai,Chennai,2019-10-26,124.0,68.2,133.92,102.92,141.36,1.3,117.8,False
Chennai,Chennai,2019-10-27,260.0,143.0,280.8,215.8,296.4,2.73,247.0,True
Chennai,Chennai,2019-10-28,129.0,70.95,139.32,107.07,147.06,1.35,122.55,False
Chennai,Chennai,2019-10-29,74.0,40.7,79.92,61.42,84.36,0.78,70.3,False
Chennai,Chennai,2019-10-30,59.0,32.45,63.72,48.97,67.26,0.62,56.05,False
Chennai,Chennai,2019-10-31,138.0,75.9,149.04,114.54,157.32,1.45,131.1,False
Chennai,Chennai,2019-11-01,178.0,97.9,192.24,147.74,202.92,1.87,169.1,False
Chennai,Chennai,2019-11-02,58.0,31.9,62.64,48.14,66.12,0.61,55.1,False
Chennai,Chennai,2019-11-03,60.0,33.0,64.8,49.8,68.4,0.63,57.0,False
Chennai,Chennai,2019-11-04,118.0,64.9,127.44,97.94,134.52,1.24,112.1,False
Chennai,Chennai,2019-11-05,134.0,73.7,144.72,111.22,152.76,1.41,127.3,False
Chennai,Chennai,2019-11-06,70.0,38.5,75.6,58.1,79.8,0.74,66.5,False
Chennai,Chennai,2019-11-07,66.0,36.3,71.28,54.78,75.24,0.69,62.7,False
Chennai,Chennai,2019-11-08,35.0,19.25,37.8,29.05,39.9,0.37,33.25,False
Chennai,Chennai,2019-11-09,105.0,57.75,113.4,87.15,119.7,1.1,99.75,False
Chennai,Chennai,2019-11-10,69.0,37.95,74.52,57.27,78.66,0.72,65.55,False
Chennai,Chennai,2019-11-11,184.0,101.2,198.72,152.72,209.76,1.93,174.8,False
Chennai,Chennai,2019-11-12,69.0,37.95,74.52,57.27,78.66,0.72,65.55,False
Chennai,Chennai,2019-11-13,64.0,35.2,69.12,53.12,72.96,0.67,60.8,False
Chennai,Chennai,2019-11-14,42.0,23.1,45.36,34.86,47.88,0.44,39.9,False
Chennai,Chennai,2019-11-15,76.0,41.8,82.08,63.08,86.64,0.8,72.2,False
Chennai,Chennai,2019-11-16,66.0,36.3,71.28,54.78,75.24,0.69,62.7,False
Chennai,Chennai,2019-11-17,103.0,56.65,111.24,85.49,117.42,1.08,97.85,False
Chennai,Chennai,2019-11-18,78.0,42.9,84.24,64.74,88.92,0.82,74.1,False
Chennai,Chennai,2019-11-19,54.0,29.7,58.32,44.82,61.56,0.57,51.3,False
Chennai,Chennai,2019-11-20,35.0,19.25,37.8,29.05,39.9,0.37,33.25,False
Chennai,Chennai,2019-11-21,51.0,28.05,55.08,42.33,58.14,0.54,48.45,False
Chennai,Chennai,2019-11-22,56.0,30.8,60.48,46.48,63.84,0.59,53.2,False
Chennai,Chennai,2019-11-23,69.0,37.95,74.52,57.27,78.66,0.72,65.55,False
Chennai,Chennai,2019-11-24,130.0,71.5,140.4,107.9,148.2,1.37,123.5,False
Chennai,Chennai,2019-11-25,87.0,47.85,93.96,72.21,99.18,0.91,82.65,False
Chennai,Chennai,2019-11-26,97.0,53.35,104.76,80.51,110.58,1.02,92.15,False
Chennai,Chennai,2019-11-27,75.0,41.25,81.0,62.25,85.5,0.79,71.25,False
Chennai,Chennai,2019-11-28,61.0,33.55,65.88,50.63,69.54,0.64,57.95,False
Chennai,Chennai,2019-11-29,45.0,24.75,48.6,37.35,51.3,0.47,42.75,False
Chennai,Chennai,2019-11-30,48.0,26.4,51.84,39.84,54.72,0.5,45.6,False
Chennai,Chennai,2019-12-01,158.0,86.9,170.64,131.14,180.12,1.66,150.1,False
Chennai,Chennai,2019-12-02,68.0,37.4,73.44,56.44,77.52,0.71,64.6,False
Chennai,Chennai,2019-12-03,82.0,45.1,88.56,68.06,93.48,0.86,77.9,False
Chennai,Chennai,2019-12-04,67.0,36.85,72.36,55.61,76.38,0.7,63.65,False
Chennai,Chennai,2019-12-05,130.0,71.5,140.4,107.9,148.2,1.37,123.5,False
Chennai,Chennai,2019-12-06,86.0,47.3,92.88,71.38,98.04,0.9,81.7,False
Chennai,Chennai,2019-12-07,65.0,35.75,70.2,53.95,74.1,0.68,61.75,False
Chennai,Chennai,2019-12-08,48.0,26.4,51.84,39.84,54.72,0.5,45.6,False
Chennai,Chennai,2019-12-09,88.0,48.4,95.04,73.04,100.32,0.92,83.6,False
Chennai,Chennai,2019-12-10,73.0,40.15,78.84,60.59,83.22,0.77,69.35,False
Chennai,Chennai,2019-12-11,65.0,35.75,70.2,53.95,74.1,0.68,61.75,False
Chennai,Chennai,2019-12-12,52.0,28.6,56.16,43.16,59.28,0.55,49.4,False
Chennai,Chennai,2019-12-13,56.0,30.8,60.48,46.48,63.84,0.59,53.2,False
Chennai,Chennai,2019-12-14,61.0,33.55,65.88,50.63,69.54,0.64,57.95,False
Chennai,Chennai,2019-12-15,69.0,37.95,74.52,57.27,78.66,0.72,65.55,False
Chennai,Chennai,2019-12-16,60.0,33.0,64.8,49.8,68.4,0.63,57.0,False
Chennai,Chennai,2019-12-17,66.0,36.3,71.28,54.78,75.24,0.69,62.7,False
Chennai,Chennai,2019-12-18,100.0,55.0,108.0,83.0,114.0,1.05,95.0,False
Chennai,Chennai,2019-12-19,82.0,45.1,88.56,68.06,93.48,0.86,77.9,False
Chennai,Chennai,2019-12-20,111.0,61.05,119.88,92.13,126.54,1.17,105.45,False
Chennai,Chennai,2019-12-21,137.0,75.35,147.96,113.71,156.18,1.44,130.15,False
Chennai,Chennai,2019-12-22,122.0,67.1,131.76,101.26,139.08,1.28,115.9,False
Chennai,Chennai,2019-12-23,93.0,51.15,100.44,77.19,106.02,0.98,88.35,False
Chennai,Chennai,2019-12-24,96.0,52.8,103.68,79.68,109.44,1.01,91.2,False
Chennai,Chennai,2019-12-25,102.0,56.1,110.16,84.66,116.28,1.07,96.9,False
Chennai,Chennai,2019-12-26,132.0,72.6,142.56,109.56,150.48,1.39,125.4,False
Chennai,Chennai,2019-12-27,61.0,33.55,65.88,50.63,69.54,0.64,57.95,False
Chennai,Chennai,2019-12-28,58.0,31.9,62.64,48.14,66.12,0.61,55.1,False
Chennai,Chennai,2019-12-29,106.0,58.3,114.48,87.98,120.84,1.11,100.7,False
Chennai,Chennai,2019-12-30,76.0,41.8,82.08,63.08,86.64,0.8,72.2,False
Chennai,Chennai,2019-12-31,87.0,47.85,93.96,72.21,99.18,0.91,82.65,False
Chennai,Chennai,2020-01-01,64.0,35.2,69.12,53.12,72.96,0.67,60.8,False
Chennai,Chennai,2020-01-02,61.0,33.55,65.88,50.63,69.54,0.64,57.95,False
Chennai,Chennai,2020-01-03,66.0,36.3,71.28,54.78,75.24,0.69,62.7,False
Chennai,Chennai,2020-01-04,61.0,33.55,65.88,50.63,69.54,0.64,57.95,False
Chennai,Chennai,2020-01-05,60.0,33.0,64.8,49.8,68.4,0.63,57.0,False
Chennai,Chennai,2020-01-06,92.0,50.6,99.36,76.36,104.88,0.97,87.4,False
Chennai,Chennai,2020-01-07,75.0,41.25,81.0,62.25,85.5,0.79,71.25,False
Chennai,Chennai,2020-01-08,61.0,33.55,65.88,50.63,69.54,0.64,57.95,False
Chennai,Chennai,2020-01-09,69.0,37.95,74.52,57.27,78.66,0.72,65.55,False
Chennai,Chennai,2020-01-10,50.0,27.5,54.0,41.5,57.0,0.53,47.5,False
Chennai,Chennai,2020-01-11,117.0,64.35,126.36,97.11,133.38,1.23,111.15,False
Chennai,Chennai,2020-01-12,60.0,33.0,64.8,49.8,68.4,0.63,57.0,False
Chennai,Chennai,2020-01-13,158.0,86.9,170.64,131.14,180.12,1.66,150.1,False
Chennai,Chennai,2020-01-14,170.0,93.5,183.6,141.1,193.8,1.79,161.5,False
Chennai,Chennai,2020-01-15,102.0,56.1,110.16,84.66,116.28,1.07,96.9,False
Chennai,Chennai,2020-01-16,54.0,29.7,58.32,44.82,61.56,0.57,51.3,False
Chennai,Chennai,2020-01-17,71.0,39.05,76.68,58.93,80.94,0.75,67.45,False
Chennai,Chennai,2020-01-18,52.0,28.6,56.16,43.16,59.28,0.55,49.4,False
Chennai,Chennai,2020-01-19,73.0,40.15,78.84,60.59,83.22,0.77,69.35,False
Chennai,Chennai,2020-01-20,72.0,39.6,77.76,59.76,82.08,0.76,68.4,False
Chennai,Chennai,2020-01-21,88.0,48.4,95.04,73.04,100.32,0.92,83.6,False
Chennai,Chennai,2020-01-22,86.0,47.3,92.88,71.38,98.04,0.9,81.7,False
Chennai,Chennai,2020-01-23,110.0,60.5,118.8,91.3,125.4,1.16,104.5,False
Chennai,Chennai,2020-01-24,127.0,69.85,137.16,105.41,144.78,1.33,120.65,False
Chennai,Chennai,2020-01-25,98.0,53.9,105.84,81.34,111.72,1.03,93.1,False
Chennai,Chennai,2020-01-26,74.0,40.7,79.92,61.42,84.36,0.78,70.3,False
Chennai,Chennai,2020-01-27,77.0,42.35,83.16,63.91,87.78,0.81,73.15,False
Chennai,Chennai,2020-01-28,93.0,51.15,100.44,77.19,106.02,0.98,88.35,False
Chennai,Chennai,2020-01-29,79.0,43.45,85.32,65.57,90.06,0.83,75.05,False
Chennai,Chennai,2020-01-30,86.0,47.3,92.88,71.38,98.04,0.9,81.7,False
Chennai,Chennai,2020-01-31,75.0,41.25,81.0,62.25,85.5,0.79,71.25,False
Chennai,Chennai,2020-02-01,57.0,31.35,61.56,47.31,64.98,0.6,54.15,False
Chennai,Chennai,2020-02-02,50.0,27.5,54.0,41.5,57.0,0.53,47.5,False
Chennai,Chennai,2020-02-03,89.0,48.95,96.12,73.87,101.46,0.93,84.55,False
Chennai,Chennai,2020-02-04,62.0,34.1,66.96,51.46,70.68,0.65,58.9,False
Chennai,Chennai,2020-02-05,51.0,28.05,55.08,42.33,58.14,0.54,48.45,False
Chennai,Chennai,2020-02-06,77.0,42.35,83.16,63.91,87.78,0.81,73.15,False
Chennai,Chennai,2020-02-07,76.0,41.8,82.08,63.08,86.64,0.8,72.2,False
Chennai,Chennai,2020-02-08,58.0,31.9,62.64,48.14,66.12,0.61,55.1,False
Chennai,Chennai,2020-02-09,73.0,40.15,78.84,60.59,83.22,0.77,69.35,False
Chennai,Chennai,2020-02-10,50.0,27.5,54.0,41.5,57.0,0.53,47.5,False
Chennai,Chennai,2020-02-11,87.0,47.85,93.96,72.21,99.18,0.91,82.65,False
Chennai,Chennai,2020-02-12,66.0,36.3,71.28,54.78,75.24,0.69,62.7,False
Chennai,Chennai,2020-02-13,96.0,52.8,103.68,79.68,109.44,1.01,91.2,False
Chennai,Chennai,2020-02-14,130.0,71.5,140.4,107.9,148.2,1.37,123.5,False
Chennai,Chennai,2020-02-15,139.0,76.45,150.12,115.37,158.46,1.46,132.05,False
Chennai,Chennai,2020-02-16,76.0,41.8,82.08,63.08,86.64,0.8,72.2,False
Chennai,Chennai,2020-02-17,62.0,34.1,66.96,51.46,70.68,0.65,58.9,False
Chennai,Chennai,2020-02-18,83.0,45.65,89.64,68.89,94.62,0.87,78.85,False
Chennai,Chennai,2020-02-19,84.0,46.2,90.72,69.72,95.76,0.88,79.8,False
Chennai,Chennai,2020-02-20,75.0,41.25,81.0,62.25,85.5,0.79,71.25,False
Chennai,Chennai,2020-02-21,85.0,46.75,91.8,70.55,96.9,0.89,80.75,False
Chennai,Chennai,2020-02-22,62.0,34.1,66.96,51.46,70.68,0.65,58.9,False
Chennai,Chennai,2020-02-23,56.0,30.8,60.48,46.48,63.84,0.59,53.2,False
Chennai,Chennai,2020-02-24,72.0,39.6,77.76,59.76,82.08,0.76,68.4,False
Chennai,Chennai,2020-02-25,76.0,41.8,82.08,63.08,86.64,0.8,72.2,False
Chennai,Chennai,2020-02-26,78.0,42.9,84.24,64.74,88.92,0.82,74.1,False
Chennai,Chennai,2020-02-27,82.0,45.1,88.56,68.06,93.48,0.86,77.9,False
Chennai,Chennai,2020-02-28,70.0,38.5,75.6,58.1,79.8,0.74,66.5,False
Chennai,Chennai,2020-03-01,69.0,37.95,74.52,57.27,78.66,0.72,65.55,False
Chennai,Chennai,2020-03-02,76.0,41.8,82.08,63.08,86.64,0.8,72.2,False
Chennai,Chennai,2020-03-03,97.0,53.35,104.76,80.51,110.58,1.02,92.15,False
Chennai,Chennai,2020-03-04,56.0,30.8,60.48,46.48,63.84,0.59,53.2,False
Chennai,Chennai,2020-03-05,51.0,28.05,55.08,42.33,58.14,0.54,48.45,False
Chennai,Chennai,2020-03-06,66.0,36.3,71.28,54.78,75.24,0.69,62.7,False
Chennai,Chennai,2020-03-07,132.0,72.6,142.56,109.56,150.48,1.39,125.4,False
Chennai,Chennai,2020-03-08,55.0,30.25,59.4,45.65,62.7,0.58,52.25,False
Chennai,Chennai,2020-03-09,71.0,39.05,76.68,58.93,80.94,0.75,67.45,False
Chennai,Chennai,2020-03-10,46.0,25.3,49.68,38.18,52.44,0.48,43.7,False
Chennai,Chennai,2020-03-11,148.0,81.4,159.84,122.84,168.72,1.55,140.6,False
Chennai,Chennai,2020-03-12,42.0,23.1,45.36,34.86,47.88,0.44,39.9,False
Chennai,Chennai,2020-03-13,59.0,32.45,63.72,48.97,67.26,0.62,56.05,False
Chennai,Chennai,2020-03-14,71.0,39.05,76.68,58.93,80.94,0.75,67.45,False
Chennai,Chennai,2020-03-15,69.0,37.95,74.52,57.27,78.66,0.72,65.55,False
Chennai,Chennai,2020-03-16,59.0,32.45,63.72,48.97,67.26,0.62,56.05,False
Chennai,Chennai,2020-03-17,80.0,44.0,86.4,66.4,91.2,0.84,76.0,False
Chennai,Chennai,2020-03-18,72.0,39.6,77.76,59.76,82.08,0.76,68.4,False
Chennai,Chennai,2020-03-19,68.0,37.4,73.44,56.44,77.52,0.71,64.6,False
Chennai,Chennai,2020-03-20,66.0,36.3,71.28,54.78,75.24,0.69,62.7,False
Chennai,Chennai,2020-03-21,70.0,38.5,75.6,58.1,79.8,0.74,66.5,False
Chennai,Chennai,2020-03-22,64.0,35.2,69.12,53.12,72.96,0.67,60.8,False
Chennai,Chennai,2020-03-23,65.0,35.75,70.2,53.95,74.1,0.68,61.75,False
Chennai,Chennai,2020-03-24,52.0,28.6,56.16,43.16,59.28,0.55,49.4,False
Chennai,Chennai,2020-03-25,46.0,25.3,49.68,38.18,52.44,0.48,43.7,False
Chennai,Chennai,2020-03-26,56.0,30.8,60.48,46.48,63.84,0.59,53.2,False
Chennai,Chennai,2020-03-27,48.0,26.4,51.84,39.84,54.72,0.5,45.6,False
Chennai,Chennai,2020-03-28,57.0,31.35,61.56,47.31,64.98,0.6,54.15,False
Chennai,Chennai,2020-03-29,46.0,25.3,49.68,38.18,52.44,0.48,43.7,False
Chennai,Chennai,2020-03-30,52.0,28.6,56.16,43.16,59.28,0.55,49.4,False
Chennai,Chennai,2020-03-31,54.0,29.7,58.32,44.82,61.56,0.57,51.3,False
Chennai,Chennai,2020-04-01,47.0,25.85,50.76,39.01,53.58,0.49,44.65,False
Chennai,Chennai,2020-04-02,76.0,41.8,82.08,63.08,86.64,0.8,72.2,False
Chennai,Chennai,2020-04-03,79.0,43.45,85.32,65.57,90.06,0.83,75.05,False
Chennai,Chennai,2020-04-04,55.0,30.25,59.4,45.65,62.7,0.58,52.25,False
Chennai,Chennai,2020-04-05,45.0,24.75,48.6,37.35,51.3,0.47,42.75,False
Chennai,Chennai,2020-04-06,67.0,36.85,72.36,55.61,76.38,0.7,63.65,False
Chennai,Chennai,2020-04-07,117.0,64.35,126.36,97.11,133.38,1.23,111.15,False
Chennai,Chennai,2020-04-08,76.0,41.8,82.08,63.08,86.64,0.8,72.2,False
Chennai,Chennai,2020-04-09,62.0,34.1,66.96,51.46,70.68,0.65,58.9,False
Chennai,Chennai,2020-04-10,47.0,25.85,50.76,39.01,53.58,0.49,44.65,False
Chennai,Chennai,2020-04-11,90.0,49.5,97.2,74.7,102.6,0.95,85.5,False
Chennai,Chennai,2020-04-12,30.0,16.5,32.4,24.9,34.2,0.32,28.5,False
Chennai,Chennai,2020-04-13,44.0,24.2,47.52,36.52,50.16,0.46,41.8,False
Chennai,Chennai,2020-04-14,46.0,25.3,49.68,38.18,52.44,0.48,43.7,False
Chennai,Chennai,2020-04-15,42.0,23.1,45.36,34.86,47.88,0.44,39.9,False
Chennai,Chennai,2020-04-16,50.0,27.5,54.0,41.5,57.0,0.53,47.5,False
Chennai,Chennai,2020-04-17,43.0,23.65,46.44,35.69,49.02,0.45,40.85,False
Chennai,Chennai,2020-04-18,40.0,22.0,43.2,33.2,45.6,0.42,38.0,False
Chennai,Chennai,2020-04-19,44.0,24.2,47.52,36.52,50.16,0.46,41.8,False
Chennai,Chennai,2020-04-20,39.0,21.45,42.12,32.37,44.46,0.41,37.05,False
Chennai,Chennai,2020-04-21,44.0,24.2,47.52,36.52,50.16,0.46,41.8,False
Chennai,Chennai,2020-04-22,44.0,24.2,47.52,36.52,50.16,0.46,41.8,False
Chennai,Chennai,2020-04-23,40.0,22.0,43.2,33.2,45.6,0.42,38.0,False
Chennai,Chennai,2020-04-24,44.0,24.2,47.52,36.52,50.16,0.46,41.8,False
Chennai,Chennai,2020-04-25,45.0,24.75,48.6,37.35,51.3,0.47,42.75,False
Chennai,Chennai,2020-04-26,44.0,24.2,47.52,36.52,50.16,0.46,41.8,False
Chennai,Chennai,2020-04-27,48.0,26.4,51.84,39.84,54.72,0.5,45.6,False
Chennai,Chennai,2020-04-28,49.0,26.95,52.92,40.67,55.86,0.51,46.55,False
Chennai,Chennai,2020-04-29,54.0,29.7,58.32,44.82,61.56,0.57,51.3,False
Chennai,Chennai,2020-04-30,49.0,26.95,52.92,40.67,55.86,0.51,46.55,False
Chennai,Chennai,2020-05-01,60.0,33.0,64.8,49.8,68.4,0.63,57.0,False
Chennai,Chennai,2020-05-02,85.0,46.75,91.8,70.55,96.9,0.89,80.75,False
Chennai,Chennai,2020-05-03,68.0,37.4,73.44,56.44,77.52,0.71,64.6,False
Chennai,Chennai,2020-05-04,55.0,30.25,59.4,45.65,62.7,0.58,52.25,False
Chennai,Chennai,2020-05-05,52.0,28.6,56.16,43.16,59.28,0.55,49.4,False
Chennai,Chennai,2020-05-06,69.0,37.95,74.52,57.27,78.66,0.72,65.55,False
Chennai,Chennai,2020-05-07,85.0,46.75,91.8,70.55,96.9,0.89,80.75,False
Chennai,Chennai,2020-05-08,48.0,26.4,51.84,39.84,54.72,0.5,45.6,False
Chennai,Chennai,2020-05-09,58.0,31.9,62.64,48.14,66.12,0.61,55.1,False
Chennai,Chennai,2020-05-10,45.0,24.75,48.6,37.35,51.3,0.47,42.75,False
Chennai,Chennai,2020-05-11,59.0,32.45,63.72,48.97,67.26,0.62,56.05,False
Chennai,Chennai,2020-05-12,32.0,17.6,34.56,26.56,36.48,0.34,30.4,False
Chennai,Chennai,2020-05-13,50.0,27.5,54.0,41.5,57.0,0.53,47.5,False
Chennai,Chennai,2020-05-14,50.0,27.5,54.0,41.5,57.0,0.53,47.5,False
Chennai,Chennai,2020-05-15,52.0,28.6,56.16,43.16,59.28,0.55,49.4,False
Chennai,Chennai,2020-05-16,65.0,35.75,70.2,53.95,74.1,0.68,61.75,False
Chennai,Chennai,2020-05-17,51.0,28.05,55.08,42.33,58.14,0.54,48.45,False
Chennai,Chennai,2020-05-18,61.0,33.55,65.88,50.63,69.54,0.64,57.95,False
Chennai,Chennai,2020-05-19,63.0,34.65,68.04,52.29,71.82,0.66,59.85,False
Chennai,Chennai,2020-05-20,64.0,35.2,69.12,53.12,72.96,0.67,60.8,False
Chennai,Chennai,2020-05-21,65.0,35.75,70.2,53.95,74.1,0.68,61.75,False
Chennai,Chennai,2020-05-22,81.0,44.55,87.48,67.23,92.34,0.85,76.95,False
Chennai,Chennai,2020-05-23,64.0,35.2,69.12,53.12,72.96,0.67,60.8,False
Chennai,Chennai,2020-05-24,67.0,36.85,72.36,55.61,76.38,0.7,63.65,False
Chennai,Chennai,2020-05-25,62.0,34.1,66.96,51.46,70.68,0.65,58.9,False
Chennai,Chennai,2020-05-26,67.0,36.85,72.36,55.61,76.38,0.7,63.65,False
Chennai,Chennai,2020-05-27,58.0,31.9,62.64,48.14,66.12,0.61,55.1,False
Chennai,Chennai,2020-05-28,62.0,34.1,66.96,51.46,70.68,0.65,58.9,False
Chennai,Chennai,2020-05-29,97.0,53.35,104.76,80.51,110.58,1.02,92.15,False
Chennai,Chennai,2020-05-30,86.0,47.3,92.88,71.38,98.04,0.9,81.7,False
Chennai,Chennai,2020-05-31,68.0,37.4,73.44,56.44,77.52,0.71,64.6,False
Chennai,Chennai,2020-06-01,52.0,28.6,56.16,43.16,59.28,0.55,49.4,False
Chennai,Chennai,2020-06-02,86.0,47.3,92.88,71.38,98.04,0.9,81.7,False
Chennai,Chennai,2020-06-03,52.0,28.6,56.16,43.16,59.28,0.55,49.4,False
Chennai,Chennai,2020-06-04,46.0,25.3,49.68,38.18,52.44,0.48,43.7,False
Chennai,Chennai,2020-06-05,51.0,28.05,55.08,42.33,58.14,0.54,48.45,False
Chennai,Chennai,2020-06-06,71.0,39.05,76.68,58.93,80.94,0.75,67.45,False
Chennai,Chennai,2020-06-07,109.0,59.95,117.72,90.47,124.26,1.14,103.55,False
Chennai,Chennai,2020-06-08,54.0,29.7,58.32,44.82,61.56,0.57,51.3,False
Chennai,Chennai,2020-06-09,66.0,36.3,71.28,54.78,75.24,0.69,62.7,False
Chennai,Chennai,2020-06-10,66.0,36.3,71.28,54.78,75.24,0.69,62.7,False
Chennai,Chennai,2020-06-11,48.0,26.4,51.84,39.84,54.72,0.5,45.6,False
Chennai,Chennai,2020-06-12,28.0,15.4,30.24,23.24,31.92,0.29,26.6,False
Chennai,Chennai,2020-06-13,60.0,33.0,64.8,49.8,68.4,0.63,57.0,False
Chennai,Chennai,2020-06-14,61.0,33.55,65.88,50.63,69.54,0.64,57.95,False
Chennai,Chennai,2020-06-15,61.0,33.55,65.88,50.63,69.54,0.64,57.95,False
Chennai,Chennai,2020-06-16,72.0,39.6,77.76,59.76,82.08,0.76,68.4,False
Chennai,Chennai,2020-06-17,84.0,46.2,90.72,69.72,95.76,0.88,79.8,False
Chennai,Chennai,2020-06-18,80.0,44.0,86.4,66.4,91.2,0.84,76.0,False
Chennai,Chennai,2020-06-19,104.0,57.2,112.32,86.32,118.56,1.09,98.8,False
Chennai,Chennai,2020-06-20,110.0,60.5,118.8,91.3,125.4,1.16,104.5,False
Chennai,Chennai,2020-06-21,88.0,48.4,95.04,73.04,100.32,0.92,83.6,False
Chennai,Chennai,2020-06-22,100.0,55.0,108.0,83.0,114.0,1.05,95.0,False
Chennai,Chennai,2020-06-23,82.0,45.1,88.56,68.06,93.48,0.86,77.9,False
Chennai,Chennai,2020-06-24,110.0,60.5,118.8,91.3,125.4,1.16,104.5,False
Chennai,Chennai,2020-06-25,88.0,48.4,95.04,73.04,100.32,0.92,83.6,False
Chennai,Chennai,2020-06-26,84.0,46.2,90.72,69.72,95.76,0.88,79.8,False
Chennai,Chennai,2020-06-27,82.0,45.1,88.56,68.06,93.48,0.86,77.9,False
Chennai,Chennai,2020-06-28,70.0,38.5,75.6,58.1,79.8,0.74,66.5,False
Chennai,Chennai,2020-06-29,93.0,51.15,100.44,77.19,106.02,0.98,88.35,False
Chennai,Chennai,2020-06-30,92.0,50.6,99.36,76.36,104.88,0.97,87.4,False
Chennai,Chennai,2020-07-01,47.0,25.85,50.76,39.01,53.58,0.49,44.65,False
Chennai,Chennai,2020-07-02,71.0,39.05,76.68,58.93,80.94,0.75,67.45,False
Chennai,Chennai,2020-07-03,63.0,34.65,68.04,52.29,71.82,0.66,59.85,False
Chennai,Chennai,2020-07-04,40.0,22.0,43.2,33.2,45.6,0.42,38.0,False
Chennai,Chennai,2020-07-05,51.0,28.05,55.08,42.33,58.14,0.54,48.45,False
Chennai,Chennai,2020-07-06,88.0,48.4,95.04,73.04,100.32,0.92,83.6,False
Chennai,Chennai,2020-07-07,76.0,41.8,82.08,63.08,86.64,0.8,72.2,False
Chennai,Chennai,2020-07-08,71.0,39.05,76.68,58.93,80.94,0.75,67.45,False
Chennai,Chennai,2020-07-09,62.0,34.1,66.96,51.46,70.68,0.65,58.9,False
Chennai,Chennai,2020-07-10,58.0,31.9,62.64,48.14,66.12,0.61,55.1,False
Chennai,Chennai,2020-07-11,55.0,30.25,59.4,45.65,62.7,0.58,52.25,False
Chennai,Chennai,2020-07-12,30.0,16.5,32.4,24.9,34.2,0.32,28.5,False
Chennai,Chennai,2020-07-13,56.0,30.8,60.48,46.48,63.84,0.59,53.2,False
Chennai,Chennai,2020-07-14,71.0,39.05,76.68,58.93,80.94,0.75,67.45,False
Chennai,Chennai,2020-07-15,71.0,39.05,76.68,58.93,80.94,0.75,67.45,False
Chennai,Chennai,2020-07-16,61.0,33.55,65.88,50.63,69.54,0.64,57.95,False
Chennai,Chennai,2020-07-17,80.0,44.0,86.4,66.4,91.2,0.84,76.0,False
Chennai,Chennai,2020-07-18,66.0,36.3,71.28,54.78,75.24,0.69,62.7,False
Chennai,Chennai,2020-07-19,63.0,34.65,68.04,52.29,71.82,0.66,59.85,False
Chennai,Chennai,2020-07-20,67.0,36.85,72.36,55.61,76.38,0.7,63.65,False
Chennai,Chennai,2020-07-21,65.0,35.75,70.2,53.95,74.1,0.68,61.75,False
Chennai,Chennai,2020-07-22,66.0,36.3,71.28,54.78,75.24,0.69,62.7,False
Chennai,Chennai,2020-07-23,68.0,37.4,73.44,56.44,77.52,0.71,64.6,False
Chennai,Chennai,2020-07-24,77.0,42.35,83.16,63.91,87.78,0.81,73.15,False
Chennai,Chennai,2020-07-25,105.0,57.75,113.4,87.15,119.7,1.1,99.75,False
Chennai,Chennai,2020-07-26,98.0,53.9,105.84,81.34,111.72,1.03,93.1,False
Chennai,Chennai,2020-07-27,102.0,56.1,110.16,84.66,116.28,1.07,96.9,False
Chennai,Chennai,2020-07-28,75.0,41.25,81.0,62.25,85.5,0.79,71.25,False
Chennai,Chennai,2020-07-29,68.0,37.4,73.44,56.44,77.52,0.71,64.6,False
Chennai,Chennai,2020-07-30,76.0,41.8,82.08,63.08,86.64,0.8,72.2,False
Chennai,Chennai,2020-07-31,63.0,34.65,68.04,52.29,71.82,0.66,59.85,False
Chennai,Chennai,2020-08-01,78.0,42.9,84.24,64.74,88.92,0.82,74.1,False
Chennai,Chennai,2020-08-02,54.0,29.7,58.32,44.82,61.56,0.57,51.3,False
Chennai,Chennai,2020-08-03,45.0,24.75,48.6,37.35,51.3,0.47,42.75,False
Chennai,Chennai,2020-08-04,44.0,24.2,47.52,36.52,50.16,0.46,41.8,False
Chennai,Chennai,2020-08-05,51.0,28.05,55.08,42.33,58.14,0.54,48.45,False
Chennai,Chennai,2020-08-06,68.0,37.4,73.44,56.44,77.52,0.71,64.6,False
Chennai,Chennai,2020-08-07,60.0,33.0,64.8,49.8,68.4,0.63,57.0,False
Chennai,Chennai,2020-08-08,70.0,38.5,75.6,58.1,79.8,0.74,66.5,False
Chennai,Chennai,2020-08-09,52.0,28.6,56.16,43.16,59.28,0.55,49.4,False
Chennai,Chennai,2020-08-10,56.0,30.8,60.48,46.48,63.84,0.59,53.2,False
Chennai,Chennai,2020-08-11,85.0,46.75,91.8,70.55,96.9,0.89,80.75,False
Chennai,Chennai,2020-08-12,36.0,19.8,38.88,29.88,41.04,0.38,34.2,False
Chennai,Chennai,2020-08-13,65.0,35.75,70.2,53.95,74.1,0.68,61.75,False
Chennai,Chennai,2020-08-14,57.0,31.35,61.56,47.31,64.98,0.6,54.15,False
Chennai,Chennai,2020-08-15,52.0,28.6,56.16,43.16,59.28,0.55,49.4,False
Chennai,Chennai,2020-08-16,61.0,33.55,65.88,50.63,69.54,0.64,57.95,False
Chennai,Chennai,2020-08-17,54.0,29.7,58.32,44.82,61.56,0.57,51.3,False
Chennai,Chennai,2020-08-18,60.0,33.0,64.8,49.8,68.4,0.63,57.0,False
Chennai,Chennai,2020-08-19,59.0,32.45,63.72,48.97,67.26,0.62,56.05,False
Chennai,Chennai,2020-08-20,56.0,30.8,60.48,46.48,63.84,0.59,53.2,False
Chennai,Chennai,2020-08-21,65.0,35.75,70.2,53.95,74.1,0.68,61.75,False
Chennai,Chennai,2020-08-22,62.0,34.1,66.96,51.46,70.68,0.65,58.9,False
Chennai,Chennai,2020-08-23,68.0,37.4,73.44,56.44,77.52,0.71,64.6,False
Chennai,Chennai,2020-08-24,61.0,33.55,65.88,50.63,69.54,0.64,57.95,False
Chennai,Chennai,2020-08-25,59.0,32.45,63.72,48.97,67.26,0.62,56.05,False
Chennai,Chennai,2020-08-26,74.0,40.7,79.92,61.42,84.36,0.78,70.3,False
Chennai,Chennai,2020-08-27,62.0,34.1,66.96,51.46,70.68,0.65,58.9,False
Chennai,Chennai,2020-08-28,62.0,34.1,66.96,51.46,70.68,0.65,58.9,False
Chennai,Chennai,2020-08-29,64.0,35.2,69.12,53.12,72.96,0.67,60.8,False
Chennai,Chennai,2020-08-30,68.0,37.4,73.44,56.44,77.52,0.71,64.6,False
Chennai,Chennai,2020-08-31,58.0,31.9,62.64,48.14,66.12,0.61,55.1,False
Chennai,Chennai,2020-09-01,77.0,42.35,83.16,63.91,87.78,0.81,73.15,False
Chennai,Chennai,2020-09-02,60.0,33.0,64.8,49.8,68.4,0.63,57.0,False
Chennai,Chennai,2020-09-03,58.0,31.9,62.64,48.14,66.12,0.61,55.1,False
Chennai,Chennai,2020-09-04,42.0,23.1,45.36,34.86,47.88,0.44,39.9,False
Chennai,Chennai,2020-09-05,48.0,26.4,51.84,39.84,54.72,0.5,45.6,False
Chennai,Chennai,2020-09-06,70.0,38.5,75.6,58.1,79.8,0.74,66.5,False
Chennai,Chennai,2020-09-07,60.0,33.0,64.8,49.8,68.4,0.63,57.0,False
Chennai,Chennai,2020-09-08,56.0,30.8,60.48,46.48,63.84,0.59,53.2,False
Chennai,Chennai,2020-09-09,85.0,46.75,91.8,70.55,96.9,0.89,80.75,False
Chennai,Chennai,2020-09-10,64.0,35.2,69.12,53.12,72.96,0.67,60.8,False
Chennai,Chennai,2020-09-11,113.0,62.15,122.04,93.79,128.82,1.19,107.35,False
Chennai,Chennai,2020-09-12,50.0,27.5,54.0,41.5,57.0,0.53,47.5,False
Chennai,Chennai,2020-09-13,52.0,28.6,56.16,43.16,59.28,0.55,49.4,False
Chennai,Chennai,2020-09-14,44.0,24.2,47.52,36.52,50.16,0.46,41.8,False
Chennai,Chennai,2020-09-15,48.0,26.4,51.84,39.84,54.72,0.5,45.6,False
Chennai,Chennai,2020-09-16,58.0,31.9,62.64,48.14,66.12,0.61,55.1,False
Chennai,Chennai,2020-09-17,57.0,31.35,61.56,47.31,64.98,0.6,54.15,False
Chennai,Chennai,2020-09-18,70.0,38.5,75.6,58.1,79.8,0.74,66.5,False
Chennai,Chennai,2020-09-19,60.0,33.0,64.8,49.8,68.4,0.63,57.0,False
Chennai,Chennai,2020-09-20,63.0,34.65,68.04,52.29,71.82,0.66,59.85,False
Chennai,Chennai,2020-09-21,62.0,34.1,66.96,51.46,70.68,0.65,58.9,False
Chennai,Chennai,2020-09-22,69.0,37.95,74.52,57.27,78.66,0.72,65.55,False
Chennai,Chennai,2020-09-23,67.0,36.85,72.36,55.61,76.38,0.7,63.65,False
Chennai,Chennai,2020-09-24,70.0,38.5,75.6,58.1,79.8,0.74,66.5,False
Chennai,Chennai,2020-09-25,65.0,35.75,70.2,53.95,74.1,0.68,61.75,False
Chennai,Chennai,2020-09-26,62.0,34.1,66.96,51.46,70.68,0.65,58.9,False
Chennai,Chennai,2020-09-27,58.0,31.9,62.64,48.14,66.12,0.61,55.1,False
Chennai,Chennai,2020-09-28,59.0,32.45,63.72,48.97,67.26,0.62,56.05,False
Chennai,Chennai,2020-09-29,108.0,59.4,116.64,89.64,123.12,1.13,102.6,False
Chennai,Chennai,2020-09-30,50.0,27.5,54.0,41.5,57.0,0.53,47.5,False
Chennai,Chennai,2020-10-01,73.0,40.15,78.84,60.59,83.22,0.77,69.35,False
Chennai,Chennai,2020-10-02,58.0,31.9,62.64,48.14,66.12,0.61,55.1,False
Chennai,Chennai,2020-10-03,38.0,20.9,41.04,31.54,43.32,0.4,36.1,False
Chennai,Chennai,2020-10-04,62.0,34.1,66.96,51.46,70.68,0.65,58.9,False
Chennai,Chennai,2020-10-05,54.0,29.7,58.32,44.82,61.56,0.57,51.3,False
Chennai,Chennai,2020-10-06,70.0,38.5,75.6,58.1,79.8,0.74,66.5,False
Chennai,Chennai,2020-10-07,64.0,35.2,69.12,53.12,72.96,0.67,60.8,False
Chennai,Chennai,2020-10-08,59.0,32.45,63.72,48.97,67.26,0.62,56.05,False
Chennai,Chennai,2020-10-09,50.0,27.5,54.0,41.5,57.0,0.53,47.5,False
Chennai,Chennai,2020-10-10,55.0,30.25,59.4,45.65,62.7,0.58,52.25,False
Chennai,Chennai,2020-10-11,116.0,63.8,125.28,96.28,132.24,1.22,110.2,False
Chennai,Chennai,2020-10-12,69.0,37.95,74.52,57.27,78.66,0.72,65.55,False
Chennai,Chennai,2020-10-13,47.0,25.85,50.76,39.01,53.58,0.49,44.65,False
Chennai,Chennai,2020-10-14,52.0,28.6,56.16,43.16,59.28,0.55,49.4,False
Chennai,Chennai,2020-10-15,54.0,29.7,58.32,44.82,61.56,0.57,51.3,False
Chennai,Chennai,2020-10-16,62.0,34.1,66.96,51.46,70.68,0.65,58.9,False
Chennai,Chennai,2020-10-17,62.0,34.1,66.96,51.46,70.68,0.65,58.9,False
Chennai,Chennai,2020-10-18,62.0,34.1,66.96,51.46,70.68,0.65,58.9,False
Chennai,Chennai,2020-10-19,62.0,34.1,66.96,51.46,70.68,0.65,58.9,False
Chennai,Chennai,2020-10-20,59.0,32.45,63.72,48.97,67.26,0.62,56.05,False
Chennai,Chennai,2020-10-21,51.0,28.05,55.08,42.33,58.14,0.54,48.45,False
Chennai,Chennai,2020-10-22,69.0,37.95,74.52,57.27,78.66,0.72,65.55,False
Chennai,Chennai,2020-10-23,62.0,34.1,66.96,51.46,70.68,0.65,58.9,False
Chennai,Chennai,2020-10-24,65.0,35.75,70.2,53.95,74.1,0.68,61.75,False
Chennai,Chennai,2020-10-25,80.0,44.0,86.4,66.4,91.2,0.84,76.0,False
Chennai,Chennai,2020-10-26,89.0,48.95,96.12,73.87,101.46,0.93,84.55,False
Chennai,Chennai,2020-10-27,109.0,59.95,117.72,90.47,124.26,1.14,103.55,False
Chennai,Chennai,2020-10-28,71.0,39.05,76.68,58.93,80.94,0.75,67.45,False
Chennai,Chennai,2020-10-29,63.0,34.65,68.04,52.29,71.82,0.66,59.85,False
Chennai,Chennai,2020-10-30,78.0,42.9,84.24,64.74,88.92,0.82,74.1,False
Chennai,Chennai,2020-10-31,118.0,64.9,127.44,97.94,134.52,1.24,112.1,False
Chennai,Chennai,2020-11-01,70.0,38.5,75.6,58.1,79.8,0.74,66.5,False
Chennai,Chennai,2020-11-02,64.0,35.2,69.12,53.12,72.96,0.67,60.8,False
Chennai,Chennai,2020-11-03,54.0,29.7,58.32,44.82,61.56,0.57,51.3,False
Chennai,Chennai,2020-11-04,43.0,23.65,46.44,35.69,49.02,0.45,40.85,False
Chennai,Chennai,2020-11-05,45.0,24.75,48.6,37.35,51.3,0.47,42.75,False
Chennai,Chennai,2020-11-06,78.0,42.9,84.24,64.74,88.92,0.82,74.1,False
Chennai,Chennai,2020-11-07,61.0,33.55,65.88,50.63,69.54,0.64,57.95,False
Chennai,Chennai,2020-11-08,56.0,30.8,60.48,46.48,63.84,0.59,53.2,False
Chennai,Chennai,2020-11-09,73.0,40.15,78.84,60.59,83.22,0.77,69.35,False
Chennai,Chennai,2020-11-10,55.0,30.25,59.4,45.65,62.7,0.58,52.25,False
Chennai,Chennai,2020-11-11,103.0,56.65,111.24,85.49,117.42,1.08,97.85,False
Chennai,Chennai,2020-11-12,94.0,51.7,101.52,78.02,107.16,0.99,89.3,False
Chennai,Chennai,2020-11-13,50.0,27.5,54.0,41.5,57.0,0.53,47.5,False
Chennai,Chennai,2020-11-14,57.0,31.35,61.56,47.31,64.98,0.6,54.15,False
Chennai,Chennai,2020-11-15,98.0,53.9,105.84,81.34,111.72,1.03,93.1,False
Chennai,Chennai,2020-11-16,40.0,22.0,43.2,33.2,45.6,0.42,38.0,False
Chennai,Chennai,2020-11-17,43.0,23.65,46.44,35.69,49.02,0.45,40.85,False
Chennai,Chennai,2020-11-18,52.0,28.6,56.16,43.16,59.28,0.55,49.4,False
Chennai,Chennai,2020-11-19,38.0,20.9,41.04,31.54,43.32,0.4,36.1,False
Chennai,Chennai,2020-11-20,53.0,29.15,57.24,43.99,60.42,0.56,50.35,False
Chennai,Chennai,2020-11-21,66.0,36.3,71.28,54.78,75.24,0.69,62.7,False
Chennai,Chennai,2020-11-22,71.0,39.05,76.68,58.93,80.94,0.75,67.45,False
Chennai,Chennai,2020-11-23,76.0,41.8,82.08,63.08,86.64,0.8,72.2,False
Chennai,Chennai,2020-11-24,86.0,47.3,92.88,71.38,98.04,0.9,81.7,False
Chennai,Chennai,2020-11-25,47.0,25.85,50.76,39.01,53.58,0.49,44.65,False
Chennai,Chennai,2020-11-26,84.0,46.2,90.72,69.72,95.76,0.88,79.8,False
Chennai,Chennai,2020-11-27,60.0,33.0,64.8,49.8,68.4,0.63,57.0,False
Chennai,Chennai,2020-11-28,60.0,33.0,64.8,49.8,68.4,0.63,57.0,False
Chennai,Chennai,2020-11-29,67.0,36.85,72.36,55.61,76.38,0.7,63.65,False
Chennai,Chennai,2020-11-30,71.0,39.05,76.68,58.93,80.94,0.75,67.45,False
Chennai,Chennai,2020-12-01,89.0,48.95,96.12,73.87,101.46,0.93,84.55,False
Chennai,Chennai,2020-12-02,70.0,38.5,75.6,58.1,79.8,0.74,66.5,False
Chennai,Chennai,2020-12-03,53.0,29.15,57.24,43.99,60.42,0.56,50.35,False
Chennai,Chennai,2020-12-04,44.0,24.2,47.52,36.52,50.16,0.46,41.8,False
Chennai,Chennai,2020-12-05,48.0,26.4,51.84,39.84,54.72,0.5,45.6,False
Chennai,Chennai,2020-12-06,112.0,61.6,120.96,92.96,127.68,1.18,106.4,False
Chennai,Chennai,2020-12-07,65.0,35.75,70.2,53.95,74.1,0.68,61.75,False
Chennai,Chennai,2020-12-08,65.0,35.75,70.2,53.95,74.1,0.68,61.75,False
Chennai,Chennai,2020-12-09,64.0,35.2,69.12,53.12,72.96,0.67,60.8,False
Chennai,Chennai,2020-12-10,55.0,30.25,59.4,45.65,62.7,0.58,52.25,False
Chennai,Chennai,2020-12-11,69.0,37.95,74.52,57.27,78.66,0.72,65.55,False
Chennai,Chennai,2020-12-12,105.0,57.75,113.4,87.15,119.7,1.1,99.75,False
Chennai,Chennai,2020-12-13,130.0,71.5,140.4,107.9,148.2,1.37,123.5,False
Chennai,Chennai,2020-12-14,73.0,40.15,78.84,60.59,83.22,0.77,69.35,False
Chennai,Chennai,2020-12-15,87.0,47.85,93.96,72.21,99.18,0.91,82.65,False
Chennai,Chennai,2020-12-16,69.0,37.95,74.52,57.27,78.66,0.72,65.55,False
Chennai,Chennai,2020-12-17,59.0,32.45,63.72,48.97,67.26,0.62,56.05,False
Chennai,Chennai,2020-12-18,64.0,35.2,69.12,53.12,72.96,0.67,60.8,False
Chennai,Chennai,2020-12-19,90.0,49.5,97.2,74.7,102.6,0.95,85.5,False
Chennai,Chennai,2020-12-20,94.0,51.7,101.52,78.02,107.16,0.99,89.3,False
Chennai,Chennai,2020-12-21,89.0,48.95,96.12,73.87,101.46,0.93,84.55,False
Chennai,Chennai,2020-12-22,99.0,54.45,106.92,82.17,112.86,1.04,94.05,False
Chennai,Chennai,2020-12-23,110.0,60.5,118.8,91.3,125.4,1.16,104.5,False
Chennai,Chennai,2020-12-24,105.0,57.75,113.4,87.15,119.7,1.1,99.75,False
Chennai,Chennai,2020-12-25,107.0,58.85,115.56,88.81,121.98,1.12,101.65,False
Chennai,Chennai,2020-12-26,93.0,51.15,100.44,77.19,106.02,0.98,88.35,False
Chennai,Chennai,2020-12-27,95.0,52.25,102.6,78.85,108.3,1.0,90.25,False
Chennai,Chennai,2020-12-28,108.0,59.4,116.64,89.64,123.12,1.13,102.6,False
Chennai,Chennai,2020-12-29,114.0,62.7,123.12,94.62,129.96,1.2,108.3,False
Chennai,Chennai,2020-12-30,74.0,40.7,79.92,61.42,84.36,0.78,70.3,False
Chennai,Chennai,2020-12-31,65.0,35.75,70.2,53.95,74.1,0.68,61.75,False
Chennai,Chennai,2021-01-01,85.0,46.75,91.8,70.55,96.9,0.89,80.75,False
Chennai,Chennai,2021-01-02,64.0,35.2,69.12,53.12,72.96,0.67,60.8,False
Chennai,Chennai,2021-01-03,42.0,23.1,45.36,34.86,47.88,0.44,39.9,False
Chennai,Chennai,2021-01-04,57.0,31.35,61.56,47.31,64.98,0.6,54.15,False
Chennai,Chennai,2021-01-05,64.0,35.2,69.12,53.12,72.96,0.67,60.8,False
Chennai,Chennai,2021-01-06,64.0,35.2,69.12,53.12,72.96,0.67,60.8,False
Chennai,Chennai,2021-01-07,58.0,31.9,62.64,48.14,66.12,0.61,55.1,False
Chennai,Chennai,2021-01-08,52.0,28.6,56.16,43.16,59.28,0.55,49.4,False
Chennai,Chennai,2021-01-09,71.0,39.05,76.68,58.93,80.94,0.75,67.45,False
Chennai,Chennai,2021-01-10,50.0,27.5,54.0,41.5,57.0,0.53,47.5,False
Chennai,Chennai,2021-01-11,48.0,26.4,51.84,39.84,54.72,0.5,45.6,False
Chennai,Chennai,2021-01-12,59.0,32.45,63.72,48.97,67.26,0.62,56.05,False
Chennai,Chennai,2021-01-13,122.0,67.1,131.76,101.26,139.08,1.28,115.9,False
Chennai,Chennai,2021-01-14,85.0,46.75,91.8,70.55,96.9,0.89,80.75,False
Chennai,Chennai,2021-01-15,96.0,52.8,103.68,79.68,109.44,1.01,91.2,False
Chennai,Chennai,2021-01-16,85.0,46.75,91.8,70.55,96.9,0.89,80.75,False
Chennai,Chennai,2021-01-17,63.0,34.65,68.04,52.29,71.82,0.66,59.85,False
Chennai,Chennai,2021-01-18,58.0,31.9,62.64,48.14,66.12,0.61,55.1,False
Chennai,Chennai,2021-01-19,85.0,46.75,91.8,70.55,96.9,0.89,80.75,False
Chennai,Chennai,2021-01-20,102.0,56.1,110.16,84.66,116.28,1.07,96.9,False
Chennai,Chennai,2021-01-21,104.0,57.2,112.32,86.32,118.56,1.09,98.8,False
Chennai,Chennai,2021-01-22,58.0,31.9,62.64,48.14,66.12,0.61,55.1,False
Chennai,Chennai,2021-01-23,53.0,29.15,57.24,43.99,60.42,0.56,50.35,False
Chennai,Chennai,2021-01-24,75.0,41.25,81.0,62.25,85.5,0.79,71.25,False
Chennai,Chennai,2021-01-25,63.0,34.65,68.04,52.29,71.82,0.66,59.85,False
Chennai,Chennai,2021-01-26,70.0,38.5,75.6,58.1,79.8,0.74,66.5,False
Chennai,Chennai,2021-01-27,91.0,50.05,98.28,75.53,103.74,0.96,86.45,False
Chennai,Chennai,2021-01-28,145.0,79.75,156.6,120.35,165.3,1.52,137.75,False
Chennai,Chennai,2021-01-29,130.0,71.5,140.4,107.9,148.2,1.37,123.5,False
Chennai,Chennai,2021-01-30,116.0,63.8,125.28,96.28,132.24,1.22,110.2,False
Chennai,Chennai,2021-01-31,78.0,42.9,84.24,64.74,88.92,0.82,74.1,False
Chennai,Chennai,2021-02-01,74.0,40.7,79.92,61.42,84.36,0.78,70.3,False
Chennai,Chennai,2021-02-02,88.0,48.4,95.04,73.04,100.32,0.92,83.6,False
Chennai,Chennai,2021-02-03,78.0,42.9,84.24,64.74,88.92,0.82,74.1,False
Chennai,Chennai,2021-02-04,71.0,39.05,76.68,58.93,80.94,0.75,67.45,False
Chennai,Chennai,2021-02-05,48.0,26.4,51.84,39.84,54.72,0.5,45.6,False
Chennai,Chennai,2021-02-06,64.0,35.2,69.12,53.12,72.96,0.67,60.8,False
Chennai,Chennai,2021-02-07,53.0,29.15,57.24,43.99,60.42,0.56,50.35,False
Chennai,Chennai,2021-02-08,55.0,30.25,59.4,45.65,62.7,0.58,52.25,False
Chennai,Chennai,2021-02-09,68.0,37.4,73.44,56.44,77.52,0.71,64.6,False
Chennai,Chennai,2021-02-10,41.0,22.55,44.28,34.03,46.74,0.43,38.95,False
Chennai,Chennai,2021-02-11,41.0,22.55,44.28,34.03,46.74,0.43,38.95,False
Chennai,Chennai,2021-02-12,68.0,37.4,73.44,56.44,77.52,0.71,64.6,False
Chennai,Chennai,2021-02-13,80.0,44.0,86.4,66.4,91.2,0.84,76.0,False
Chennai,Chennai,2021-02-14,65.0,35.75,70.2,53.95,74.1,0.68,61.75,False
Chennai,Chennai,2021-02-15,67.0,36.85,72.36,55.61,76.38,0.7,63.65,False
Chennai,Chennai,2021-02-16,69.0,37.95,74.52,57.27,78.66,0.72,65.55,False
Chennai,Chennai,2021-02-17,86.0,47.3,92.88,71.38,98.04,0.9,81.7,False
Chennai,Chennai,2021-02-18,81.0,44.55,87.48,67.23,92.34,0.85,76.95,False
Chennai,Chennai,2021-02-19,83.0,45.65,89.64,68.89,94.62,0.87,78.85,False
Chennai,Chennai,2021-02-20,84.0,46.2,90.72,69.72,95.76,0.88,79.8,False
Chennai,Chennai,2021-02-21,38.0,20.9,41.04,31.54,43.32,0.4,36.1,False
Chennai,Chennai,2021-02-22,46.0,25.3,49.68,38.18,52.44,0.48,43.7,False
Chennai,Chennai,2021-02-23,72.0,39.6,77.76,59.76,82.08,0.76,68.4,False
Chennai,Chennai,2021-02-24,89.0,48.95,96.12,73.87,101.46,0.93,84.55,False
Chennai,Chennai,2021-02-25,78.0,42.9,84.24,64.74,88.92,0.82,74.1,False
Chennai,Chennai,2021-02-26,67.0,36.85,72.36,55.61,76.38,0.7,63.65,False
Chennai,Chennai,2021-02-27,63.0,34.65,68.04,52.29,71.82,0.66,59.85,False
Chennai,Chennai,2021-02-28,46.0,25.3,49.68,38.18,52.44,0.48,43.7,False
Chennai,Chennai,2021-03-01,63.0,34.65,68.04,52.29,71.82,0.66,59.85,False
Chennai,Chennai,2021-03-02,83.0,45.65,89.64,68.89,94.62,0.87,78.85,False
Chennai,Chennai,2021-03-03,83.0,45.65,89.64,68.89,94.62,0.87,78.85,False
Chennai,Chennai,2021-03-04,83.0,45.65,89.64,68.89,94.62,0.87,78.85,False
Chennai,Chennai,2021-03-05,46.0,25.3,49.68,38.18,52.44,0.48,43.7,False
Chennai,Chennai,2021-03-06,56.0,30.8,60.48,46.48,63.84,0.59,53.2,False
Chennai,Chennai,2021-03-07,43.0,23.65,46.44,35.69,49.02,0.45,40.85,False
Chennai,Chennai,2021-03-08,59.0,32.45,63.72,48.97,67.26,0.62,56.05,False
Chennai,Chennai,2021-03-09,63.0,34.65,68.04,52.29,71.82,0.66,59.85,False
Chennai,Chennai,2021-03-10,33.0,18.15,35.64,27.39,37.62,0.35,31.35,False
Chennai,Chennai,2021-03-11,48.0,26.4,51.84,39.84,54.72,0.5,45.6,False
Chennai,Chennai,2021-03-12,81.0,44.55,87.48,67.23,92.34,0.85,76.95,False
Chennai,Chennai,2021-03-13,54.0,29.7,58.32,44.82,61.56,0.57,51.3,False
Chennai,Chennai,2021-03-14,53.0,29.15,57.24,43.99,60.42,0.56,50.35,False
Chennai,Chennai,2021-03-15,56.0,30.8,60.48,46.48,63.84,0.59,53.2,False
Chennai,Chennai,2021-03-16,53.0,29.15,57.24,43.99,60.42,0.56,50.35,False
Chennai,Chennai,2021-03-17,48.0,26.4,51.84,39.84,54.72,0.5,45.6,False
Chennai,Chennai,2021-03-18,61.0,33.55,65.88,50.63,69.54,0.64,57.95,False
Chennai,Chennai,2021-03-19,82.0,45.1,88.56,68.06,93.48,0.86,77.9,False
Chennai,Chennai,2021-03-20,98.0,53.9,105.84,81.34,111.72,1.03,93.1,False
Chennai,Chennai,2021-03-21,70.0,38.5,75.6,58.1,79.8,0.74,66.5,False
Chennai,Chennai,2021-03-22,66.0,36.3,71.28,54.78,75.24,0.69,62.7,False
Chennai,Chennai,2021-03-23,93.0,51.15,100.44,77.19,106.02,0.98,88.35,False
Chennai,Chennai,2021-03-24,108.0,59.4,116.64,89.64,123.12,1.13,102.6,False
Chennai,Chennai,2021-03-25,120.0,66.0,129.6,99.6,136.8,1.26,114.0,False
Chennai,Chennai,2021-03-26,98.0,53.9,105.84,81.34,111.72,1.03,93.1,False
Chennai,Chennai,2021-03-27,73.0,40.15,78.84,60.59,83.22,0.77,69.35,False
Chennai,Chennai,2021-03-28,58.0,31.9,62.64,48.14,66.12,0.61,55.1,False
Chennai,Chennai,2021-03-29,45.0,24.75,48.6,37.35,51.3,0.47,42.75,False
Chennai,Chennai,2021-03-30,54.0,29.7,58.32,44.82,61.56,0.57,51.3,False
Chennai,Chennai,2021-03-31,57.0,31.35,61.56,47.31,64.98,0.6,54.15,False
Chennai,Chennai,2021-04-01,64.0,35.2,69.12,53.12,72.96,0.67,60.8,False
Chennai,Chennai,2021-04-02,84.0,46.2,90.72,69.72,95.76,0.88,79.8,False
Chennai,Chennai,2021-04-03,72.0,39.6,77.76,59.76,82.08,0.76,68.4,False
Chennai,Chennai,2021-04-04,64.0,35.2,69.12,53.12,72.96,0.67,60.8,False
Chennai,Chennai,2021-04-05,51.0,28.05,55.08,42.33,58.14,0.54,48.45,False
Chennai,Chennai,2021-04-06,44.0,24.2,47.52,36.52,50.16,0.46,41.8,False
Chennai,Chennai,2021-04-07,60.0,33.0,64.8,49.8,68.4,0.63,57.0,False
Chennai,Chennai,2021-04-08,53.0,29.15,57.24,43.99,60.42,0.56,50.35,False
Chennai,Chennai,2021-04-09,59.0,32.45,63.72,48.97,67.26,0.62,56.05,False
Chennai,Chennai,2021-04-10,41.0,22.55,44.28,34.03,46.74,0.43,38.95,False
Chennai,Chennai,2021-04-11,89.0,48.95,96.12,73.87,101.46,0.93,84.55,False
Chennai,Chennai,2021-04-12,90.0,49.5,97.2,74.7,102.6,0.95,85.5,False
Chennai,Chennai,2021-04-13,55.0,30.25,59.4,45.65,62.7,0.58,52.25,False
Chennai,Chennai,2021-04-14,60.0,33.0,64.8,49.8,68.4,0.63,57.0,False
Chennai,Chennai,2021-04-15,46.0,25.3,49.68,38.18,52.44,0.48,43.7,False
Chennai,Chennai,2021-04-16,51.0,28.05,55.08,42.33,58.14,0.54,48.45,False
Chennai,Chennai,2021-04-17,54.0,29.7,58.32,44.82,61.56,0.57,51.3,False
Chennai,Chennai,2021-04-18,43.0,23.65,46.44,35.69,49.02,0.45,40.85,False
Chennai,Chennai,2021-04-19,51.0,28.05,55.08,42.33,58.14,0.54,48.45,False
Chennai,Chennai,2021-04-20,54.0,29.7,58.32,44.82,61.56,0.57,51.3,False
Chennai,Chennai,2021-04-21,52.0,28.6,56.16,43.16,59.28,0.55,49.4,False
Chennai,Chennai,2021-04-22,49.0,26.95,52.92,40.67,55.86,0.51,46.55,False
Chennai,Chennai,2021-04-23,48.0,26.4,51.84,39.84,54.72,0.5,45.6,False
Chennai,Chennai,2021-04-24,42.0,23.1,45.36,34.86,47.88,0.44,39.9,False
Chennai,Chennai,2021-04-25,46.0,25.3,49.68,38.18,52.44,0.48,43.7,False
Chennai,Chennai,2021-04-26,46.0,25.3,49.68,38.18,52.44,0.48,43.7,False
Chennai,Chennai,2021-04-27,64.0,35.2,69.12,53.12,72.96,0.67,60.8,False
Chennai,Chennai,2021-04-28,64.0,35.2,69.12,53.12,72.96,0.67,60.8,False
Chennai,Chennai,2021-04-29,64.0,35.2,69.12,53.12,72.96,0.67,60.8,False
Chennai,Chennai,2021-04-30,53.0,29.15,57.24,43.99,60.42,0.56,50.35,False
Chennai,Chennai,2021-05-01,43.0,23.65,46.44,35.69,49.02,0.45,40.85,False
Chennai,Chennai,2021-05-02,104.0,57.2,112.32,86.32,118.56,1.09,98.8,False
Chennai,Chennai,2021-05-03,73.0,40.15,78.84,60.59,83.22,0.77,69.35,False
Chennai,Chennai,2021-05-04,66.0,36.3,71.28,54.78,75.24,0.69,62.7,False
Chennai,Chennai,2021-05-05,42.0,23.1,45.36,34.86,47.88,0.44,39.9,False
Chennai,Chennai,2021-05-06,44.0,24.2,47.52,36.52,50.16,0.46,41.8,False
Chennai,Chennai,2021-05-07,51.0,28.05,55.08,42.33,58.14,0.54,48.45,False
Chennai,Chennai,2021-05-08,67.0,36.85,72.36,55.61,76.38,0.7,63.65,False
Chennai,Chennai,2021-05-09,52.0,28.6,56.16,43.16,59.28,0.55,49.4,False
Chennai,Chennai,2021-05-10,45.0,24.75,48.6,37.35,51.3,0.47,42.75,False
Chennai,Chennai,2021-05-11,150.0,82.5,162.0,124.5,171.0,1.58,142.5,False
Chennai,Chennai,2021-05-12,120.0,66.0,129.6,99.6,136.8,1.26,114.0,False
Chennai,Chennai,2021-05-13,85.0,46.75,91.8,70.55,96.9,0.89,80.75,False
Chennai,Chennai,2021-05-14,94.0,51.7,101.52,78.02,107.16,0.99,89.3,False
Chennai,Chennai,2021-05-15,62.0,34.1,66.96,51.46,70.68,0.65,58.9,False
Chennai,Chennai,2021-05-16,49.0,26.95,52.92,40.67,55.86,0.51,46.55,False
Chennai,Chennai,2021-05-17,59.0,32.45,63.72,48.97,67.26,0.62,56.05,False
Chennai,Chennai,2021-05-18,70.0,38.5,75.6,58.1,79.8,0.74,66.5,False
Chennai,Chennai,2021-05-19,62.0,34.1,66.96,51.46,70.68,0.65,58.9,False
Chennai,Chennai,2021-05-20,53.0,29.15,57.24,43.99,60.42,0.56,50.35,False
Chennai,Chennai,2021-05-21,59.0,32.45,63.72,48.97,67.26,0.62,56.05,False
Chennai,Chennai,2021-05-22,71.0,39.05,76.68,58.93,80.94,0.75,67.45,False
Chennai,Chennai,2021-05-23,103.0,56.65,111.24,85.49,117.42,1.08,97.85,False
Chennai,Chennai,2021-05-24,71.0,39.05,76.68,58.93,80.94,0.75,67.45,False
Chennai,Chennai,2021-05-25,65.0,35.75,70.2,53.95,74.1,0.68,61.75,False
Chennai,Chennai,2021-05-26,56.0,30.8,60.48,46.48,63.84,0.59,53.2,False
Chennai,Chennai,2021-05-27,68.0,37.4,73.44,56.44,77.52,0.71,64.6,False
Chennai,Chennai,2021-05-28,65.0,35.75,70.2,53.95,74.1,0.68,61.75,False
Chennai,Chennai,2021-05-29,67.0,36.85,72.36,55.61,76.38,0.7,63.65,False
Chennai,Chennai,2021-05-30,62.0,34.1,66.96,51.46,70.68,0.65,58.9,False
Chennai,Chennai,2021-05-31,60.0,33.0,64.8,49.8,68.4,0.63,57.0,False
Chennai,Chennai,2021-06-01,38.0,20.9,41.04,31.54,43.32,0.4,36.1,False
Chennai,Chennai,2021-06-02,109.0,59.95,117.72,90.47,124.26,1.14,103.55,False
Chennai,Chennai,2021-06-03,67.0,36.85,72.36,55.61,76.38,0.7,63.65,False
Chennai,Chennai,2021-06-04,68.0,37.4,73.44,56.44,77.52,0.71,64.6,False
Chennai,Chennai,2021-06-05,43.0,23.65,46.44,35.69,49.02,0.45,40.85,False
Chennai,Chennai,2021-06-06,72.0,39.6,77.76,59.76,82.08,0.76,68.4,False
Chennai,Chennai,2021-06-07,47.0,25.85,50.76,39.01,53.58,0.49,44.65,False
Chennai,Chennai,2021-06-08,59.0,32.45,63.72,48.97,67.26,0.62,56.05,False
Chennai,Chennai,2021-06-09,51.0,28.05,55.08,42.33,58.14,0.54,48.45,False
Chennai,Chennai,2021-06-10,45.0,24.75,48.6,37.35,51.3,0.47,42.75,False
Chennai,Chennai,2021-06-11,52.0,28.6,56.16,43.16,59.28,0.55,49.4,False
Chennai,Chennai,2021-06-12,100.0,55.0,108.0,83.0,114.0,1.05,95.0,False
Chennai,Chennai,2021-06-13,46.0,25.3,49.68,38.18,52.44,0.48,43.7,False
Chennai,Chennai,2021-06-14,47.0,25.85,50.76,39.01,53.58,0.49,44.65,False
Chennai,Chennai,2021-06-15,50.0,27.5,54.0,41.5,57.0,0.53,47.5,False
Chennai,Chennai,2021-06-16,65.0,35.75,70.2,53.95,74.1,0.68,61.75,False
Chennai,Chennai,2021-06-17,75.0,41.25,81.0,62.25,85.5,0.79,71.25,False
Chennai,Chennai,2021-06-18,86.0,47.3,92.88,71.38,98.04,0.9,81.7,False
Chennai,Chennai,2021-06-19,90.0,49.5,97.2,74.7,102.6,0.95,85.5,False
Chennai,Chennai,2021-06-20,81.0,44.55,87.48,67.23,92.34,0.85,76.95,False
Chennai,Chennai,2021-06-21,81.0,44.55,87.48,67.23,92.34,0.85,76.95,False
Chennai,Chennai,2021-06-22,70.0,38.5,75.6,58.1,79.8,0.74,66.5,False
Chennai,Chennai,2021-06-23,86.0,47.3,92.88,71.38,98.04,0.9,81.7,False
Chennai,Chennai,2021-06-24,69.0,37.95,74.52,57.27,78.66,0.72,65.55,False
Chennai,Chennai,2021-06-25,77.0,42.35,83.16,63.91,87.78,0.81,73.15,False
Chennai,Chennai,2021-06-26,95.0,52.25,102.6,78.85,108.3,1.0,90.25,False
Chennai,Chennai,2021-06-27,56.0,30.8,60.48,46.48,63.84,0.59,53.2,False
Chennai,Chennai,2021-06-28,55.0,30.25,59.4,45.65,62.7,0.58,52.25,False
Chennai,Chennai,2021-06-29,63.0,34.65,68.04,52.29,71.82,0.66,59.85,False
Chennai,Chennai,2021-06-30,54.0,29.7,58.32,44.82,61.56,0.57,51.3,False
Chennai,Chennai,2021-07-01,44.0,24.2,47.52,36.52,50.16,0.46,41.8,False
Chennai,Chennai,2021-07-02,110.0,60.5,118.8,91.3,125.4,1.16,104.5,False
Chennai,Chennai,2021-07-03,64.0,35.2,69.12,53.12,72.96,0.67,60.8,False
Chennai,Chennai,2021-07-04,63.0,34.65,68.04,52.29,71.82,0.66,59.85,False
Chennai,Chennai,2021-07-05,65.0,35.75,70.2,53.95,74.1,0.68,61.75,False
Chennai,Chennai,2021-07-06,74.0,40.7,79.92,61.42,84.36,0.78,70.3,False
Chennai,Chennai,2021-07-07,55.0,30.25,59.4,45.65,62.7,0.58,52.25,False
Chennai,Chennai,2021-07-08,61.0,33.55,65.88,50.63,69.54,0.64,57.95,False
Chennai,Chennai,2021-07-09,46.0,25.3,49.68,38.18,52.44,0.48,43.7,False
Chennai,Chennai,2021-07-10,51.0,28.05,55.08,42.33,58.14,0.54,48.45,False
Chennai,Chennai,2021-07-11,49.0,26.95,52.92,40.67,55.86,0.51,46.55,False
Chennai,Chennai,2021-07-12,95.0,52.25,102.6,78.85,108.3,1.0,90.25,False
Chennai,Chennai,2021-07-13,69.0,37.95,74.52,57.27,78.66,0.72,65.55,False
Chennai,Chennai,2021-07-14,68.0,37.4,73.44,56.44,77.52,0.71,64.6,False
Chennai,Chennai,2021-07-15,41.0,22.55,44.28,34.03,46.74,0.43,38.95,False
Chennai,Chennai,2021-07-16,48.0,26.4,51.84,39.84,54.72,0.5,45.6,False
Chennai,Chennai,2021-07-17,50.0,27.5,54.0,41.5,57.0,0.53,47.5,False
Chennai,Chennai,2021-07-18,57.0,31.35,61.56,47.31,64.98,0.6,54.15,False
Chennai,Chennai,2021-07-19,50.0,27.5,54.0,41.5,57.0,0.53,47.5,False
Chennai,Chennai,2021-07-20,56.0,30.8,60.48,46.48,63.84,0.59,53.2,False
Chennai,Chennai,2021-07-21,58.0,31.9,62.64,48.14,66.12,0.61,55.1,False
Chennai,Chennai,2021-07-22,64.0,35.2,69.12,53.12,72.96,0.67,60.8,False
Chennai,Chennai,2021-07-23,59.0,32.45,63.72,48.97,67.26,0.62,56.05,False
Chennai,Chennai,2021-07-24,59.0,32.45,63.72,48.97,67.26,0.62,56.05,False
Chennai,Chennai,2021-07-25,69.0,37.95,74.52,57.27,78.66,0.72,65.55,False
Chennai,Chennai,2021-07-26,53.0,29.15,57.24,43.99,60.42,0.56,50.35,False
Chennai,Chennai,2021-07-27,60.0,33.0,64.8,49.8,68.4,0.63,57.0,False
Chennai,Chennai,2021-07-28,65.0,35.75,70.2,53.95,74.1,0.68,61.75,False
Chennai,Chennai,2021-07-29,68.0,37.4,73.44,56.44,77.52,0.71,64.6,False
Chennai,Chennai,2021-07-30,71.0,39.05,76.68,58.93,80.94,0.75,67.45,False
Chennai,Chennai,2021-07-31,70.0,38.5,75.6,58.1,79.8,0.74,66.5,False
Chennai,Chennai,2021-08-01,41.0,22.55,44.28,34.03,46.74,0.43,38.95,False
Chennai,Chennai,2021-08-02,74.0,40.7,79.92,61.42,84.36,0.78,70.3,False
Chennai,Chennai,2021-08-03,49.0,26.95,52.92,40.67,55.86,0.51,46.55,False
Chennai,Chennai,2021-08-04,82.0,45.1,88.56,68.06,93.48,0.86,77.9,False
Chennai,Chennai,2021-08-05,51.0,28.05,55.08,42.33,58.14,0.54,48.45,False
Chennai,Chennai,2021-08-06,50.0,27.5,54.0,41.5,57.0,0.53,47.5,False
Chennai,Chennai,2021-08-07,56.0,30.8,60.48,46.48,63.84,0.59,53.2,False
Chennai,Chennai,2021-08-08,62.0,34.1,66.96,51.46,70.68,0.65,58.9,False
Chennai,Chennai,2021-08-09,52.0,28.6,56.16,43.16,59.28,0.55,49.4,False
Chennai,Chennai,2021-08-10,55.0,30.25,59.4,45.65,62.7,0.58,52.25,False
Chennai,Chennai,2021-08-11,93.0,51.15,100.44,77.19,106.02,0.98,88.35,False
Chennai,Chennai,2021-08-12,59.0,32.45,63.72,48.97,67.26,0.62,56.05,False
Chennai,Chennai,2021-08-13,66.0,36.3,71.28,54.78,75.24,0.69,62.7,False
Chennai,Chennai,2021-08-14,65.0,35.75,70.2,53.95,74.1,0.68,61.75,False
Chennai,Chennai,2021-08-15,68.0,37.4,73.44,56.44,77.52,0.71,64.6,False
Chennai,Chennai,2021-08-16,74.0,40.7,79.92,61.42,84.36,0.78,70.3,False
Chennai,Chennai,2021-08-17,65.0,35.75,70.2,53.95,74.1,0.68,61.75,False
Chennai,Chennai,2021-08-18,66.0,36.3,71.28,54.78,75.24,0.69,62.7,False
Chennai,Chennai,2021-08-19,56.0,30.8,60.48,46.48,63.84,0.59,53.2,False
Chennai,Chennai,2021-08-20,52.0,28.6,56.16,43.16,59.28,0.55,49.4,False
Chennai,Chennai,2021-08-21,60.0,33.0,64.8,49.8,68.4,0.63,57.0,False
Chennai,Chennai,2021-08-22,47.0,25.85,50.76,39.01,53.58,0.49,44.65,False
Chennai,Chennai,2021-08-23,56.0,30.8,60.48,46.48,63.84,0.59,53.2,False
Chennai,Chennai,2021-08-24,64.0,35.2,69.12,53.12,72.96,0.67,60.8,False
Chennai,Chennai,2021-08-25,58.0,31.9,62.64,48.14,66.12,0.61,55.1,False
Chennai,Chennai,2021-08-26,63.0,34.65,68.04,52.29,71.82,0.66,59.85,False
Chennai,Chennai,2021-08-27,58.0,31.9,62.64,48.14,66.12,0.61,55.1,False
Chennai,Chennai,2021-08-28,62.0,34.1,66.96,51.46,70.68,0.65,58.9,False
Chennai,Chennai,2021-08-29,47.0,25.85,50.76,39.01,53.58,0.49,44.65,False
Chennai,Chennai,2021-08-30,60.0,33.0,64.8,49.8,68.4,0.63,57.0,False
Chennai,Chennai,2021-08-31,62.0,34.1,66.96,51.46,70.68,0.65,58.9,False
Chennai,Chennai,2021-09-01,86.0,47.3,92.88,71.38,98.04,0.9,81.7,False
Chennai,Chennai,2021-09-02,86.0,47.3,92.88,71.38,98.04,0.9,81.7,False
Chennai,Chennai,2021-09-03,76.0,41.8,82.08,63.08,86.64,0.8,72.2,False
Chennai,Chennai,2021-09-04,67.0,36.85,72.36,55.61,76.38,0.7,63.65,False
Chennai,Chennai,2021-09-05,56.0,30.8,60.48,46.48,63.84,0.59,53.2,False
Chennai,Chennai,2021-09-06,52.0,28.6,56.16,43.16,59.28,0.55,49.4,False
Chennai,Chennai,2021-09-07,56.0,30.8,60.48,46.48,63.84,0.59,53.2,False
Chennai,Chennai,2021-09-08,53.0,29.15,57.24,43.99,60.42,0.56,50.35,False
Chennai,Chennai,2021-09-09,59.0,32.45,63.72,48.97,67.26,0.62,56.05,False
Chennai,Chennai,2021-09-10,59.0,32.45,63.72,48.97,67.26,0.62,56.05,False
Chennai,Chennai,2021-09-11,92.0,50.6,99.36,76.36,104.88,0.97,87.4,False
Chennai,Chennai,2021-09-12,36.0,19.8,38.88,29.88,41.04,0.38,34.2,False
Chennai,Chennai,2021-09-13,52.0,28.6,56.16,43.16,59.28,0.55,49.4,False
Chennai,Chennai,2021-09-14,58.0,31.9,62.64,48.14,66.12,0.61,55.1,False
Chennai,Chennai,2021-09-15,55.0,30.25,59.4,45.65,62.7,0.58,52.25,False
Chennai,Chennai,2021-09-16,62.0,34.1,66.96,51.46,70.68,0.65,58.9,False
Chennai,Chennai,2021-09-17,62.0,34.1,66.96,51.46,70.68,0.65,58.9,False
Chennai,Chennai,2021-09-18,61.0,33.55,65.88,50.63,69.54,0.64,57.95,False
Chennai,Chennai,2021-09-19,59.0,32.45,63.72,48.97,67.26,0.62,56.05,False
Chennai,Chennai,2021-09-20,48.0,26.4,51.84,39.84,54.72,0.5,45.6,False
Chennai,Chennai,2021-09-21,53.0,29.15,57.24,43.99,60.42,0.56,50.35,False
Chennai,Chennai,2021-09-22,72.0,39.6,77.76,59.76,82.08,0.76,68.4,False
Chennai,Chennai,2021-09-23,61.0,33.55,65.88,50.63,69.54,0.64,57.95,False
Chennai,Chennai,2021-09-24,66.0,36.3,71.28,54.78,75.24,0.69,62.7,False
Chennai,Chennai,2021-09-25,56.0,30.8,60.48,46.48,63.84,0.59,53.2,False
Chennai,Chennai,2021-09-26,55.0,30.25,59.4,45.65,62.7,0.58,52.25,False
Chennai,Chennai,2021-09-27,51.0,28.05,55.08,42.33,58.14,0.54,48.45,False
Chennai,Chennai,2021-09-28,53.0,29.15,57.24,43.99,60.42,0.56,50.35,False
Chennai,Chennai,2021-09-29,79.0,43.45,85.32,65.57,90.06,0.83,75.05,False
Chennai,Chennai,2021-09-30,69.0,37.95,74.52,57.27,78.66,0.72,65.55,False
Chennai,Chennai,2021-10-01,94.0,51.7,101.52,78.02,107.16,0.99,89.3,False
Chennai,Chennai,2021-10-02,96.0,52.8,103.68,79.68,109.44,1.01,91.2,False
Chennai,Chennai,2021-10-03,50.0,27.5,54.0,41.5,57.0,0.53,47.5,False
Chennai,Chennai,2021-10-04,66.0,36.3,71.28,54.78,75.24,0.69,62.7,False
Chennai,Chennai,2021-10-05,41.0,22.55,44.28,34.03,46.74,0.43,38.95,False
Chennai,Chennai,2021-10-06,70.0,38.5,75.6,58.1,79.8,0.74,66.5,False
Chennai,Chennai,2021-10-07,54.0,29.7,58.32,44.82,61.56,0.57,51.3,False
Chennai,Chennai,2021-10-08,51.0,28.05,55.08,42.33,58.14,0.54,48.45,False
Chennai,Chennai,2021-10-09,58.0,31.9,62.64,48.14,66.12,0.61,55.1,False
Chennai,Chennai,2021-10-10,55.0,30.25,59.4,45.65,62.7,0.58,52.25,False
Chennai,Chennai,2021-10-11,90.0,49.5,97.2,74.7,102.6,0.95,85.5,False
Chennai,Chennai,2021-10-12,48.0,26.4,51.84,39.84,54.72,0.5,45.6,False
Chennai,Chennai,2021-10-13,67.0,36.85,72.36,55.61,76.38,0.7,63.65,False
Chennai,Chennai,2021-10-14,65.0,35.75,70.2,53.95,74.1,0.68,61.75,False
Chennai,Chennai,2021-10-15,60.0,33.0,64.8,49.8,68.4,0.63,57.0,False
Chennai,Chennai,2021-10-16,71.0,39.05,76.68,58.93,80.94,0.75,67.45,False
Chennai,Chennai,2021-10-17,48.0,26.4,51.84,39.84,54.72,0.5,45.6,False
Chennai,Chennai,2021-10-18,74.0,40.7,79.92,61.42,84.36,0.78,70.3,False
Chennai,Chennai,2021-10-19,78.0,42.9,84.24,64.74,88.92,0.82,74.1,False
Chennai,Chennai,2021-10-20,78.0,42.9,84.24,64.74,88.92,0.82,74.1,False
Chennai,Chennai,2021-10-21,84.0,46.2,90.72,69.72,95.76,0.88,79.8,False
Chennai,Chennai,2021-10-22,51.0,28.05,55.08,42.33,58.14,0.54,48.45,False
Chennai,Chennai,2021-10-23,46.0,25.3,49.68,38.18,52.44,0.48,43.7,False
Chennai,Chennai,2021-10-24,46.0,25.3,49.68,38.18,52.44,0.48,43.7,False
Chennai,Chennai,2021-10-25,63.0,34.65,68.04,52.29,71.82,0.66,59.85,False
Chennai,Chennai,2021-10-26,94.0,51.7,101.52,78.02,107.16,0.99,89.3,False
Chennai,Chennai,2021-10-27,118.0,64.9,127.44,97.94,134.52,1.24,112.1,False
Chennai,Chennai,2021-10-28,118.0,64.9,127.44,97.94,134.52,1.24,112.1,False
Chennai,Chennai,2021-10-29,91.0,50.05,98.28,75.53,103.74,0.96,86.45,False
Chennai,Chennai,2021-10-30,56.0,30.8,60.48,46.48,63.84,0.59,53.2,False
Chennai,Chennai,2021-10-31,50.0,27.5,54.0,41.5,57.0,0.53,47.5,False
Chennai,Chennai,2021-11-01,92.0,50.6,99.36,76.36,104.88,0.97,87.4,False
Chennai,Chennai,2021-11-02,95.0,52.25,102.6,78.85,108.3,1.0,90.25,False
Chennai,Chennai,2021-11-03,42.0,23.1,45.36,34.86,47.88,0.44,39.9,False
Chennai,Chennai,2021-11-04,67.0,36.85,72.36,55.61,76.38,0.7,63.65,False
Chennai,Chennai,2021-11-05,49.0,26.95,52.92,40.67,55.86,0.51,46.55,False
Chennai,Chennai,2021-11-06,75.0,41.25,81.0,62.25,85.5,0.79,71.25,False
Chennai,Chennai,2021-11-07,52.0,28.6,56.16,43.16,59.28,0.55,49.4,False
Chennai,Chennai,2021-11-08,62.0,34.1,66.96,51.46,70.68,0.65,58.9,False
Chennai,Chennai,2021-11-09,63.0,34.65,68.04,52.29,71.82,0.66,59.85,False
Chennai,Chennai,2021-11-10,62.0,34.1,66.96,51.46,70.68,0.65,58.9,False
Chennai,Chennai,2021-11-11,60.0,33.0,64.8,49.8,68.4,0.63,57.0,False
Chennai,Chennai,2021-11-12,39.0,21.45,42.12,32.37,44.46,0.41,37.05,False
Chennai,Chennai,2021-11-13,52.0,28.6,56.16,43.16,59.28,0.55,49.4,False
Chennai,Chennai,2021-11-14,58.0,31.9,62.64,48.14,66.12,0.61,55.1,False
Chennai,Chennai,2021-11-15,52.0,28.6,56.16,43.16,59.28,0.55,49.4,False
Chennai,Chennai,2021-11-16,64.0,35.2,69.12,53.12,72.96,0.67,60.8,False
Chennai,Chennai,2021-11-17,37.0,20.35,39.96,30.71,42.18,0.39,35.15,False
Chennai,Chennai,2021-11-18,40.0,22.0,43.2,33.2,45.6,0.42,38.0,False
Chennai,Chennai,2021-11-19,39.0,21.45,42.12,32.37,44.46,0.41,37.05,False
Chennai,Chennai,2021-11-20,47.0,25.85,50.76,39.01,53.58,0.49,44.65,False
Chennai,Chennai,2021-11-21,45.0,24.75,48.6,37.35,51.3,0.47,42.75,False
Chennai,Chennai,2021-11-22,56.0,30.8,60.48,46.48,63.84,0.59,53.2,False
Chennai,Chennai,2021-11-23,48.0,26.4,51.84,39.84,54.72,0.5,45.6,False
Chennai,Chennai,2021-11-24,55.0,30.25,59.4,45.65,62.7,0.58,52.25,False
Chennai,Chennai,2021-11-25,56.0,30.8,60.48,46.48,63.84,0.59,53.2,False
Chennai,Chennai,2021-11-26,49.0,26.95,52.92,40.67,55.86,0.51,46.55,False
Chennai,Chennai,2021-11-27,36.0,19.8,38.88,29.88,41.04,0.38,34.2,False
Chennai,Chennai,2021-11-28,36.0,19.8,38.88,29.88,41.04,0.38,34.2,False
Chennai,Chennai,2021-11-29,40.0,22.0,43.2,33.2,45.6,0.42,38.0,False
Chennai,Chennai,2021-11-30,47.0,25.85,50.76,39.01,53.58,0.49,44.65,False
Chennai,Chennai,2021-12-01,74.0,40.7,79.92,61.42,84.36,0.78,70.3,False
Chennai,Chennai,2021-12-02,72.0,39.6,77.76,59.76,82.08,0.76,68.4,False
Chennai,Chennai,2021-12-03,43.0,23.65,46.44,35.69,49.02,0.45,40.85,False
Chennai,Chennai,2021-12-04,53.0,29.15,57.24,43.99,60.42,0.56,50.35,False
Chennai,Chennai,2021-12-05,72.0,39.6,77.76,59.76,82.08,0.76,68.4,False
Chennai,Chennai,2021-12-06,62.0,34.1,66.96,51.46,70.68,0.65,58.9,False
Chennai,Chennai,2021-12-07,54.0,29.7,58.32,44.82,61.56,0.57,51.3,False
Chennai,Chennai,2021-12-08,67.0,36.85,72.36,55.61,76.38,0.7,63.65,False
Chennai,Chennai,2021-12-09,63.0,34.65,68.04,52.29,71.82,0.66,59.85,False
Chennai,Chennai,2021-12-10,63.0,34.65,68.04,52.29,71.82,0.66,59.85,False
Chennai,Chennai,2021-12-11,64.0,35.2,69.12,53.12,72.96,0.67,60.8,False
Chennai,Chennai,2021-12-12,39.0,21.45,42.12,32.37,44.46,0.41,37.05,False
Chennai,Chennai,2021-12-13,42.0,23.1,45.36,34.86,47.88,0.44,39.9,False
Chennai,Chennai,2021-12-14,52.0,28.6,56.16,43.16,59.28,0.55,49.4,False
Chennai,Chennai,2021-12-15,70.0,38.5,75.6,58.1,79.8,0.74,66.5,False
Chennai,Chennai,2021-12-16,101.0,55.55,109.08,83.83,115.14,1.06,95.95,False
Chennai,Chennai,2021-12-17,123.0,67.65,132.84,102.09,140.22,1.29,116.85,False
Chennai,Chennai,2021-12-18,126.0,69.3,136.08,104.58,143.64,1.32,119.7,False
Chennai,Chennai,2021-12-19,102.0,56.1,110.16,84.66,116.28,1.07,96.9,False
Chennai,Chennai,2021-12-20,120.0,66.0,129.6,99.6,136.8,1.26,114.0,False
Chennai,Chennai,2021-12-21,162.0,89.1,174.96,134.46,184.68,1.7,153.9,False
Chennai,Chennai,2021-12-22,149.0,81.95,160.92,123.67,169.86,1.56,141.55,False
Chennai,Chennai,2021-12-23,171.0,94.05,184.68,141.93,194.94,1.8,162.45,False
Chennai,Chennai,2021-12-24,102.0,56.1,110.16,84.66,116.28,1.07,96.9,False
Chennai,Chennai,2021-12-25,99.0,54.45,106.92,82.17,112.86,1.04,94.05,False
Chennai,Chennai,2021-12-26,87.0,47.85,93.96,72.21,99.18,0.91,82.65,False
Chennai,Chennai,2021-12-27,88.0,48.4,95.04,73.04,100.32,0.92,83.6,False
Chennai,Chennai,2021-12-28,62.0,34.1,66.96,51.46,70.68,0.65,58.9,False
Chennai,Chennai,2021-12-29,73.0,40.15,78.84,60.59,83.22,0.77,69.35,False
Chennai,Chennai,2021-12-30,65.0,35.75,70.2,53.95,74.1,0.68,61.75,False
Chennai,Chennai,2021-12-31,70.0,38.5,75.6,58.1,79.8,0.74,66.5,False
Chennai,Chennai,2022-01-01,60.0,33.0,64.8,49.8,68.4,0.63,57.0,False
Chennai,Chennai,2022-01-02,95.0,52.25,102.6,78.85,108.3,1.0,90.25,False
Chennai,Chennai,2022-01-03,68.0,37.4,73.44,56.44,77.52,0.71,64.6,False
Chennai,Chennai,2022-01-04,45.0,24.75,48.6,37.35,51.3,0.47,42.75,False
Chennai,Chennai,2022-01-05,58.0,31.9,62.64,48.14,66.12,0.61,55.1,False
Chennai,Chennai,2022-01-06,69.0,37.95,74.52,57.27,78.66,0.72,65.55,False
Chennai,Chennai,2022-01-07,63.0,34.65,68.04,52.29,71.82,0.66,59.85,False
Chennai,Chennai,2022-01-08,61.0,33.55,65.88,50.63,69.54,0.64,57.95,False
Chennai,Chennai,2022-01-09,62.0,34.1,66.96,51.46,70.68,0.65,58.9,False
Chennai,Chennai,2022-01-10,70.0,38.5,75.6,58.1,79.8,0.74,66.5,False
Chennai,Chennai,2022-01-11,59.0,32.45,63.72,48.97,67.26,0.62,56.05,False
Chennai,Chennai,2022-01-12,132.0,72.6,142.56,109.56,150.48,1.39,125.4,False
Chennai,Chennai,2022-01-13,57.0,31.35,61.56,47.31,64.98,0.6,54.15,False
Chennai,Chennai,2022-01-14,39.0,21.45,42.12,32.37,44.46,0.41,37.05,False
Chennai,Chennai,2022-01-15,37.0,20.35,39.96,30.71,42.18,0.39,35.15,False
Chennai,Chennai,2022-01-16,41.0,22.55,44.28,34.03,46.74,0.43,38.95,False
Chennai,Chennai,2022-01-17,49.0,26.95,52.92,40.67,55.86,0.51,46.55,False
Chennai,Chennai,2022-01-18,56.0,30.8,60.48,46.48,63.84,0.59,53.2,False
Chennai,Chennai,2022-01-19,79.0,43.45,85.32,65.57,90.06,0.83,75.05,False
Chennai,Chennai,2022-01-20,92.0,50.6,99.36,76.36,104.88,0.97,87.4,False
Chennai,Chennai,2022-01-21,90.0,49.5,97.2,74.7,102.6,0.95,85.5,False
Chennai,Chennai,2022-01-22,78.0,42.9,84.24,64.74,88.92,0.82,74.1,False
Chennai,Chennai,2022-01-23,69.0,37.95,74.52,57.27,78.66,0.72,65.55,False
Chennai,Chennai,2022-01-24,55.0,30.25,59.4,45.65,62.7,0.58,52.25,False
Chennai,Chennai,2022-01-25,70.0,38.5,75.6,58.1,79.8,0.74,66.5,False
Chennai,Chennai,2022-01-26,44.0,24.2,47.52,36.52,50.16,0.46,41.8,False
Chennai,Chennai,2022-01-27,50.0,27.5,54.0,41.5,57.0,0.53,47.5,False
Chennai,Chennai,2022-01-28,68.0,37.4,73.44,56.44,77.52,0.71,64.6,False
Chennai,Chennai,2022-01-29,105.0,57.75,113.4,87.15,119.7,1.1,99.75,False
Chennai,Chennai,2022-01-30,105.0,57.75,113.4,87.15,119.7,1.1,99.75,False
Chennai,Chennai,2022-01-31,105.0,57.75,113.4,87.15,119.7,1.1,99.75,False
Chennai,Chennai,2022-02-01,49.0,26.95,52.92,40.67,55.86,0.51,46.55,False
Chennai,Chennai,2022-02-02,75.0,41.25,81.0,62.25,85.5,0.79,71.25,False
Chennai,Chennai,2022-02-03,84.0,46.2,90.72,69.72,95.76,0.88,79.8,False
Chennai,Chennai,2022-02-04,42.0,23.1,45.36,34.86,47.88,0.44,39.9,False
Chennai,Chennai,2022-02-05,89.0,48.95,96.12,73.87,101.46,0.93,84.55,False
Chennai,Chennai,2022-02-06,75.0,41.25,81.0,62.25,85.5,0.79,71.25,False
Chennai,Chennai,2022-02-07,53.0,29.15,57.24,43.99,60.42,0.56,50.35,False
Chennai,Chennai,2022-02-08,61.0,33.55,65.88,50.63,69.54,0.64,57.95,False
Chennai,Chennai,2022-02-09,48.0,26.4,51.84,39.84,54.72,0.5,45.6,False
Chennai,Chennai,2022-02-10,73.0,40.15,78.84,60.59,83.22,0.77,69.35,False
Chennai,Chennai,2022-02-11,50.0,27.5,54.0,41.5,57.0,0.53,47.5,False
Chennai,Chennai,2022-02-12,77.0,42.35,83.16,63.91,87.78,0.81,73.15,False
Chennai,Chennai,2022-02-13,110.0,60.5,118.8,91.3,125.4,1.16,104.5,False
Chennai,Chennai,2022-02-14,114.0,62.7,123.12,94.62,129.96,1.2,108.3,False
Chennai,Chennai,2022-02-15,98.0,53.9,105.84,81.34,111.72,1.03,93.1,False
Chennai,Chennai,2022-02-16,91.0,50.05,98.28,75.53,103.74,0.96,86.45,False
Chennai,Chennai,2022-02-17,100.0,55.0,108.0,83.0,114.0,1.05,95.0,False
Chennai,Chennai,2022-02-18,91.0,50.05,98.28,75.53,103.74,0.96,86.45,False
Chennai,Chennai,2022-02-19,68.0,37.4,73.44,56.44,77.52,0.71,64.6,False
Chennai,Chennai,2022-02-20,112.0,61.6,120.96,92.96,127.68,1.18,106.4,False
Chennai,Chennai,2022-02-21,105.0,57.75,113.4,87.15,119.7,1.1,99.75,False
Chennai,Chennai,2022-02-22,87.0,47.85,93.96,72.21,99.18,0.91,82.65,False
Chennai,Chennai,2022-02-23,62.0,34.1,66.96,51.46,70.68,0.65,58.9,False
Chennai,Chennai,2022-02-24,70.0,38.5,75.6,58.1,79.8,0.74,66.5,False
Chennai,Chennai,2022-02-25,70.0,38.5,75.6,58.1,79.8,0.74,66.5,False
Chennai,Chennai,2022-02-26,68.0,37.4,73.44,56.44,77.52,0.71,64.6,False
Chennai,Chennai,2022-02-27,71.0,39.05,76.68,58.93,80.94,0.75,67.45,False
Chennai,Chennai,2022-02-28,62.0,34.1,66.96,51.46,70.68,0.65,58.9,False
Chennai,Chennai,2022-03-01,68.0,37.4,73.44,56.44,77.52,0.71,64.6,False
Chennai,Chennai,2022-03-02,63.0,34.65,68.04,52.29,71.82,0.66,59.85,False
Chennai,Chennai,2022-03-03,82.0,45.1,88.56,68.06,93.48,0.86,77.9,False
Chennai,Chennai,2022-03-04,44.0,24.2,47.52,36.52,50.16,0.46,41.8,False
Chennai,Chennai,2022-03-05,84.0,46.2,90.72,69.72,95.76,0.88,79.8,False
Chennai,Chennai,2022-03-06,75.0,41.25,81.0,62.25,85.5,0.79,71.25,False
Chennai,Chennai,2022-03-07,65.0,35.75,70.2,53.95,74.1,0.68,61.75,False
Chennai,Chennai,2022-03-08,56.0,30.8,60.48,46.48,63.84,0.59,53.2,False
Chennai,Chennai,2022-03-09,58.0,31.9,62.64,48.14,66.12,0.61,55.1,False
Chennai,Chennai,2022-03-10,90.0,49.5,97.2,74.7,102.6,0.95,85.5,False
Chennai,Chennai,2022-03-11,59.0,32.45,63.72,48.97,67.26,0.62,56.05,False
Chennai,Chennai,2022-03-12,50.0,27.5,54.0,41.5,57.0,0.53,47.5,False
Chennai,Chennai,2022-03-13,89.0,48.95,96.12,73.87,101.46,0.93,84.55,False
Chennai,Chennai,2022-03-14,97.0,53.35,104.76,80.51,110.58,1.02,92.15,False
Chennai,Chennai,2022-03-15,110.0,60.5,118.8,91.3,125.4,1.16,104.5,False
Chennai,Chennai,2022-03-16,103.0,56.65,111.24,85.49,117.42,1.08,97.85,False
Chennai,Chennai,2022-03-17,116.0,63.8,125.28,96.28,132.24,1.22,110.2,False
Chennai,Chennai,2022-03-18,93.0,51.15,100.44,77.19,106.02,0.98,88.35,False
Chennai,Chennai,2022-03-19,63.0,34.65,68.04,52.29,71.82,0.66,59.85,False
Chennai,Chennai,2022-03-20,96.0,52.8,103.68,79.68,109.44,1.01,91.2,False
Chennai,Chennai,2022-03-21,94.0,51.7,101.52,78.02,107.16,0.99,89.3,False
Chennai,Chennai,2022-03-22,102.0,56.1,110.16,84.66,116.28,1.07,96.9,False
Chennai,Chennai,2022-03-23,77.0,42.35,83.16,63.91,87.78,0.81,73.15,False
Chennai,Chennai,2022-03-24,66.0,36.3,71.28,54.78,75.24,0.69,62.7,False
Chennai,Chennai,2022-03-25,60.0,33.0,64.8,49.8,68.4,0.63,57.0,False
Chennai,Chennai,2022-03-26,56.0,30.8,60.48,46.48,63.84,0.59,53.2,False
Chennai,Chennai,2022-03-27,55.0,30.25,59.4,45.65,62.7,0.58,52.25,False
Chennai,Chennai,2022-03-28,47.0,25.85,50.76,39.01,53.58,0.49,44.65,False
Chennai,Chennai,2022-03-29,44.0,24.2,47.52,36.52,50.16,0.46,41.8,False
Chennai,Chennai,2022-03-30,45.0,24.75,48.6,37.35,51.3,0.47,42.75,False
Chennai,Chennai,2022-03-31,45.0,24.75,48.6,37.35,51.3,0.47,42.75,False
Chennai,Chennai,2022-04-01,77.0,42.35,83.16,63.91,87.78,0.81,73.15,False
Chennai,Chennai,2022-04-02,58.0,31.9,62.64,48.14,66.12,0.61,55.1,False
Chennai,Chennai,2022-04-03,92.0,50.6,99.36,76.36,104.88,0.97,87.4,False
Chennai,Chennai,2022-04-04,41.0,22.55,44.28,34.03,46.74,0.43,38.95,False
Chennai,Chennai,2022-04-05,58.0,31.9,62.64,48.14,66.12,0.61,55.1,False
Chennai,Chennai,2022-04-06,83.0,45.65,89.64,68.89,94.62,0.87,78.85,False
Chennai,Chennai,2022-04-07,64.0,35.2,69.12,53.12,72.96,0.67,60.8,False
Chennai,Chennai,2022-04-08,84.0,46.2,90.72,69.72,95.76,0.88,79.8,False
Chennai,Chennai,2022-04-09,58.0,31.9,62.64,48.14,66.12,0.61,55.1,False
Chennai,Chennai,2022-04-10,101.0,55.55,109.08,83.83,115.14,1.06,95.95,False
Chennai,Chennai,2022-04-11,56.0,30.8,60.48,46.48,63.84,0.59,53.2,False
Chennai,Chennai,2022-04-12,64.0,35.2,69.12,53.12,72.96,0.67,60.8,False
Chennai,Chennai,2022-04-13,36.0,19.8,38.88,29.88,41.04,0.38,34.2,False
Chennai,Chennai,2022-04-14,39.0,21.45,42.12,32.37,44.46,0.41,37.05,False
Chennai,Chennai,2022-04-15,35.0,19.25,37.8,29.05,39.9,0.37,33.25,False
Chennai,Chennai,2022-04-16,38.0,20.9,41.04,31.54,43.32,0.4,36.1,False
Chennai,Chennai,2022-04-17,50.0,27.5,54.0,41.5,57.0,0.53,47.5,False
Chennai,Chennai,2022-04-18,47.0,25.85,50.76,39.01,53.58,0.49,44.65,False
Chennai,Chennai,2022-04-19,45.0,24.75,48.6,37.35,51.3,0.47,42.75,False
Chennai,Chennai,2022-04-20,40.0,22.0,43.2,33.2,45.6,0.42,38.0,False
Chennai,Chennai,2022-04-21,39.0,21.45,42.12,32.37,44.46,0.41,37.05,False
Chennai,Chennai,2022-04-22,44.0,24.2,47.52,36.52,50.16,0.46,41.8,False
Chennai,Chennai,2022-04-23,38.0,20.9,41.04,31.54,43.32,0.4,36.1,False
Chennai,Chennai,2022-04-24,43.0,23.65,46.44,35.69,49.02,0.45,40.85,False
Chennai,Chennai,2022-04-25,47.0,25.85,50.76,39.01,53.58,0.49,44.65,False
Chennai,Chennai,2022-04-26,52.0,28.6,56.16,43.16,59.28,0.55,49.4,False
Chennai,Chennai,2022-04-27,43.0,23.65,46.44,35.69,49.02,0.45,40.85,False
Chennai,Chennai,2022-04-28,45.0,24.75,48.6,37.35,51.3,0.47,42.75,False
Chennai,Chennai,2022-04-29,61.0,33.55,65.88,50.63,69.54,0.64,57.95,False
Chennai,Chennai,2022-04-30,46.0,25.3,49.68,38.18,52.44,0.48,43.7,False
Chennai,Chennai,2022-05-01,78.0,42.9,84.24,64.74,88.92,0.82,74.1,False
Chennai,Chennai,2022-05-02,62.0,34.1,66.96,51.46,70.68,0.65,58.9,False
Chennai,Chennai,2022-05-03,72.0,39.6,77.76,59.76,82.08,0.76,68.4,False
Chennai,Chennai,2022-05-04,34.0,18.7,36.72,28.22,38.76,0.36,32.3,False
Chennai,Chennai,2022-05-05,91.0,50.05,98.28,75.53,103.74,0.96,86.45,False
Chennai,Chennai,2022-05-06,71.0,39.05,76.68,58.93,80.94,0.75,67.45,False
Chennai,Chennai,2022-05-07,52.0,28.6,56.16,43.16,59.28,0.55,49.4,False
Chennai,Chennai,2022-05-08,57.0,31.35,61.56,47.31,64.98,0.6,54.15,False
Chennai,Chennai,2022-05-09,55.0,30.25,59.4,45.65,62.7,0.58,52.25,False
Chennai,Chennai,2022-05-10,128.0,70.4,138.24,106.24,145.92,1.34,121.6,False
Chennai,Chennai,2022-05-11,44.0,24.2,47.52,36.52,50.16,0.46,41.8,False
Chennai,Chennai,2022-05-12,127.0,69.85,137.16,105.41,144.78,1.33,120.65,False
Chennai,Chennai,2022-05-13,61.0,33.55,65.88,50.63,69.54,0.64,57.95,False
Chennai,Chennai,2022-05-14,69.0,37.95,74.52,57.27,78.66,0.72,65.55,False
Chennai,Chennai,2022-05-15,69.0,37.95,74.52,57.27,78.66,0.72,65.55,False
Chennai,Chennai,2022-05-16,52.0,28.6,56.16,43.16,59.28,0.55,49.4,False
Chennai,Chennai,2022-05-17,57.0,31.35,61.56,47.31,64.98,0.6,54.15,False
Chennai,Chennai,2022-05-18,57.0,31.35,61.56,47.31,64.98,0.6,54.15,False
Chennai,Chennai,2022-05-19,57.0,31.35,61.56,47.31,64.98,0.6,54.15,False
Chennai,Chennai,2022-05-20,71.0,39.05,76.68,58.93,80.94,0.75,67.45,False
Chennai,Chennai,2022-05-21,79.0,43.45,85.32,65.57,90.06,0.83,75.05,False
Chennai,Chennai,2022-05-22,85.0,46.75,91.8,70.55,96.9,0.89,80.75,False
Chennai,Chennai,2022-05-23,56.0,30.8,60.48,46.48,63.84,0.59,53.2,False
Chennai,Chennai,2022-05-24,73.0,40.15,78.84,60.59,83.22,0.77,69.35,False
Chennai,Chennai,2022-05-25,61.0,33.55,65.88,50.63,69.54,0.64,57.95,False
Chennai,Chennai,2022-05-26,67.0,36.85,72.36,55.61,76.38,0.7,63.65,False
Chennai,Chennai,2022-05-27,67.0,36.85,72.36,55.61,76.38,0.7,63.65,False
Chennai,Chennai,2022-05-28,72.0,39.6,77.76,59.76,82.08,0.76,68.4,False
Chennai,Chennai,2022-05-29,68.0,37.4,73.44,56.44,77.52,0.71,64.6,False
Chennai,Chennai,2022-05-30,58.0,31.9,62.64,48.14,66.12,0.61,55.1,False
Chennai,Chennai,2022-05-31,68.0,37.4,73.44,56.44,77.52,0.71,64.6,False
Chennai,Chennai,2022-06-01,66.0,36.3,71.28,54.78,75.24,0.69,62.7,False
Chennai,Chennai,2022-06-02,59.0,32.45,63.72,48.97,67.26,0.62,56.05,False
Chennai,Chennai,2022-06-03,64.0,35.2,69.12,53.12,72.96,0.67,60.8,False
Chennai,Chennai,2022-06-04,44.0,24.2,47.52,36.52,50.16,0.46,41.8,False
Chennai,Chennai,2022-06-05,56.0,30.8,60.48,46.48,63.84,0.59,53.2,False
Chennai,Chennai,2022-06-06,62.0,34.1,66.96,51.46,70.68,0.65,58.9,False
Chennai,Chennai,2022-06-07,52.0,28.6,56.16,43.16,59.28,0.55,49.4,False
Chennai,Chennai,2022-06-08,49.0,26.95,52.92,40.67,55.86,0.51,46.55,False
Chennai,Chennai,2022-06-09,57.0,31.35,61.56,47.31,64.98,0.6,54.15,False
Chennai,Chennai,2022-06-10,96.0,52.8,103.68,79.68,109.44,1.01,91.2,False
Chennai,Chennai,2022-06-11,58.0,31.9,62.64,48.14,66.12,0.61,55.1,False
Chennai,Chennai,2022-06-12,203.0,111.65,219.24,168.49,231.42,2.13,192.85,True
Chennai,Chennai,2022-06-13,64.0,35.2,69.12,53.12,72.96,0.67,60.8,False
Chennai,Chennai,2022-06-14,54.0,29.7,58.32,44.82,61.56,0.57,51.3,False
Chennai,Chennai,2022-06-15,54.0,29.7,58.32,44.82,61.56,0.57,51.3,False
Chennai,Chennai,2022-06-16,56.0,30.8,60.48,46.48,63.84,0.59,53.2,False
Chennai,Chennai,2022-06-17,54.0,29.7,58.32,44.82,61.56,0.57,51.3,False
Chennai,Chennai,2022-06-18,52.0,28.6,56.16,43.16,59.28,0.55,49.4,False
Chennai,Chennai,2022-06-19,63.0,34.65,68.04,52.29,71.82,0.66,59.85,False
Chennai,Chennai,2022-06-20,58.0,31.9,62.64,48.14,66.12,0.61,55.1,False
Chennai,Chennai,2022-06-21,55.0,30.25,59.4,45.65,62.7,0.58,52.25,False
Chennai,Chennai,2022-06-22,59.0,32.45,63.72,48.97,67.26,0.62,56.05,False
Chennai,Chennai,2022-06-23,63.0,34.65,68.04,52.29,71.82,0.66,59.85,False
Chennai,Chennai,2022-06-24,64.0,35.2,69.12,53.12,72.96,0.67,60.8,False
Chennai,Chennai,2022-06-25,62.0,34.1,66.96,51.46,70.68,0.65,58.9,False
Chennai,Chennai,2022-06-26,64.0,35.2,69.12,53.12,72.96,0.67,60.8,False
Chennai,Chennai,2022-06-27,66.0,36.3,71.28,54.78,75.24,0.69,62.7,False
Chennai,Chennai,2022-06-28,76.0,41.8,82.08,63.08,86.64,0.8,72.2,False
Chennai,Chennai,2022-06-29,84.0,46.2,90.72,69.72,95.76,0.88,79.8,False
Chennai,Chennai,2022-06-30,77.0,42.35,83.16,63.91,87.78,0.81,73.15,False
Chennai,Chennai,2022-07-01,61.0,33.55,65.88,50.63,69.54,0.64,57.95,False
Chennai,Chennai,2022-07-02,67.0,36.85,72.36,55.61,76.38,0.7,63.65,False
Chennai,Chennai,2022-07-03,60.0,33.0,64.8,49.8,68.4,0.63,57.0,False
Chennai,Chennai,2022-07-04,49.0,26.95,52.92,40.67,55.86,0.51,46.55,False
Chennai,Chennai,2022-07-05,80.0,44.0,86.4,66.4,91.2,0.84,76.0,False
Chennai,Chennai,2022-07-06,62.0,34.1,66.96,51.46,70.68,0.65,58.9,False
Chennai,Chennai,2022-07-07,62.0,34.1,66.96,51.46,70.68,0.65,58.9,False
Chennai,Chennai,2022-07-08,54.0,29.7,58.32,44.82,61.56,0.57,51.3,False
Chennai,Chennai,2022-07-09,72.0,39.6,77.76,59.76,82.08,0.76,68.4,False
Chennai,Chennai,2022-07-10,88.0,48.4,95.04,73.04,100.32,0.92,83.6,False
Chennai,Chennai,2022-07-11,105.0,57.75,113.4,87.15,119.7,1.1,99.75,False
Chennai,Chennai,2022-07-12,238.0,130.9,257.04,197.54,271.32,2.5,226.1,True
Chennai,Chennai,2022-07-13,55.0,30.25,59.4,45.65,62.7,0.58,52.25,False
Chennai,Chennai,2022-07-14,53.0,29.15,57.24,43.99,60.42,0.56,50.35,False
Chennai,Chennai,2022-07-15,60.0,33.0,64.8,49.8,68.4,0.63,57.0,False
Chennai,Chennai,2022-07-16,69.0,37.95,74.52,57.27,78.66,0.72,65.55,False
Chennai,Chennai,2022-07-17,47.0,25.85,50.76,39.01,53.58,0.49,44.65,False
Chennai,Chennai,2022-07-18,61.0,33.55,65.88,50.63,69.54,0.64,57.95,False
Chennai,Chennai,2022-07-19,79.0,43.45,85.32,65.57,90.06,0.83,75.05,False
Chennai,Chennai,2022-07-20,76.0,41.8,82.08,63.08,86.64,0.8,72.2,False
Chennai,Chennai,2022-07-21,70.0,38.5,75.6,58.1,79.8,0.74,66.5,False
Chennai,Chennai,2022-07-22,52.0,28.6,56.16,43.16,59.28,0.55,49.4,False
Chennai,Chennai,2022-07-23,65.0,35.75,70.2,53.95,74.1,0.68,61.75,False
Chennai,Chennai,2022-07-24,55.0,30.25,59.4,45.65,62.7,0.58,52.25,False
Chennai,Chennai,2022-07-25,70.0,38.5,75.6,58.1,79.8,0.74,66.5,False
Chennai,Chennai,2022-07-26,54.0,29.7,58.32,44.82,61.56,0.57,51.3,False
Chennai,Chennai,2022-07-27,70.0,38.5,75.6,58.1,79.8,0.74,66.5,False
Chennai,Chennai,2022-07-28,49.0,26.95,52.92,40.67,55.86,0.51,46.55,False
Chennai,Chennai,2022-07-29,51.0,28.05,55.08,42.33,58.14,0.54,48.45,False
Chennai,Chennai,2022-07-30,50.0,27.5,54.0,41.5,57.0,0.53,47.5,False
Chennai,Chennai,2022-07-31,58.0,31.9,62.64,48.14,66.12,0.61,55.1,False
Chennai,Chennai,2022-08-01,42.0,23.1,45.36,34.86,47.88,0.44,39.9,False
Chennai,Chennai,2022-08-02,83.0,45.65,89.64,68.89,94.62,0.87,78.85,False
Chennai,Chennai,2022-08-03,82.0,45.1,88.56,68.06,93.48,0.86,77.9,False
Chennai,Chennai,2022-08-04,42.0,23.1,45.36,34.86,47.88,0.44,39.9,False
Chennai,Chennai,2022-08-05,78.0,42.9,84.24,64.74,88.92,0.82,74.1,False
Chennai,Chennai,2022-08-06,68.0,37.4,73.44,56.44,77.52,0.71,64.6,False
Chennai,Chennai,2022-08-07,65.0,35.75,70.2,53.95,74.1,0.68,61.75,False
Chennai,Chennai,2022-08-08,49.0,26.95,52.92,40.67,55.86,0.51,46.55,False
Chennai,Chennai,2022-08-09,61.0,33.55,65.88,50.63,69.54,0.64,57.95,False
Chennai,Chennai,2022-08-10,112.0,61.6,120.96,92.96,127.68,1.18,106.4,False
Chennai,Chennai,2022-08-11,82.0,45.1,88.56,68.06,93.48,0.86,77.9,False
Chennai,Chennai,2022-08-12,203.0,111.65,219.24,168.49,231.42,2.13,192.85,True
Chennai,Chennai,2022-08-13,66.0,36.3,71.28,54.78,75.24,0.69,62.7,False
Chennai,Chennai,2022-08-14,65.0,35.75,70.2,53.95,74.1,0.68,61.75,False
Chennai,Chennai,2022-08-15,63.0,34.65,68.04,52.29,71.82,0.66,59.85,False
Chennai,Chennai,2022-08-16,60.0,33.0,64.8,49.8,68.4,0.63,57.0,False
Chennai,Chennai,2022-08-17,56.0,30.8,60.48,46.48,63.84,0.59,53.2,False
Chennai,Chennai,2022-08-18,57.0,31.35,61.56,47.31,64.98,0.6,54.15,False
Chennai,Chennai,2022-08-19,62.0,34.1,66.96,51.46,70.68,0.65,58.9,False
Chennai,Chennai,2022-08-20,69.0,37.95,74.52,57.27,78.66,0.72,65.55,False
Chennai,Chennai,2022-08-21,70.0,38.5,75.6,58.1,79.8,0.74,66.5,False
Chennai,Chennai,2022-08-22,43.0,23.65,46.44,35.69,49.02,0.45,40.85,False
Chennai,Chennai,2022-08-23,48.0,26.4,51.84,39.84,54.72,0.5,45.6,False
Chennai,Chennai,2022-08-24,49.0,26.95,52.92,40.67,55.86,0.51,46.55,False
Chennai,Chennai,2022-08-25,62.0,34.1,66.96,51.46,70.68,0.65,58.9,False
Chennai,Chennai,2022-08-26,60.0,33.0,64.8,49.8,68.4,0.63,57.0,False
Chennai,Chennai,2022-08-27,50.0,27.5,54.0,41.5,57.0,0.53,47.5,False
Chennai,Chennai,2022-08-28,48.0,26.4,51.84,39.84,54.72,0.5,45.6,False
Chennai,Chennai,2022-08-29,60.0,33.0,64.8,49.8,68.4,0.63,57.0,False
Chennai,Chennai,2022-08-30,70.0,38.5,75.6,58.1,79.8,0.74,66.5,False
Chennai,Chennai,2022-08-31,49.0,26.95,52.92,40.67,55.86,0.51,46.55,False
Chennai,Chennai,2022-09-01,50.0,27.5,54.0,41.5,57.0,0.53,47.5,False
Chennai,Chennai,2022-09-02,68.0,37.4,73.44,56.44,77.52,0.71,64.6,False
Chennai,Chennai,2022-09-03,96.0,52.8,103.68,79.68,109.44,1.01,91.2,False
Chennai,Chennai,2022-09-04,43.0,23.65,46.44,35.69,49.02,0.45,40.85,False
Chennai,Chennai,2022-09-05,94.0,51.7,101.52,78.02,107.16,0.99,89.3,False
Chennai,Chennai,2022-09-06,67.0,36.85,72.36,55.61,76.38,0.7,63.65,False
Chennai,Chennai,2022-09-07,70.0,38.5,75.6,58.1,79.8,0.74,66.5,False
Chennai,Chennai,2022-09-08,64.0,35.2,69.12,53.12,72.96,0.67,60.8,False
Chennai,Chennai,2022-09-09,74.0,40.7,79.92,61.42,84.36,0.78,70.3,False
Chennai,Chennai,2022-09-10,67.0,36.85,72.36,55.61,76.38,0.7,63.65,False
Chennai,Chennai,2022-09-11,74.0,40.7,79.92,61.42,84.36,0.78,70.3,False
Chennai,Chennai,2022-09-12,115.0,63.25,124.2,95.45,131.1,1.21,109.25,False
Chennai,Chennai,2022-09-13,72.0,39.6,77.76,59.76,82.08,0.76,68.4,False
Chennai,Chennai,2022-09-14,70.0,38.5,75.6,58.1,79.8,0.74,66.5,False
Chennai,Chennai,2022-09-15,80.0,44.0,86.4,66.4,91.2,0.84,76.0,False
Chennai,Chennai,2022-09-16,83.0,45.65,89.64,68.89,94.62,0.87,78.85,False
Chennai,Chennai,2022-09-17,69.0,37.95,74.52,57.27,78.66,0.72,65.55,False
Chennai,Chennai,2022-09-18,64.0,35.2,69.12,53.12,72.96,0.67,60.8,False
Chennai,Chennai,2022-09-19,62.0,34.1,66.96,51.46,70.68,0.65,58.9,False
Chennai,Chennai,2022-09-20,65.0,35.75,70.2,53.95,74.1,0.68,61.75,False
Chennai,Chennai,2022-09-21,85.0,46.75,91.8,70.55,96.9,0.89,80.75,False
Chennai,Chennai,2022-09-22,69.0,37.95,74.52,57.27,78.66,0.72,65.55,False
Chennai,Chennai,2022-09-23,66.0,36.3,71.28,54.78,75.24,0.69,62.7,False
Chennai,Chennai,2022-09-24,70.0,38.5,75.6,58.1,79.8,0.74,66.5,False
Chennai,Chennai,2022-09-25,65.0,35.75,70.2,53.95,74.1,0.68,61.75,False
Chennai,Chennai,2022-09-26,73.0,40.15,78.84,60.59,83.22,0.77,69.35,False
Chennai,Chennai,2022-09-27,73.0,40.15,78.84,60.59,83.22,0.77,69.35,False
Chennai,Chennai,2022-09-28,82.0,45.1,88.56,68.06,93.48,0.86,77.9,False
Chennai,Chennai,2022-09-29,83.0,45.65,89.64,68.89,94.62,0.87,78.85,False
Chennai,Chennai,2022-09-30,72.0,39.6,77.76,59.76,82.08,0.76,68.4,False
Chennai,Chennai,2022-10-01,48.0,26.4,51.84,39.84,54.72,0.5,45.6,False
Chennai,Chennai,2022-10-02,85.0,46.75,91.8,70.55,96.9,0.89,80.75,False
Chennai,Chennai,2022-10-03,86.0,47.3,92.88,71.38,98.04,0.9,81.7,False
Chennai,Chennai,2022-10-04,46.0,25.3,49.68,38.18,52.44,0.48,43.7,False
Chennai,Chennai,2022-10-05,81.0,44.55,87.48,67.23,92.34,0.85,76.95,False
Chennai,Chennai,2022-10-06,60.0,33.0,64.8,49.8,68.4,0.63,57.0,False
Chennai,Chennai,2022-10-07,60.0,33.0,64.8,49.8,68.4,0.63,57.0,False
Chennai,Chennai,2022-10-08,68.0,37.4,73.44,56.44,77.52,0.71,64.6,False
Chennai,Chennai,2022-10-09,59.0,32.45,63.72,48.97,67.26,0.62,56.05,False
Chennai,Chennai,2022-10-10,61.0,33.55,65.88,50.63,69.54,0.64,57.95,False
Chennai,Chennai,2022-10-11,58.0,31.9,62.64,48.14,66.12,0.61,55.1,False
Chennai,Chennai,2022-10-12,40.0,22.0,43.2,33.2,45.6,0.42,38.0,False
Chennai,Chennai,2022-10-13,61.0,33.55,65.88,50.63,69.54,0.64,57.95,False
Chennai,Chennai,2022-10-14,56.0,30.8,60.48,46.48,63.84,0.59,53.2,False
Chennai,Chennai,2022-10-15,63.0,34.65,68.04,52.29,71.82,0.66,59.85,False
Chennai,Chennai,2022-10-16,51.0,28.05,55.08,42.33,58.14,0.54,48.45,False
Chennai,Chennai,2022-10-17,53.0,29.15,57.24,43.99,60.42,0.56,50.35,False
Chennai,Chennai,2022-10-18,66.0,36.3,71.28,54.78,75.24,0.69,62.7,False
Chennai,Chennai,2022-10-19,74.0,40.7,79.92,61.42,84.36,0.78,70.3,False
Chennai,Chennai,2022-10-20,73.0,40.15,78.84,60.59,83.22,0.77,69.35,False
Chennai,Chennai,2022-10-21,66.0,36.3,71.28,54.78,75.24,0.69,62.7,False
Chennai,Chennai,2022-10-22,82.0,45.1,88.56,68.06,93.48,0.86,77.9,False
Chennai,Chennai,2022-10-23,109.0,59.95,117.72,90.47,124.26,1.14,103.55,False
Chennai,Chennai,2022-10-24,193.0,106.15,208.44,160.19,220.02,2.03,183.35,False
Chennai,Chennai,2022-10-25,228.0,125.4,246.24,189.24,259.92,2.39,216.6,True
Chennai,Chennai,2022-10-26,147.0,80.85,158.76,122.01,167.58,1.54,139.65,False
Chennai,Chennai,2022-10-27,105.0,57.75,113.4,87.15,119.7,1.1,99.75,False
Chennai,Chennai,2022-10-28,59.0,32.45,63.72,48.97,67.26,0.62,56.05,False
Chennai,Chennai,2022-10-29,70.0,38.5,75.6,58.1,79.8,0.74,66.5,False
Chennai,Chennai,2022-10-30,74.0,40.7,79.92,61.42,84.36,0.78,70.3,False
Chennai,Chennai,2022-10-31,88.0,48.4,95.04,73.04,100.32,0.92,83.6,False
Chennai,Chennai,2022-11-01,45.0,24.75,48.6,37.35,51.3,0.47,42.75,False
Chennai,Chennai,2022-11-02,69.0,37.95,74.52,57.27,78.66,0.72,65.55,False
Chennai,Chennai,2022-11-03,80.0,44.0,86.4,66.4,91.2,0.84,76.0,False
Chennai,Chennai,2022-11-04,42.0,23.1,45.36,34.86,47.88,0.44,39.9,False
Chennai,Chennai,2022-11-05,71.0,39.05,76.68,58.93,80.94,0.75,67.45,False
Chennai,Chennai,2022-11-06,69.0,37.95,74.52,57.27,78.66,0.72,65.55,False
Chennai,Chennai,2022-11-07,50.0,27.5,54.0,41.5,57.0,0.53,47.5,False
Chennai,Chennai,2022-11-08,70.0,38.5,75.6,58.1,79.8,0.74,66.5,False
Chennai,Chennai,2022-11-09,62.0,34.1,66.96,51.46,70.68,0.65,58.9,False
Chennai,Chennai,2022-11-10,53.0,29.15,57.24,43.99,60.42,0.56,50.35,False
Chennai,Chennai,2022-11-11,46.0,25.3,49.68,38.18,52.44,0.48,43.7,False
Chennai,Chennai,2022-11-12,45.0,24.75,48.6,37.35,51.3,0.47,42.75,False
Chennai,Chennai,2022-11-13,38.0,20.9,41.04,31.54,43.32,0.4,36.1,False
Chennai,Chennai,2022-11-14,43.0,23.65,46.44,35.69,49.02,0.45,40.85,False
Chennai,Chennai,2022-11-15,96.0,52.8,103.68,79.68,109.44,1.01,91.2,False
Chennai,Chennai,2022-11-16,121.0,66.55,130.68,100.43,137.94,1.27,114.95,False
Chennai,Chennai,2022-11-17,142.0,78.1,153.36,117.86,161.88,1.49,134.9,False
Chennai,Chennai,2022-11-18,170.0,93.5,183.6,141.1,193.8,1.79,161.5,False
Chennai,Chennai,2022-11-19,108.0,59.4,116.64,89.64,123.12,1.13,102.6,False
Chennai,Chennai,2022-11-20,120.0,66.0,129.6,99.6,136.8,1.26,114.0,False
Chennai,Chennai,2022-11-21,84.0,46.2,90.72,69.72,95.76,0.88,79.8,False
Chennai,Chennai,2022-11-22,74.0,40.7,79.92,61.42,84.36,0.78,70.3,False
Chennai,Chennai,2022-11-23,62.0,34.1,66.96,51.46,70.68,0.65,58.9,False
Chennai,Chennai,2022-11-24,75.0,41.25,81.0,62.25,85.5,0.79,71.25,False
Chennai,Chennai,2022-11-25,98.0,53.9,105.84,81.34,111.72,1.03,93.1,False
Chennai,Chennai,2022-11-26,86.0,47.3,92.88,71.38,98.04,0.9,81.7,False
Chennai,Chennai,2022-11-27,108.0,59.4,116.64,89.64,123.12,1.13,102.6,False
Chennai,Chennai,2022-11-28,120.0,66.0,129.6,99.6,136.8,1.26,114.0,False
Chennai,Chennai,2022-11-29,142.0,78.1,153.36,117.86,161.88,1.49,134.9,False
Chennai,Chennai,2022-11-30,153.0,84.15,165.24,126.99,174.42,1.61,145.35,False
Chennai,Chennai,2022-12-01,50.0,27.5,54.0,41.5,57.0,0.53,47.5,False
Chennai,Chennai,2022-12-02,95.0,52.25,102.6,78.85,108.3,1.0,90.25,False
Chennai,Chennai,2022-12-03,90.0,49.5,97.2,74.7,102.6,0.95,85.5,False
Chennai,Chennai,2022-12-04,35.0,19.25,37.8,29.05,39.9,0.37,33.25,False
Chennai,Chennai,2022-12-05,61.0,33.55,65.88,50.63,69.54,0.64,57.95,False
Chennai,Chennai,2022-12-06,65.0,35.75,70.2,53.95,74.1,0.68,61.75,False
Chennai,Chennai,2022-12-07,51.0,28.05,55.08,42.33,58.14,0.54,48.45,False
Chennai,Chennai,2022-12-08,62.0,34.1,66.96,51.46,70.68,0.65,58.9,False
Chennai,Chennai,2022-12-09,69.0,37.95,74.52,57.27,78.66,0.72,65.55,False
Chennai,Chennai,2022-12-10,58.0,31.9,62.64,48.14,66.12,0.61,55.1,False
Chennai,Chennai,2022-12-11,44.0,24.2,47.52,36.52,50.16,0.46,41.8,False
Chennai,Chennai,2022-12-12,49.0,26.95,52.92,40.67,55.86,0.51,46.55,False
Chennai,Chennai,2022-12-13,46.0,25.3,49.68,38.18,52.44,0.48,43.7,False
Chennai,Chennai,2022-12-14,58.0,31.9,62.64,48.14,66.12,0.61,55.1,False
Chennai,Chennai,2022-12-15,72.0,39.6,77.76,59.76,82.08,0.76,68.4,False
Chennai,Chennai,2022-12-16,97.0,53.35,104.76,80.51,110.58,1.02,92.15,False
Chennai,Chennai,2022-12-17,123.0,67.65,132.84,102.09,140.22,1.29,116.85,False
Chennai,Chennai,2022-12-18,120.0,66.0,129.6,99.6,136.8,1.26,114.0,False
Chennai,Chennai,2022-12-19,88.0,48.4,95.04,73.04,100.32,0.92,83.6,False
Chennai,Chennai,2022-12-20,110.0,60.5,118.8,91.3,125.4,1.16,104.5,False
Chennai,Chennai,2022-12-21,120.0,66.0,129.6,99.6,136.8,1.26,114.0,False
Chennai,Chennai,2022-12-22,124.0,68.2,133.92,102.92,141.36,1.3,117.8,False
Chennai,Chennai,2022-12-23,172.0,94.6,185.76,142.76,196.08,1.81,163.4,False
Chennai,Chennai,2022-12-24,193.0,106.15,208.44,160.19,220.02,2.03,183.35,False
Chennai,Chennai,2022-12-25,73.0,40.15,78.84,60.59,83.22,0.77,69.35,False
Chennai,Chennai,2022-12-26,34.0,18.7,36.72,28.22,38.76,0.36,32.3,False
Chennai,Chennai,2022-12-27,38.0,20.9,41.04,31.54,43.32,0.4,36.1,False
Chennai,Chennai,2022-12-28,59.0,32.45,63.72,48.97,67.26,0.62,56.05,False
Chennai,Chennai,2022-12-29,57.0,31.35,61.56,47.31,64.98,0.6,54.15,False
Chennai,Chennai,2022-12-30,65.0,35.75,70.2,53.95,74.1,0.68,61.75,False
Chennai,Chennai,2022-12-31,67.0,36.85,72.36,55.61,76.38,0.7,63.65,False
Chennai,Chennai,2023-01-01,104.0,57.2,112.32,86.32,118.56,1.09,98.8,False
Chennai,Chennai,2023-01-02,101.0,55.55,109.08,83.83,115.14,1.06,95.95,False
Chennai,Chennai,2023-01-03,85.0,46.75,91.8,70.55,96.9,0.89,80.75,False
Chennai,Chennai,2023-01-04,65.0,35.75,70.2,53.95,74.1,0.68,61.75,False
Chennai,Chennai,2023-01-05,59.0,32.45,63.72,48.97,67.26,0.62,56.05,False
Chennai,Chennai,2023-01-06,82.0,45.1,88.56,68.06,93.48,0.86,77.9,False
Chennai,Chennai,2023-01-07,61.0,33.55,65.88,50.63,69.54,0.64,57.95,False
Chennai,Chennai,2023-01-08,79.0,43.45,85.32,65.57,90.06,0.83,75.05,False
Chennai,Chennai,2023-01-09,71.0,39.05,76.68,58.93,80.94,0.75,67.45,False
Chennai,Chennai,2023-01-10,57.0,31.35,61.56,47.31,64.98,0.6,54.15,False
Chennai,Chennai,2023-01-11,93.0,51.15,100.44,77.19,106.02,0.98,88.35,False
Chennai,Chennai,2023-01-12,42.0,23.1,45.36,34.86,47.88,0.44,39.9,False
Chennai,Chennai,2023-01-13,106.0,58.3,114.48,87.98,120.84,1.11,100.7,False
Chennai,Chennai,2023-01-14,147.0,80.85,158.76,122.01,167.58,1.54,139.65,False
Chennai,Chennai,2023-01-15,77.0,42.35,83.16,63.91,87.78,0.81,73.15,False
Chennai,Chennai,2023-01-16,65.0,35.75,70.2,53.95,74.1,0.68,61.75,False
Chennai,Chennai,2023-01-17,71.0,39.05,76.68,58.93,80.94,0.75,67.45,False
Chennai,Chennai,2023-01-18,95.0,52.25,102.6,78.85,108.3,1.0,90.25,False
Chennai,Chennai,2023-01-19,115.0,63.25,124.2,95.45,131.1,1.21,109.25,False
Chennai,Chennai,2023-01-20,124.0,68.2,133.92,102.92,141.36,1.3,117.8,False
Chennai,Chennai,2023-01-21,120.0,66.0,129.6,99.6,136.8,1.26,114.0,False
Chennai,Chennai,2023-01-22,114.0,62.7,123.12,94.62,129.96,1.2,108.3,False
Chennai,Chennai,2023-01-23,97.0,53.35,104.76,80.51,110.58,1.02,92.15,False
Chennai,Chennai,2023-01-24,72.0,39.6,77.76,59.76,82.08,0.76,68.4,False
Chennai,Chennai,2023-01-25,100.0,55.0,108.0,83.0,114.0,1.05,95.0,False
Chennai,Chennai,2023-01-26,159.0,87.45,171.72,131.97,181.26,1.67,151.05,False
Chennai,Chennai,2023-01-27,105.0,57.75,113.4,87.15,119.7,1.1,99.75,False
Chennai,Chennai,2023-01-28,113.0,62.15,122.04,93.79,128.82,1.19,107.35,False
Chennai,Chennai,2023-01-29,132.0,72.6,142.56,109.56,150.48,1.39,125.4,False
Chennai,Chennai,2023-01-30,85.0,46.75,91.8,70.55,96.9,0.89,80.75,False
Chennai,Chennai,2023-01-31,96.0,52.8,103.68,79.68,109.44,1.01,91.2,False
Chennai,Chennai,2023-02-01,76.0,41.8,82.08,63.08,86.64,0.8,72.2,False
Chennai,Chennai,2023-02-02,81.0,44.55,87.48,67.23,92.34,0.85,76.95,False
Chennai,Chennai,2023-02-03,92.0,50.6,99.36,76.36,104.88,0.97,87.4,False
Chennai,Chennai,2023-02-04,54.0,29.7,58.32,44.82,61.56,0.57,51.3,False
Chennai,Chennai,2023-02-05,58.0,31.9,62.64,48.14,66.12,0.61,55.1,False
Chennai,Chennai,2023-02-06,90.0,49.5,97.2,74.7,102.6,0.95,85.5,False
Chennai,Chennai,2023-02-07,75.0,41.25,81.0,62.25,85.5,0.79,71.25,False
Chennai,Chennai,2023-02-08,99.0,54.45,106.92,82.17,112.86,1.04,94.05,False
Chennai,Chennai,2023-02-09,77.0,42.35,83.16,63.91,87.78,0.81,73.15,False
Chennai,Chennai,2023-02-10,46.0,25.3,49.68,38.18,52.44,0.48,43.7,False
Chennai,Chennai,2023-02-11,61.0,33.55,65.88,50.63,69.54,0.64,57.95,False
Chennai,Chennai,2023-02-12,65.0,35.75,70.2,53.95,74.1,0.68,61.75,False
Chennai,Chennai,2023-02-13,136.0,74.8,146.88,112.88,155.04,1.43,129.2,False
Chennai,Chennai,2023-02-14,120.0,66.0,129.6,99.6,136.8,1.26,114.0,False
Chennai,Chennai,2023-02-15,105.0,57.75,113.4,87.15,119.7,1.1,99.75,False
Chennai,Chennai,2023-02-16,131.0,72.05,141.48,108.73,149.34,1.38,124.45,False
Chennai,Chennai,2023-02-17,134.0,73.7,144.72,111.22,152.76,1.41,127.3,False
Chennai,Chennai,2023-02-18,126.0,69.3,136.08,104.58,143.64,1.32,119.7,False
Chennai,Chennai,2023-02-19,75.0,41.25,81.0,62.25,85.5,0.79,71.25,False
Chennai,Chennai,2023-02-20,74.0,40.7,79.92,61.42,84.36,0.78,70.3,False
Chennai,Chennai,2023-02-21,97.0,53.35,104.76,80.51,110.58,1.02,92.15,False
Chennai,Chennai,2023-02-22,98.0,53.9,105.84,81.34,111.72,1.03,93.1,False
Chennai,Chennai,2023-02-23,111.0,61.05,119.88,92.13,126.54,1.17,105.45,False
Chennai,Chennai,2023-02-24,78.0,42.9,84.24,64.74,88.92,0.82,74.1,False
Chennai,Chennai,2023-02-25,86.0,47.3,92.88,71.38,98.04,0.9,81.7,False
Chennai,Chennai,2023-02-26,98.0,53.9,105.84,81.34,111.72,1.03,93.1,False
Chennai,Chennai,2023-02-27,98.0,53.9,105.84,81.34,111.72,1.03,93.1,False
Chennai,Chennai,2023-02-28,84.0,46.2,90.72,69.72,95.76,0.88,79.8,False
Chennai,Chennai,2023-03-01,86.0,47.3,92.88,71.38,98.04,0.9,81.7,False
Chennai,Chennai,2023-03-02,95.0,52.25,102.6,78.85,108.3,1.0,90.25,False
Chennai,Chennai,2023-03-03,118.0,64.9,127.44,97.94,134.52,1.24,112.1,False
Chennai,Chennai,2023-03-04,72.0,39.6,77.76,59.76,82.08,0.76,68.4,False
Chennai,Chennai,2023-03-05,59.0,32.45,63.72,48.97,67.26,0.62,56.05,False
Chennai,Chennai,2023-03-06,92.0,50.6,99.36,76.36,104.88,0.97,87.4,False
Chennai,Chennai,2023-03-07,58.0,31.9,62.64,48.14,66.12,0.61,55.1,False
Chennai,Chennai,2023-03-08,95.0,52.25,102.6,78.85,108.3,1.0,90.25,False
Chennai,Chennai,2023-03-09,63.0,34.65,68.04,52.29,71.82,0.66,59.85,False
Chennai,Chennai,2023-03-10,56.0,30.8,60.48,46.48,63.84,0.59,53.2,False
Chennai,Chennai,2023-03-11,57.0,31.35,61.56,47.31,64.98,0.6,54.15,False
Chennai,Chennai,2023-03-12,46.0,25.3,49.68,38.18,52.44,0.48,43.7,False
Chennai,Chennai,2023-03-13,85.0,46.75,91.8,70.55,96.9,0.89,80.75,False
Chennai,Chennai,2023-03-14,90.0,49.5,97.2,74.7,102.6,0.95,85.5,False
Chennai,Chennai,2023-03-15,104.0,57.2,112.32,86.32,118.56,1.09,98.8,False
Chennai,Chennai,2023-03-16,61.0,33.55,65.88,50.63,69.54,0.64,57.95,False
Chennai,Chennai,2023-03-17,61.0,33.55,65.88,50.63,69.54,0.64,57.95,False
Chennai,Chennai,2023-03-18,54.0,29.7,58.32,44.82,61.56,0.57,51.3,False
Chennai,Chennai,2023-03-19,51.0,28.05,55.08,42.33,58.14,0.54,48.45,False
Chennai,Chennai,2023-03-20,46.0,25.3,49.68,38.18,52.44,0.48,43.7,False
Chennai,Chennai,2023-03-21,48.0,26.4,51.84,39.84,54.72,0.5,45.6,False
Chennai,Chennai,2023-03-22,55.0,30.25,59.4,45.65,62.7,0.58,52.25,False
Chennai,Chennai,2023-03-23,43.0,23.65,46.44,35.69,49.02,0.45,40.85,False
Chennai,Chennai,2023-03-24,55.0,30.25,59.4,45.65,62.7,0.58,52.25,False
Chennai,Chennai,2023-03-25,41.0,22.55,44.28,34.03,46.74,0.43,38.95,False
Chennai,Chennai,2023-03-26,39.0,21.45,42.12,32.37,44.46,0.41,37.05,False
Chennai,Chennai,2023-03-27,42.0,23.1,45.36,34.86,47.88,0.44,39.9,False
Chennai,Chennai,2023-03-28,54.0,29.7,58.32,44.82,61.56,0.57,51.3,False
Chennai,Chennai,2023-03-29,58.0,31.9,62.64,48.14,66.12,0.61,55.1,False
Chennai,Chennai,2023-03-30,56.0,30.8,60.48,46.48,63.84,0.59,53.2,False
Chennai,Chennai,2023-03-31,63.0,34.65,68.04,52.29,71.82,0.66,59.85,False
Chennai,Chennai,2023-04-01,99.0,54.45,106.92,82.17,112.86,1.04,94.05,False
Chennai,Chennai,2023-04-02,101.0,55.55,109.08,83.83,115.14,1.06,95.95,False
Chennai,Chennai,2023-04-03,113.0,62.15,122.04,93.79,128.82,1.19,107.35,False
Chennai,Chennai,2023-04-04,53.0,29.15,57.24,43.99,60.42,0.56,50.35,False
Chennai,Chennai,2023-04-05,59.0,32.45,63.72,48.97,67.26,0.62,56.05,False
Chennai,Chennai,2023-04-06,80.0,44.0,86.4,66.4,91.2,0.84,76.0,False
Chennai,Chennai,2023-04-07,56.0,30.8,60.48,46.48,63.84,0.59,53.2,False
Chennai,Chennai,2023-04-08,87.0,47.85,93.96,72.21,99.18,0.91,82.65,False
Chennai,Chennai,2023-04-09,53.0,29.15,57.24,43.99,60.42,0.56,50.35,False
Chennai,Chennai,2023-04-10,68.0,37.4,73.44,56.44,77.52,0.71,64.6,False
Chennai,Chennai,2023-04-11,59.0,32.45,63.72,48.97,67.26,0.62,56.05,False
Chennai,Chennai,2023-04-12,36.0,19.8,38.88,29.88,41.04,0.38,34.2,False
Chennai,Chennai,2023-04-13,103.0,56.65,111.24,85.49,117.42,1.08,97.85,False
Chennai,Chennai,2023-04-14,98.0,53.9,105.84,81.34,111.72,1.03,93.1,False
Chennai,Chennai,2023-04-15,74.0,40.7,79.92,61.42,84.36,0.78,70.3,False
Chennai,Chennai,2023-04-16,78.0,42.9,84.24,64.74,88.92,0.82,74.1,False
Chennai,Chennai,2023-04-17,84.0,46.2,90.72,69.72,95.76,0.88,79.8,False
Chennai,Chennai,2023-04-18,72.0,39.6,77.76,59.76,82.08,0.76,68.4,False
Chennai,Chennai,2023-04-19,75.0,41.25,81.0,62.25,85.5,0.79,71.25,False
Chennai,Chennai,2023-04-20,70.0,38.5,75.6,58.1,79.8,0.74,66.5,False
Chennai,Chennai,2023-04-21,73.0,40.15,78.84,60.59,83.22,0.77,69.35,False
Chennai,Chennai,2023-04-22,65.0,35.75,70.2,53.95,74.1,0.68,61.75,False
Chennai,Chennai,2023-04-23,60.0,33.0,64.8,49.8,68.4,0.63,57.0,False
Chennai,Chennai,2023-04-24,64.0,35.2,69.12,53.12,72.96,0.67,60.8,False
Chennai,Chennai,2023-04-25,51.0,28.05,55.08,42.33,58.14,0.54,48.45,False
Chennai,Chennai,2023-04-26,62.0,34.1,66.96,51.46,70.68,0.65,58.9,False
Chennai,Chennai,2023-04-27,75.0,41.25,81.0,62.25,85.5,0.79,71.25,False
Chennai,Chennai,2023-04-28,58.0,31.9,62.64,48.14,66.12,0.61,55.1,False
Chennai,Chennai,2023-04-29,54.0,29.7,58.32,44.82,61.56,0.57,51.3,False
Chennai,Chennai,2023-04-30,59.0,32.45,63.72,48.97,67.26,0.62,56.05,False
Chennai,Chennai,2023-05-01,80.0,44.0,86.4,66.4,91.2,0.84,76.0,False
Chennai,Chennai,2023-05-02,113.0,62.15,122.04,93.79,128.82,1.19,107.35,False
Chennai,Chennai,2023-05-03,91.0,50.05,98.28,75.53,103.74,0.96,86.45,False
Chennai,Chennai,2023-05-04,53.0,29.15,57.24,43.99,60.42,0.56,50.35,False
Chennai,Chennai,2023-05-05,62.0,34.1,66.96,51.46,70.68,0.65,58.9,False
Chennai,Chennai,2023-05-06,88.0,48.4,95.04,73.04,100.32,0.92,83.6,False
Chennai,Chennai,2023-05-07,64.0,35.2,69.12,53.12,72.96,0.67,60.8,False
Chennai,Chennai,2023-05-08,79.0,43.45,85.32,65.57,90.06,0.83,75.05,False
Chennai,Chennai,2023-05-09,70.0,38.5,75.6,58.1,79.8,0.74,66.5,False
Chennai,Chennai,2023-05-10,77.0,42.35,83.16,63.91,87.78,0.81,73.15,False
Chennai,Chennai,2023-05-11,33.0,18.15,35.64,27.39,37.62,0.35,31.35,False
Chennai,Chennai,2023-05-13,89.0,48.95,96.12,73.87,101.46,0.93,84.55,False
Chennai,Chennai,2023-05-14,101.0,55.55,109.08,83.83,115.14,1.06,95.95,False
Chennai,Chennai,2023-05-15,92.0,50.6,99.36,76.36,104.88,0.97,87.4,False
Chennai,Chennai,2023-05-16,83.0,45.65,89.64,68.89,94.62,0.87,78.85,False
Chennai,Chennai,2023-05-17,88.0,48.4,95.04,73.04,100.32,0.92,83.6,False
Chennai,Chennai,2023-05-18,71.0,39.05,76.68,58.93,80.94,0.75,67.45,False
Chennai,Chennai,2023-05-19,83.0,45.65,89.64,68.89,94.62,0.87,78.85,False
Chennai,Chennai,2023-05-20,76.0,41.8,82.08,63.08,86.64,0.8,72.2,False
Chennai,Chennai,2023-05-21,65.0,35.75,70.2,53.95,74.1,0.68,61.75,False
Chennai,Chennai,2023-05-22,68.0,37.4,73.44,56.44,77.52,0.71,64.6,False
Chennai,Chennai,2023-05-23,75.0,41.25,81.0,62.25,85.5,0.79,71.25,False
Chennai,Chennai,2023-05-24,72.0,39.6,77.76,59.76,82.08,0.76,68.4,False
Chennai,Chennai,2023-05-25,67.0,36.85,72.36,55.61,76.38,0.7,63.65,False
Chennai,Chennai,2023-05-26,79.0,43.45,85.32,65.57,90.06,0.83,75.05,False
Chennai,Chennai,2023-05-27,75.0,41.25,81.0,62.25,85.5,0.79,71.25,False
Chennai,Chennai,2023-05-28,86.0,47.3,92.88,71.38,98.04,0.9,81.7,False
Chennai,Chennai,2023-05-29,76.0,41.8,82.08,63.08,86.64,0.8,72.2,False
Chennai,Chennai,2023-05-30,70.0,38.5,75.6,58.1,79.8,0.74,66.5,False
Chennai,Chennai,2023-05-31,83.0,45.65,89.64,68.89,94.62,0.87,78.85,False
Chennai,Chennai,2023-06-01,95.0,52.25,102.6,78.85,108.3,1.0,90.25,False
Chennai,Chennai,2023-06-02,108.0,59.4,116.64,89.64,123.12,1.13,102.6,False
Chennai,Chennai,2023-06-03,93.0,51.15,100.44,77.19,106.02,0.98,88.35,False
Chennai,Chennai,2023-06-04,53.0,29.15,57.24,43.99,60.42,0.56,50.35,False
Chennai,Chennai,2023-06-05,64.0,35.2,69.12,53.12,72.96,0.67,60.8,False
Chennai,Chennai,2023-06-06,70.0,38.5,75.6,58.1,79.8,0.74,66.5,False
Chennai,Chennai,2023-06-07,66.0,36.3,71.28,54.78,75.24,0.69,62.7,False
Chennai,Chennai,2023-06-08,78.0,42.9,84.24,64.74,88.92,0.82,74.1,False
Chennai,Chennai,2023-06-09,63.0,34.65,68.04,52.29,71.82,0.66,59.85,False
Chennai,Chennai,2023-06-10,76.0,41.8,82.08,63.08,86.64,0.8,72.2,False
Chennai,Chennai,2023-06-11,40.0,22.0,43.2,33.2,45.6,0.42,38.0,False
Chennai,Chennai,2023-06-13,58.0,31.9,62.64,48.14,66.12,0.61,55.1,False
Chennai,Chennai,2023-06-14,73.0,40.15,78.84,60.59,83.22,0.77,69.35,False
Chennai,Chennai,2023-06-15,84.0,46.2,90.72,69.72,95.76,0.88,79.8,False
Chennai,Chennai,2023-06-16,78.0,42.9,84.24,64.74,88.92,0.82,74.1,False
Chennai,Chennai,2023-06-17,78.0,42.9,84.24,64.74,88.92,0.82,74.1,False
Chennai,Chennai,2023-06-18,66.0,36.3,71.28,54.78,75.24,0.69,62.7,False
Chennai,Chennai,2023-06-19,50.0,27.5,54.0,41.5,57.0,0.53,47.5,False
Chennai,Chennai,2023-06-20,57.0,31.35,61.56,47.31,64.98,0.6,54.15,False
Chennai,Chennai,2023-06-21,62.0,34.1,66.96,51.46,70.68,0.65,58.9,False
Chennai,Chennai,2023-06-22,76.0,41.8,82.08,63.08,86.64,0.8,72.2,False
Chennai,Chennai,2023-06-23,73.0,40.15,78.84,60.59,83.22,0.77,69.35,False
Chennai,Chennai,2023-06-24,62.0,34.1,66.96,51.46,70.68,0.65,58.9,False
Chennai,Chennai,2023-06-25,73.0,40.15,78.84,60.59,83.22,0.77,69.35,False
Chennai,Chennai,2023-06-26,76.0,41.8,82.08,63.08,86.64,0.8,72.2,False
Chennai,Chennai,2023-06-27,64.0,35.2,69.12,53.12,72.96,0.67,60.8,False
Chennai,Chennai,2023-06-28,60.0,33.0,64.8,49.8,68.4,0.63,57.0,False
Chennai,Chennai,2023-06-29,76.0,41.8,82.08,63.08,86.64,0.8,72.2,False
Chennai,Chennai,2023-06-30,57.0,31.35,61.56,47.31,64.98,0.6,54.15,False
Chennai,Chennai,2023-07-01,101.0,55.55,109.08,83.83,115.14,1.06,95.95,False
Chennai,Chennai,2023-07-02,92.0,50.6,99.36,76.36,104.88,0.97,87.4,False
Chennai,Chennai,2023-07-03,91.0,50.05,98.28,75.53,103.74,0.96,86.45,False
Chennai,Chennai,2023-07-04,42.0,23.1,45.36,34.86,47.88,0.44,39.9,False
Chennai,Chennai,2023-07-05,66.0,36.3,71.28,54.78,75.24,0.69,62.7,False
Chennai,Chennai,2023-07-06,72.0,39.6,77.76,59.76,82.08,0.76,68.4,False
Chennai,Chennai,2023-07-07,82.0,45.1,88.56,68.06,93.48,0.86,77.9,False
Chennai,Chennai,2023-07-08,56.0,30.8,60.48,46.48,63.84,0.59,53.2,False
Chennai,Chennai,2023-07-09,71.0,39.05,76.68,58.93,80.94,0.75,67.45,False
Chennai,Chennai,2023-07-10,73.0,40.15,78.84,60.59,83.22,0.77,69.35,False
Chennai,Chennai,2023-07-11,49.0,26.95,52.92,40.67,55.86,0.51,46.55,False
Chennai,Chennai,2023-07-12,38.0,20.9,41.04,31.54,43.32,0.4,36.1,False
Chennai,Chennai,2023-07-13,69.0,37.95,74.52,57.27,78.66,0.72,65.55,False
Chennai,Chennai,2023-07-14,78.0,42.9,84.24,64.74,88.92,0.82,74.1,False
Chennai,Chennai,2023-07-15,77.0,42.35,83.16,63.91,87.78,0.81,73.15,False
Chennai,Chennai,2023-07-16,81.0,44.55,87.48,67.23,92.34,0.85,76.95,False
Chennai,Chennai,2023-07-17,78.0,42.9,84.24,64.74,88.92,0.82,74.1,False
Chennai,Chennai,2023-07-18,96.0,52.8,103.68,79.68,109.44,1.01,91.2,False
Chennai,Chennai,2023-07-19,87.0,47.85,93.96,72.21,99.18,0.91,82.65,False
Chennai,Chennai,2023-07-20,88.0,48.4,95.04,73.04,100.32,0.92,83.6,False
Chennai,Chennai,2023-07-21,107.0,58.85,115.56,88.81,121.98,1.12,101.65,False
Chennai,Chennai,2023-07-22,101.0,55.55,109.08,83.83,115.14,1.06,95.95,False
Chennai,Chennai,2023-07-23,61.0,33.55,65.88,50.63,69.54,0.64,57.95,False
Chennai,Chennai,2023-07-24,67.0,36.85,72.36,55.61,76.38,0.7,63.65,False
Chennai,Chennai,2023-07-25,66.0,36.3,71.28,54.78,75.24,0.69,62.7,False
Chennai,Chennai,2023-07-26,58.0,31.9,62.64,48.14,66.12,0.61,55.1,False
Chennai,Chennai,2023-07-27,64.0,35.2,69.12,53.12,72.96,0.67,60.8,False
Chennai,Chennai,2023-07-28,93.0,51.15,100.44,77.19,106.02,0.98,88.35,False
Chennai,Chennai,2023-07-29,96.0,52.8,103.68,79.68,109.44,1.01,91.2,False
Chennai,Chennai,2023-07-30,85.0,46.75,91.8,70.55,96.9,0.89,80.75,False
Chennai,Chennai,2023-07-31,74.0,40.7,79.92,61.42,84.36,0.78,70.3,False
Chennai,Chennai,2023-08-01,184.0,101.2,198.72,152.72,209.76,1.93,174.8,False
Chennai,Chennai,2023-08-02,95.0,52.25,102.6,78.85,108.3,1.0,90.25,False
Chennai,Chennai,2023-08-03,74.0,40.7,79.92,61.42,84.36,0.78,70.3,False
Chennai,Chennai,2023-08-04,54.0,29.7,58.32,44.82,61.56,0.57,51.3,False
Chennai,Chennai,2023-08-05,65.0,35.75,70.2,53.95,74.1,0.68,61.75,False
Chennai,Chennai,2023-08-06,73.0,40.15,78.84,60.59,83.22,0.77,69.35,False
Chennai,Chennai,2023-08-07,63.0,34.65,68.04,52.29,71.82,0.66,59.85,False
Chennai,Chennai,2023-08-08,66.0,36.3,71.28,54.78,75.24,0.69,62.7,False
Chennai,Chennai,2023-08-09,51.0,28.05,55.08,42.33,58.14,0.54,48.45,False
Chennai,Chennai,2023-08-10,52.0,28.6,56.16,43.16,59.28,0.55,49.4,False
Chennai,Chennai,2023-08-11,73.0,40.15,78.84,60.59,83.22,0.77,69.35,False
Chennai,Chennai,2023-08-12,57.0,31.35,61.56,47.31,64.98,0.6,54.15,False
Chennai,Chennai,2023-08-13,69.0,37.95,74.52,57.27,78.66,0.72,65.55,False
Chennai,Chennai,2023-08-14,54.0,29.7,58.32,44.82,61.56,0.57,51.3,False
Chennai,Chennai,2023-08-15,67.0,36.85,72.36,55.61,76.38,0.7,63.65,False
Chennai,Chennai,2023-08-16,71.0,39.05,76.68,58.93,80.94,0.75,67.45,False
Chennai,Chennai,2023-08-17,77.0,42.35,83.16,63.91,87.78,0.81,73.15,False
Chennai,Chennai,2023-08-18,61.0,33.55,65.88,50.63,69.54,0.64,57.95,False
Chennai,Chennai,2023-08-19,65.0,35.75,70.2,53.95,74.1,0.68,61.75,False
Chennai,Chennai,2023-08-20,62.0,34.1,66.96,51.46,70.68,0.65,58.9,False
Chennai,Chennai,2023-08-21,65.0,35.75,70.2,53.95,74.1,0.68,61.75,False
Chennai,Chennai,2023-08-22,68.0,37.4,73.44,56.44,77.52,0.71,64.6,False
Chennai,Chennai,2023-08-23,74.0,40.7,79.92,61.42,84.36,0.78,70.3,False
Chennai,Chennai,2023-08-24,65.0,35.75,70.2,53.95,74.1,0.68,61.75,False
Chennai,Chennai,2023-08-25,78.0,42.9,84.24,64.74,88.92,0.82,74.1,False
Chennai,Chennai,2023-08-26,68.0,37.4,73.44,56.44,77.52,0.71,64.6,False
Chennai,Chennai,2023-08-27,73.0,40.15,78.84,60.59,83.22,0.77,69.35,False
Chennai,Chennai,2023-08-28,78.0,42.9,84.24,64.74,88.92,0.82,74.1,False
Chennai,Chennai,2023-08-29,66.0,36.3,71.28,54.78,75.24,0.69,62.7,False
Chennai,Chennai,2023-08-30,88.0,48.4,95.04,73.04,100.32,0.92,83.6,False
Chennai,Chennai,2023-08-31,69.0,37.95,74.52,57.27,78.66,0.72,65.55,False
Chennai,Chennai,2023-09-01,118.0,64.9,127.44,97.94,134.52,1.24,112.1,False
Chennai,Chennai,2023-09-02,96.0,52.8,103.68,79.68,109.44,1.01,91.2,False
Chennai,Chennai,2023-09-03,87.0,47.85,93.96,72.21,99.18,0.91,82.65,False
Chennai,Chennai,2023-09-04,56.0,30.8,60.48,46.48,63.84,0.59,53.2,False
Chennai,Chennai,2023-09-05,67.0,36.85,72.36,55.61,76.38,0.7,63.65,False
Chennai,Chennai,2023-09-06,69.0,37.95,74.52,57.27,78.66,0.72,65.55,False
Chennai,Chennai,2023-09-07,73.0,40.15,78.84,60.59,83.22,0.77,69.35,False
Chennai,Chennai,2023-09-08,79.0,43.45,85.32,65.57,90.06,0.83,75.05,False
Chennai,Chennai,2023-09-09,83.0,45.65,89.64,68.89,94.62,0.87,78.85,False
Chennai,Chennai,2023-09-10,47.0,25.85,50.76,39.01,53.58,0.49,44.65,False
Chennai,Chennai,2023-09-11,69.0,37.95,74.52,57.27,78.66,0.72,65.55,False
Chennai,Chennai,2023-09-12,70.0,38.5,75.6,58.1,79.8,0.74,66.5,False
Chennai,Chennai,2023-09-13,57.0,31.35,61.56,47.31,64.98,0.6,54.15,False
Chennai,Chennai,2023-09-14,81.0,44.55,87.48,67.23,92.34,0.85,76.95,False
Chennai,Chennai,2023-09-15,55.0,30.25,59.4,45.65,62.7,0.58,52.25,False
Chennai,Chennai,2023-09-16,54.0,29.7,58.32,44.82,61.56,0.57,51.3,False
Chennai,Chennai,2023-09-17,62.0,34.1,66.96,51.46,70.68,0.65,58.9,False
Chennai,Chennai,2023-09-18,45.0,24.75,48.6,37.35,51.3,0.47,42.75,False
Chennai,Chennai,2023-09-19,50.0,27.5,54.0,41.5,57.0,0.53,47.5,False
Chennai,Chennai,2023-09-20,59.0,32.45,63.72,48.97,67.26,0.62,56.05,False
Chennai,Chennai,2023-09-21,64.0,35.2,69.12,53.12,72.96,0.67,60.8,False
Chennai,Chennai,2023-09-22,54.0,29.7,58.32,44.82,61.56,0.57,51.3,False
Chennai,Chennai,2023-09-23,56.0,30.8,60.48,46.48,63.84,0.59,53.2,False
Chennai,Chennai,2023-09-24,49.0,26.95,52.92,40.67,55.86,0.51,46.55,False
Chennai,Chennai,2023-09-25,49.0,26.95,52.92,40.67,55.86,0.51,46.55,False
Chennai,Chennai,2023-09-26,71.0,39.05,76.68,58.93,80.94,0.75,67.45,False
Chennai,Chennai,2023-09-27,84.0,46.2,90.72,69.72,95.76,0.88,79.8,False
Chennai,Chennai,2023-09-28,49.0,26.95,52.92,40.67,55.86,0.51,46.55,False
Chennai,Chennai,2023-09-29,57.0,31.35,61.56,47.31,64.98,0.6,54.15,False
Chennai,Chennai,2023-09-30,57.0,31.35,61.56,47.31,64.98,0.6,54.15,False
Chennai,Chennai,2023-10-01,140.0,77.0,151.2,116.2,159.6,1.47,133.0,False
Chennai,Chennai,2023-10-02,91.0,50.05,98.28,75.53,103.74,0.96,86.45,False
Chennai,Chennai,2023-10-03,93.0,51.15,100.44,77.19,106.02,0.98,88.35,False
Chennai,Chennai,2023-10-04,60.0,33.0,64.8,49.8,68.4,0.63,57.0,False
Chennai,Chennai,2023-10-05,58.0,31.9,62.64,48.14,66.12,0.61,55.1,False
Chennai,Chennai,2023-10-06,67.0,36.85,72.36,55.61,76.38,0.7,63.65,False
Chennai,Chennai,2023-10-07,48.0,26.4,51.84,39.84,54.72,0.5,45.6,False
Chennai,Chennai,2023-10-08,82.0,45.1,88.56,68.06,93.48,0.86,77.9,False
Chennai,Chennai,2023-10-09,63.0,34.65,68.04,52.29,71.82,0.66,59.85,False
Chennai,Chennai,2023-10-10,52.0,28.6,56.16,43.16,59.28,0.55,49.4,False
Chennai,Chennai,2023-10-11,83.0,45.65,89.64,68.89,94.62,0.87,78.85,False
Chennai,Chennai,2023-10-12,88.0,48.4,95.04,73.04,100.32,0.92,83.6,False
Chennai,Chennai,2023-10-13,79.0,43.45,85.32,65.57,90.06,0.83,75.05,False
Chennai,Chennai,2023-10-14,69.0,37.95,74.52,57.27,78.66,0.72,65.55,False
Chennai,Chennai,2023-10-15,75.0,41.25,81.0,62.25,85.5,0.79,71.25,False
Chennai,Chennai,2023-10-16,73.0,40.15,78.84,60.59,83.22,0.77,69.35,False
Chennai,Chennai,2023-10-17,79.0,43.45,85.32,65.57,90.06,0.83,75.05,False
Chennai,Chennai,2023-10-18,109.0,59.95,117.72,90.47,124.26,1.14,103.55,False
Chennai,Chennai,2023-10-19,120.0,66.0,129.6,99.6,136.8,1.26,114.0,False
Chennai,Chennai,2023-10-20,97.0,53.35,104.76,80.51,110.58,1.02,92.15,False
Chennai,Chennai,2023-10-21,90.0,49.5,97.2,74.7,102.6,0.95,85.5,False
Chennai,Chennai,2023-10-22,82.0,45.1,88.56,68.06,93.48,0.86,77.9,False
Chennai,Chennai,2023-10-23,109.0,59.95,117.72,90.47,124.26,1.14,103.55,False
Chennai,Chennai,2023-10-24,121.0,66.55,130.68,100.43,137.94,1.27,114.95,False
Chennai,Chennai,2023-10-25,127.0,69.85,137.16,105.41,144.78,1.33,120.65,False
Chennai,Chennai,2023-10-26,120.0,66.0,129.6,99.6,136.8,1.26,114.0,False
Chennai,Chennai,2023-10-27,102.0,56.1,110.16,84.66,116.28,1.07,96.9,False
Chennai,Chennai,2023-10-28,67.0,36.85,72.36,55.61,76.38,0.7,63.65,False
Chennai,Chennai,2023-10-29,60.0,33.0,64.8,49.8,68.4,0.63,57.0,False
Chennai,Chennai,2023-10-30,65.0,35.75,70.2,53.95,74.1,0.68,61.75,False
Chennai,Chennai,2023-10-31,129.0,70.95,139.32,107.07,147.06,1.35,122.55,False
Chennai,Chennai,2023-11-01,125.0,68.75,135.0,103.75,142.5,1.31,118.75,False
Chennai,Chennai,2023-11-02,99.0,54.45,106.92,82.17,112.86,1.04,94.05,False
Chennai,Chennai,2023-11-03,94.0,51.7,101.52,78.02,107.16,0.99,89.3,False
Chennai,Chennai,2023-11-04,69.0,37.95,74.52,57.27,78.66,0.72,65.55,False
Chennai,Chennai,2023-11-05,82.0,45.1,88.56,68.06,93.48,0.86,77.9,False
Chennai,Chennai,2023-11-06,67.0,36.85,72.36,55.61,76.38,0.7,63.65,False
Chennai,Chennai,2023-11-07,52.0,28.6,56.16,43.16,59.28,0.55,49.4,False
Chennai,Chennai,2023-11-08,61.0,33.55,65.88,50.63,69.54,0.64,57.95,False
Chennai,Chennai,2023-11-09,54.0,29.7,58.32,44.82,61.56,0.57,51.3,False
Chennai,Chennai,2023-11-10,70.0,38.5,75.6,58.1,79.8,0.74,66.5,False
Chennai,Chennai,2023-11-11,115.0,63.25,124.2,95.45,131.1,1.21,109.25,False
Chennai,Chennai,2023-11-12,82.0,45.1,88.56,68.06,93.48,0.86,77.9,False
Chennai,Chennai,2023-11-13,245.0,134.75,264.6,203.35,279.3,2.57,232.75,True
Chennai,Chennai,2023-11-14,111.0,61.05,119.88,92.13,126.54,1.17,105.45,False
Chennai,Chennai,2023-11-15,66.0,36.3,71.28,54.78,75.24,0.69,62.7,False
Chennai,Chennai,2023-11-16,90.0,49.5,97.2,74.7,102.6,0.95,85.5,False
Chennai,Chennai,2023-11-17,97.0,53.35,104.76,80.51,110.58,1.02,92.15,False
Chennai,Chennai,2023-11-18,57.0,31.35,61.56,47.31,64.98,0.6,54.15,False
Chennai,Chennai,2023-11-19,50.0,27.5,54.0,41.5,57.0,0.53,47.5,False
Chennai,Chennai,2023-11-20,50.0,27.5,54.0,41.5,57.0,0.53,47.5,False
Chennai,Chennai,2023-11-21,55.0,30.25,59.4,45.65,62.7,0.58,52.25,False
Chennai,Chennai,2023-11-22,45.0,24.75,48.6,37.35,51.3,0.47,42.75,False
Chennai,Chennai,2023-11-23,49.0,26.95,52.92,40.67,55.86,0.51,46.55,False
Chennai,Chennai,2023-11-24,41.0,22.55,44.28,34.03,46.74,0.43,38.95,False
Chennai,Chennai,2023-11-25,46.0,25.3,49.68,38.18,52.44,0.48,43.7,False
Chennai,Chennai,2023-11-26,72.0,39.6,77.76,59.76,82.08,0.76,68.4,False
Chennai,Chennai,2023-11-27,51.0,28.05,55.08,42.33,58.14,0.54,48.45,False
Chennai,Chennai,2023-11-28,44.0,24.2,47.52,36.52,50.16,0.46,41.8,False
Chennai,Chennai,2023-11-29,43.0,23.65,46.44,35.69,49.02,0.45,40.85,False
Chennai,Chennai,2023-11-30,41.0,22.55,44.28,34.03,46.74,0.43,38.95,False
Chennai,Chennai,2023-12-01,111.0,61.05,119.88,92.13,126.54,1.17,105.45,False
Chennai,Chennai,2023-12-02,136.0,74.8,146.88,112.88,155.04,1.43,129.2,False
Chennai,Chennai,2023-12-03,90.0,49.5,97.2,74.7,102.6,0.95,85.5,False
Chennai,Chennai,2023-12-04,83.0,45.65,89.64,68.89,94.62,0.87,78.85,False
Chennai,Chennai,2023-12-05,111.0,61.05,119.88,92.13,126.54,1.17,105.45,False
Chennai,Chennai,2023-12-06,54.0,29.7,58.32,44.82,61.56,0.57,51.3,False
Chennai,Chennai,2023-12-07,76.0,41.8,82.08,63.08,86.64,0.8,72.2,False
Chennai,Chennai,2023-12-08,74.0,40.7,79.92,61.42,84.36,0.78,70.3,False
Chennai,Chennai,2023-12-09,63.0,34.65,68.04,52.29,71.82,0.66,59.85,False
Chennai,Chennai,2023-12-10,55.0,30.25,59.4,45.65,62.7,0.58,52.25,False
Chennai,Chennai,2023-12-11,178.0,97.9,192.24,147.74,202.92,1.87,169.1,False
Chennai,Chennai,2023-12-12,70.0,38.5,75.6,58.1,79.8,0.74,66.5,False
Chennai,Chennai,2023-12-13,114.0,62.7,123.12,94.62,129.96,1.2,108.3,False
Chennai,Chennai,2023-12-14,87.0,47.85,93.96,72.21,99.18,0.91,82.65,False
Chennai,Chennai,2023-12-15,110.0,60.5,118.8,91.3,125.4,1.16,104.5,False
Chennai,Chennai,2023-12-16,92.0,50.6,99.36,76.36,104.88,0.97,87.4,False
Chennai,Chennai,2023-12-17,74.0,40.7,79.92,61.42,84.36,0.78,70.3,False
Chennai,Chennai,2023-12-18,77.0,42.35,83.16,63.91,87.78,0.81,73.15,False
Chennai,Chennai,2023-12-19,100.0,55.0,108.0,83.0,114.0,1.05,95.0,False
Chennai,Chennai,2023-12-20,96.0,52.8,103.68,79.68,109.44,1.01,91.2,False
Chennai,Chennai,2023-12-21,140.0,77.0,151.2,116.2,159.6,1.47,133.0,False
Chennai,Chennai,2023-12-22,172.0,94.6,185.76,142.76,196.08,1.81,163.4,False
Chennai,Chennai,2023-12-23,138.0,75.9,149.04,114.54,157.32,1.45,131.1,False
Chennai,Chennai,2023-12-24,130.0,71.5,140.4,107.9,148.2,1.37,123.5,False
Chennai,Chennai,2023-12-25,88.0,48.4,95.04,73.04,100.32,0.92,83.6,False
Chennai,Chennai,2023-12-26,77.0,42.35,83.16,63.91,87.78,0.81,73.15,False
Chennai,Chennai,2023-12-27,74.0,40.7,79.92,61.42,84.36,0.78,70.3,False
Chennai,Chennai,2023-12-28,70.0,38.5,75.6,58.1,79.8,0.74,66.5,False
Chennai,Chennai,2023-12-29,66.0,36.3,71.28,54.78,75.24,0.69,62.7,False
Chennai,Chennai,2023-12-30,71.0,39.05,76.68,58.93,80.94,0.75,67.45,False
Chennai,Chennai,2023-12-31,93.0,51.15,100.44,77.19,106.02,0.98,88.35,False
Chennai,Chennai,2024-01-01,142.0,78.1,153.36,117.86,161.88,1.49,134.9,False
Chennai,Chennai,2024-01-02,55.0,30.25,59.4,45.65,62.7,0.58,52.25,False
Chennai,Chennai,2024-01-03,83.0,45.65,89.64,68.89,94.62,0.87,78.85,False
Chennai,Chennai,2024-01-04,46.0,25.3,49.68,38.18,52.44,0.48,43.7,False
Chennai,Chennai,2024-01-05,59.0,32.45,63.72,48.97,67.26,0.62,56.05,False
Chennai,Chennai,2024-01-06,74.0,40.7,79.92,61.42,84.36,0.78,70.3,False
Chennai,Chennai,2024-01-07,57.0,31.35,61.56,47.31,64.98,0.6,54.15,False
Chennai,Chennai,2024-01-08,78.0,42.9,84.24,64.74,88.92,0.82,74.1,False
Chennai,Chennai,2024-01-09,44.0,24.2,47.52,36.52,50.16,0.46,41.8,False
Chennai,Chennai,2024-01-10,46.0,25.3,49.68,38.18,52.44,0.48,43.7,False
Chennai,Chennai,2024-01-11,142.0,78.1,153.36,117.86,161.88,1.49,134.9,False
Chennai,Chennai,2024-01-12,24.0,13.2,25.92,19.92,27.36,0.25,22.8,False
Chennai,Chennai,2024-01-13,136.0,74.8,146.88,112.88,155.04,1.43,129.2,False
Chennai,Chennai,2024-01-14,231.0,127.05,249.48,191.73,263.34,2.43,219.45,True
Chennai,Chennai,2024-01-15,176.0,96.8,190.08,146.08,200.64,1.85,167.2,False
Chennai,Chennai,2024-01-16,113.0,62.15,122.04,93.79,128.82,1.19,107.35,False
Chennai,Chennai,2024-01-17,78.0,42.9,84.24,64.74,88.92,0.82,74.1,False
Chennai,Chennai,2024-01-18,76.0,41.8,82.08,63.08,86.64,0.8,72.2,False
Chennai,Chennai,2024-01-19,74.0,40.7,79.92,61.42,84.36,0.78,70.3,False
Chennai,Chennai,2024-01-20,81.0,44.55,87.48,67.23,92.34,0.85,76.95,False
Chennai,Chennai,2024-01-21,79.0,43.45,85.32,65.57,90.06,0.83,75.05,False
Chennai,Chennai,2024-01-22,72.0,39.6,77.76,59.76,82.08,0.76,68.4,False
Chennai,Chennai,2024-01-23,99.0,54.45,106.92,82.17,112.86,1.04,94.05,False
Chennai,Chennai,2024-01-24,123.0,67.65,132.84,102.09,140.22,1.29,116.85,False
Chennai,Chennai,2024-01-25,108.0,59.4,116.64,89.64,123.12,1.13,102.6,False
Chennai,Chennai,2024-01-26,108.0,59.4,116.64,89.64,123.12,1.13,102.6,False
Chennai,Chennai,2024-01-27,95.0,52.25,102.6,78.85,108.3,1.0,90.25,False
Chennai,Chennai,2024-01-28,96.0,52.8,103.68,79.68,109.44,1.01,91.2,False
Chennai,Chennai,2024-01-29,122.0,67.1,131.76,101.26,139.08,1.28,115.9,False
Chennai,Chennai,2024-01-30,122.0,67.1,131.76,101.26,139.08,1.28,115.9,False
Chennai,Chennai,2024-01-31,98.0,53.9,105.84,81.34,111.72,1.03,93.1,False
Chennai,Chennai,2024-02-01,101.0,55.55,109.08,83.83,115.14,1.06,95.95,False
Chennai,Chennai,2024-02-02,39.0,21.45,42.12,32.37,44.46,0.41,37.05,False
Chennai,Chennai,2024-02-03,101.0,55.55,109.08,83.83,115.14,1.06,95.95,False
Chennai,Chennai,2024-02-04,56.0,30.8,60.48,46.48,63.84,0.59,53.2,False
Chennai,Chennai,2024-02-05,54.0,29.7,58.32,44.82,61.56,0.57,51.3,False
Chennai,Chennai,2024-02-06,65.0,35.75,70.2,53.95,74.1,0.68,61.75,False
Chennai,Chennai,2024-02-07,70.0,38.5,75.6,58.1,79.8,0.74,66.5,False
Chennai,Chennai,2024-02-08,89.0,48.95,96.12,73.87,101.46,0.93,84.55,False
Chennai,Chennai,2024-02-09,42.0,23.1,45.36,34.86,47.88,0.44,39.9,False
Chennai,Chennai,2024-02-10,55.0,30.25,59.4,45.65,62.7,0.58,52.25,False
Chennai,Chennai,2024-02-11,71.0,39.05,76.68,58.93,80.94,0.75,67.45,False
Chennai,Chennai,2024-02-12,40.0,22.0,43.2,33.2,45.6,0.42,38.0,False
Chennai,Chennai,2024-02-13,68.0,37.4,73.44,56.44,77.52,0.71,64.6,False
Chennai,Chennai,2024-02-14,63.0,34.65,68.04,52.29,71.82,0.66,59.85,False
Chennai,Chennai,2024-02-15,88.0,48.4,95.04,73.04,100.32,0.92,83.6,False
Chennai,Chennai,2024-02-16,84.0,46.2,90.72,69.72,95.76,0.88,79.8,False
Chennai,Chennai,2024-02-17,84.0,46.2,90.72,69.72,95.76,0.88,79.8,False
Chennai,Chennai,2024-02-18,87.0,47.85,93.96,72.21,99.18,0.91,82.65,False
Chennai,Chennai,2024-02-19,86.0,47.3,92.88,71.38,98.04,0.9,81.7,False
Chennai,Chennai,2024-02-20,100.0,55.0,108.0,83.0,114.0,1.05,95.0,False
Chennai,Chennai,2024-02-21,98.0,53.9,105.84,81.34,111.72,1.03,93.1,False
Chennai,Chennai,2024-02-22,89.0,48.95,96.12,73.87,101.46,0.93,84.55,False
Chennai,Chennai,2024-02-23,82.0,45.1,88.56,68.06,93.48,0.86,77.9,False
Chennai,Chennai,2024-02-24,72.0,39.6,77.76,59.76,82.08,0.76,68.4,False
Chennai,Chennai,2024-02-25,69.0,37.95,74.52,57.27,78.66,0.72,65.55,False
Chennai,Chennai,2024-02-26,64.0,35.2,69.12,53.12,72.96,0.67,60.8,False
Chennai,Chennai,2024-02-27,65.0,35.75,70.2,53.95,74.1,0.68,61.75,False
Chennai,Chennai,2024-02-28,72.0,39.6,77.76,59.76,82.08,0.76,68.4,False
Chennai,Chennai,2024-02-29,77.0,42.35,83.16,63.91,87.78,0.81,73.15,False
Chennai,Chennai,2024-03-01,119.0,65.45,128.52,98.77,135.66,1.25,113.05,False
Chennai,Chennai,2024-03-02,69.0,37.95,74.52,57.27,78.66,0.72,65.55,False
Chennai,Chennai,2024-03-03,80.0,44.0,86.4,66.4,91.2,0.84,76.0,False
Chennai,Chennai,2024-03-04,64.0,35.2,69.12,53.12,72.96,0.67,60.8,False
Chennai,Chennai,2024-03-05,62.0,34.1,66.96,51.46,70.68,0.65,58.9,False
Chennai,Chennai,2024-03-06,65.0,35.75,70.2,53.95,74.1,0.68,61.75,False
Chennai,Chennai,2024-03-07,72.0,39.6,77.76,59.76,82.08,0.76,68.4,False
Chennai,Chennai,2024-03-08,72.0,39.6,77.76,59.76,82.08,0.76,68.4,False
Chennai,Chennai,2024-03-09,50.0,27.5,54.0,41.5,57.0,0.53,47.5,False
Chennai,Chennai,2024-03-10,52.0,28.6,56.16,43.16,59.28,0.55,49.4,False
Chennai,Chennai,2024-03-11,72.0,39.6,77.76,59.76,82.08,0.76,68.4,False
Chennai,Chennai,2024-03-12,53.0,29.15,57.24,43.99,60.42,0.56,50.35,False
Chennai,Chennai,2024-03-13,85.0,46.75,91.8,70.55,96.9,0.89,80.75,False
Chennai,Chennai,2024-03-14,88.0,48.4,95.04,73.04,100.32,0.92,83.6,False
Chennai,Chennai,2024-03-15,76.0,41.8,82.08,63.08,86.64,0.8,72.2,False
Chennai,Chennai,2024-03-16,67.0,36.85,72.36,55.61,76.38,0.7,63.65,False
Chennai,Chennai,2024-03-17,54.0,29.7,58.32,44.82,61.56,0.57,51.3,False
Chennai,Chennai,2024-03-18,52.0,28.6,56.16,43.16,59.28,0.55,49.4,False
Chennai,Chennai,2024-03-19,62.0,34.1,66.96,51.46,70.68,0.65,58.9,False
Chennai,Chennai,2024-03-20,83.0,45.65,89.64,68.89,94.62,0.87,78.85,False
Chennai,Chennai,2024-03-21,67.0,36.85,72.36,55.61,76.38,0.7,63.65,False
Chennai,Chennai,2024-03-22,70.0,38.5,75.6,58.1,79.8,0.74,66.5,False
Chennai,Chennai,2024-03-23,73.0,40.15,78.84,60.59,83.22,0.77,69.35,False
Chennai,Chennai,2024-03-24,71.0,39.05,76.68,58.93,80.94,0.75,67.45,False
Chennai,Chennai,2024-03-25,63.0,34.65,68.04,52.29,71.82,0.66,59.85,False
Chennai,Chennai,2024-03-26,64.0,35.2,69.12,53.12,72.96,0.67,60.8,False
Chennai,Chennai,2024-03-27,69.0,37.95,74.52,57.27,78.66,0.72,65.55,False
Chennai,Chennai,2024-03-28,64.0,35.2,69.12,53.12,72.96,0.67,60.8,False
Chennai,Chennai,2024-03-29,58.0,31.9,62.64,48.14,66.12,0.61,55.1,False
Chennai,Chennai,2024-03-30,58.0,31.9,62.64,48.14,66.12,0.61,55.1,False
Chennai,Chennai,2024-03-31,58.0,31.9,62.64,48.14,66.12,0.61,55.1,False
Chennai,Chennai,2024-04-01,107.0,58.85,115.56,88.81,121.98,1.12,101.65,False
Chennai,Chennai,2024-04-02,72.0,39.6,77.76,59.76,82.08,0.76,68.4,False
Chennai,Chennai,2024-04-03,84.0,46.2,90.72,69.72,95.76,0.88,79.8,False
Chennai,Chennai,2024-04-04,66.0,36.3,71.28,54.78,75.24,0.69,62.7,False
Chennai,Chennai,2024-04-05,60.0,33.0,64.8,49.8,68.4,0.63,57.0,False
Chennai,Chennai,2024-04-06,65.0,35.75,70.2,53.95,74.1,0.68,61.75,False
Chennai,Chennai,2024-04-07,57.0,31.35,61.56,47.31,64.98,0.6,54.15,False
Chennai,Chennai,2024-04-08,60.0,33.0,64.8,49.8,68.4,0.63,57.0,False
Chennai,Chennai,2024-04-09,44.0,24.2,47.52,36.52,50.16,0.46,41.8,False
Chennai,Chennai,2024-04-10,69.0,37.95,74.52,57.27,78.66,0.72,65.55,False
Chennai,Chennai,2024-04-11,56.0,30.8,60.48,46.48,63.84,0.59,53.2,False
Chennai,Chennai,2024-04-12,45.0,24.75,48.6,37.35,51.3,0.47,42.75,False
Chennai,Chennai,2024-04-13,62.0,34.1,66.96,51.46,70.68,0.65,58.9,False
Chennai,Chennai,2024-04-14,79.0,43.45,85.32,65.57,90.06,0.83,75.05,False
Chennai,Chennai,2024-04-15,67.0,36.85,72.36,55.61,76.38,0.7,63.65,False
Chennai,Chennai,2024-04-16,69.0,37.95,74.52,57.27,78.66,0.72,65.55,False
Chennai,Chennai,2024-04-17,77.0,42.35,83.16,63.91,87.78,0.81,73.15,False
Chennai,Chennai,2024-04-18,54.0,29.7,58.32,44.82,61.56,0.57,51.3,False
Chennai,Chennai,2024-04-19,57.0,31.35,61.56,47.31,64.98,0.6,54.15,False
Chennai,Chennai,2024-04-20,58.0,31.9,62.64,48.14,66.12,0.61,55.1,False
Chennai,Chennai,2024-04-21,64.0,35.2,69.12,53.12,72.96,0.67,60.8,False
Chennai,Chennai,2024-04-22,56.0,30.8,60.48,46.48,63.84,0.59,53.2,False
Chennai,Chennai,2024-04-23,58.0,31.9,62.64,48.14,66.12,0.61,55.1,False
Chennai,Chennai,2024-04-24,58.0,31.9,62.64,48.14,66.12,0.61,55.1,False
Chennai,Chennai,2024-04-25,56.0,30.8,60.48,46.48,63.84,0.59,53.2,False
Chennai,Chennai,2024-04-26,60.0,33.0,64.8,49.8,68.4,0.63,57.0,False
Chennai,Chennai,2024-04-27,64.0,35.2,69.12,53.12,72.96,0.67,60.8,False
Chennai,Chennai,2024-04-28,58.0,31.9,62.64,48.14,66.12,0.61,55.1,False
Chennai,Chennai,2024-04-29,43.0,23.65,46.44,35.69,49.02,0.45,40.85,False
Chennai,Chennai,2024-04-30,55.0,30.25,59.4,45.65,62.7,0.58,52.25,False
Chennai,Chennai,2024-05-01,92.0,50.6,99.36,76.36,104.88,0.97,87.4,False
Chennai,Chennai,2024-05-02,72.0,39.6,77.76,59.76,82.08,0.76,68.4,False
Chennai,Chennai,2024-05-03,76.0,41.8,82.08,63.08,86.64,0.8,72.2,False
Chennai,Chennai,2024-05-04,62.0,34.1,66.96,51.46,70.68,0.65,58.9,False
Chennai,Chennai,2024-05-05,57.0,31.35,61.56,47.31,64.98,0.6,54.15,False
Chennai,Chennai,2024-05-06,59.0,32.45,63.72,48.97,67.26,0.62,56.05,False
Chennai,Chennai,2024-05-07,63.0,34.65,68.04,52.29,71.82,0.66,59.85,False
Chennai,Chennai,2024-05-08,65.0,35.75,70.2,53.95,74.1,0.68,61.75,False
Chennai,Chennai,2024-05-09,62.0,34.1,66.96,51.46,70.68,0.65,58.9,False
Chennai,Chennai,2024-05-10,58.0,31.9,62.64,48.14,66.12,0.61,55.1,False
Chennai,Chennai,2024-05-11,90.0,49.5,97.2,74.7,102.6,0.95,85.5,False
Chennai,Chennai,2024-05-12,38.0,20.9,41.04,31.54,43.32,0.4,36.1,False
Chennai,Chennai,2024-05-13,67.0,36.85,72.36,55.61,76.38,0.7,63.65,False
Chennai,Chennai,2024-05-14,56.0,30.8,60.48,46.48,63.84,0.59,53.2,False
Chennai,Chennai,2024-05-15,62.0,34.1,66.96,51.46,70.68,0.65,58.9,False
Chennai,Chennai,2024-05-16,55.0,30.25,59.4,45.65,62.7,0.58,52.25,False
Chennai,Chennai,2024-05-17,59.0,32.45,63.72,48.97,67.26,0.62,56.05,False
Chennai,Chennai,2024-05-18,68.0,37.4,73.44,56.44,77.52,0.71,64.6,False
Chennai,Chennai,2024-05-19,63.0,34.65,68.04,52.29,71.82,0.66,59.85,False
Chennai,Chennai,2024-05-20,62.0,34.1,66.96,51.46,70.68,0.65,58.9,False
Chennai,Chennai,2024-05-21,66.0,36.3,71.28,54.78,75.24,0.69,62.7,False
Chennai,Chennai,2024-05-22,51.0,28.05,55.08,42.33,58.14,0.54,48.45,False
Chennai,Chennai,2024-05-23,70.0,38.5,75.6,58.1,79.8,0.74,66.5,False
Chennai,Chennai,2024-05-24,70.0,38.5,75.6,58.1,79.8,0.74,66.5,False
Chennai,Chennai,2024-05-25,77.0,42.35,83.16,63.91,87.78,0.81,73.15,False
Chennai,Chennai,2024-05-26,85.0,46.75,91.8,70.55,96.9,0.89,80.75,False
Chennai,Chennai,2024-05-27,86.0,47.3,92.88,71.38,98.04,0.9,81.7,False
Chennai,Chennai,2024-05-28,97.0,53.35,104.76,80.51,110.58,1.02,92.15,False
Chennai,Chennai,2024-05-29,102.0,56.1,110.16,84.66,116.28,1.07,96.9,False
Chennai,Chennai,2024-05-30,84.0,46.2,90.72,69.72,95.76,0.88,79.8,False
Chennai,Chennai,2024-05-31,85.0,46.75,91.8,70.55,96.9,0.89,80.75,False
Chennai,Chennai,2024-06-01,71.0,39.05,76.68,58.93,80.94,0.75,67.45,False
Chennai,Chennai,2024-06-02,88.0,48.4,95.04,73.04,100.32,0.92,83.6,False
Chennai,Chennai,2024-06-03,90.0,49.5,97.2,74.7,102.6,0.95,85.5,False
Chennai,Chennai,2024-06-04,59.0,32.45,63.72,48.97,67.26,0.62,56.05,False
Chennai,Chennai,2024-06-05,59.0,32.45,63.72,48.97,67.26,0.62,56.05,False
Chennai,Chennai,2024-06-06,59.0,32.45,63.72,48.97,67.26,0.62,56.05,False
Chennai,Chennai,2024-06-07,71.0,39.05,76.68,58.93,80.94,0.75,67.45,False
Chennai,Chennai,2024-06-08,72.0,39.6,77.76,59.76,82.08,0.76,68.4,False
Chennai,Chennai,2024-06-09,55.0,30.25,59.4,45.65,62.7,0.58,52.25,False
Chennai,Chennai,2024-06-10,70.0,38.5,75.6,58.1,79.8,0.74,66.5,False
Chennai,Chennai,2024-06-11,107.0,58.85,115.56,88.81,121.98,1.12,101.65,False
Chennai,Chennai,2024-06-12,56.0,30.8,60.48,46.48,63.84,0.59,53.2,False
Chennai,Chennai,2024-06-13,72.0,39.6,77.76,59.76,82.08,0.76,68.4,False
Chennai,Chennai,2024-06-14,65.0,35.75,70.2,53.95,74.1,0.68,61.75,False
Chennai,Chennai,2024-06-15,76.0,41.8,82.08,63.08,86.64,0.8,72.2,False
Chennai,Chennai,2024-06-16,77.0,42.35,83.16,63.91,87.78,0.81,73.15,False
Chennai,Chennai,2024-06-17,62.0,34.1,66.96,51.46,70.68,0.65,58.9,False
Chennai,Chennai,2024-06-18,64.0,35.2,69.12,53.12,72.96,0.67,60.8,False
Chennai,Chennai,2024-06-19,60.0,33.0,64.8,49.8,68.4,0.63,57.0,False
Chennai,Chennai,2024-06-20,54.0,29.7,58.32,44.82,61.56,0.57,51.3,False
Chennai,Chennai,2024-06-21,58.0,31.9,62.64,48.14,66.12,0.61,55.1,False
Chennai,Chennai,2024-06-22,60.0,33.0,64.8,49.8,68.4,0.63,57.0,False
Chennai,Chennai,2024-06-23,57.0,31.35,61.56,47.31,64.98,0.6,54.15,False
Chennai,Chennai,2024-06-24,59.0,32.45,63.72,48.97,67.26,0.62,56.05,False
Chennai,Chennai,2024-06-25,65.0,35.75,70.2,53.95,74.1,0.68,61.75,False
Chennai,Chennai,2024-06-26,61.0,33.55,65.88,50.63,69.54,0.64,57.95,False
Chennai,Chennai,2024-06-27,60.0,33.0,64.8,49.8,68.4,0.63,57.0,False
Chennai,Chennai,2024-06-28,59.0,32.45,63.72,48.97,67.26,0.62,56.05,False
Chennai,Chennai,2024-06-29,68.0,37.4,73.44,56.44,77.52,0.71,64.6,False
Chennai,Chennai,2024-06-30,67.0,36.85,72.36,55.61,76.38,0.7,63.65,False
Chennai,Chennai,2024-07-01,66.0,36.3,71.28,54.78,75.24,0.69,62.7,False
Chennai,Chennai,2024-07-02,109.0,59.95,117.72,90.47,124.26,1.14,103.55,False
Chennai,Chennai,2024-07-03,81.0,44.55,87.48,67.23,92.34,0.85,76.95,False
Chennai,Chennai,2024-07-04,65.0,35.75,70.2,53.95,74.1,0.68,61.75,False
Chennai,Chennai,2024-07-05,61.0,33.55,65.88,50.63,69.54,0.64,57.95,False
Chennai,Chennai,2024-07-06,62.0,34.1,66.96,51.46,70.68,0.65,58.9,False
Chennai,Chennai,2024-07-07,59.0,32.45,63.72,48.97,67.26,0.62,56.05,False
Chennai,Chennai,2024-07-08,68.0,37.4,73.44,56.44,77.52,0.71,64.6,False
Chennai,Chennai,2024-07-09,67.0,36.85,72.36,55.61,76.38,0.7,63.65,False
Chennai,Chennai,2024-07-10,51.0,28.05,55.08,42.33,58.14,0.54,48.45,False
Chennai,Chennai,2024-07-11,51.0,28.05,55.08,42.33,58.14,0.54,48.45,False
Chennai,Chennai,2024-07-12,44.0,24.2,47.52,36.52,50.16,0.46,41.8,False
Chennai,Chennai,2024-07-13,54.0,29.7,58.32,44.82,61.56,0.57,51.3,False
Chennai,Chennai,2024-07-14,63.0,34.65,68.04,52.29,71.82,0.66,59.85,False
Chennai,Chennai,2024-07-15,54.0,29.7,58.32,44.82,61.56,0.57,51.3,False
Chennai,Chennai,2024-07-16,48.0,26.4,51.84,39.84,54.72,0.5,45.6,False
Chennai,Chennai,2024-07-17,67.0,36.85,72.36,55.61,76.38,0.7,63.65,False
Chennai,Chennai,2024-07-18,62.0,34.1,66.96,51.46,70.68,0.65,58.9,False
Chennai,Chennai,2024-07-19,68.0,37.4,73.44,56.44,77.52,0.71,64.6,False
Chennai,Chennai,2024-07-20,69.0,37.95,74.52,57.27,78.66,0.72,65.55,False
Chennai,Chennai,2024-07-21,95.0,52.25,102.6,78.85,108.3,1.0,90.25,False
Chennai,Chennai,2024-07-22,94.0,51.7,101.52,78.02,107.16,0.99,89.3,False
Chennai,Chennai,2024-07-23,93.0,51.15,100.44,77.19,106.02,0.98,88.35,False
Chennai,Chennai,2024-07-24,69.0,37.95,74.52,57.27,78.66,0.72,65.55,False
Chennai,Chennai,2024-07-25,68.0,37.4,73.44,56.44,77.52,0.71,64.6,False
Chennai,Chennai,2024-07-26,73.0,40.15,78.84,60.59,83.22,0.77,69.35,False
Chennai,Chennai,2024-07-27,77.0,42.35,83.16,63.91,87.78,0.81,73.15,False
Chennai,Chennai,2024-07-28,78.0,42.9,84.24,64.74,88.92,0.82,74.1,False
Chennai,Chennai,2024-07-29,80.0,44.0,86.4,66.4,91.2,0.84,76.0,False
Chennai,Chennai,2024-07-30,77.0,42.35,83.16,63.91,87.78,0.81,73.15,False
Chennai,Chennai,2024-07-31,75.0,41.25,81.0,62.25,85.5,0.79,71.25,False
Chennai,Chennai,2024-08-01,67.0,36.85,72.36,55.61,76.38,0.7,63.65,False
Chennai,Chennai,2024-08-02,93.0,51.15,100.44,77.19,106.02,0.98,88.35,False
Chennai,Chennai,2024-08-03,83.0,45.65,89.64,68.89,94.62,0.87,78.85,False
Chennai,Chennai,2024-08-04,62.0,34.1,66.96,51.46,70.68,0.65,58.9,False
Chennai,Chennai,2024-08-05,62.0,34.1,66.96,51.46,70.68,0.65,58.9,False
Chennai,Chennai,2024-08-06,99.0,54.45,106.92,82.17,112.86,1.04,94.05,False
Chennai,Chennai,2024-08-07,48.0,26.4,51.84,39.84,54.72,0.5,45.6,False
Chennai,Chennai,2024-08-08,64.0,35.2,69.12,53.12,72.96,0.67,60.8,False
Chennai,Chennai,2024-08-09,48.0,26.4,51.84,39.84,54.72,0.5,45.6,False
Chennai,Chennai,2024-08-10,44.0,24.2,47.52,36.52,50.16,0.46,41.8,False
Chennai,Chennai,2024-08-11,50.0,27.5,54.0,41.5,57.0,0.53,47.5,False
Chennai,Chennai,2024-08-12,49.0,26.95,52.92,40.67,55.86,0.51,46.55,False
Chennai,Chennai,2024-08-13,75.0,41.25,81.0,62.25,85.5,0.79,71.25,False
Chennai,Chennai,2024-08-14,76.0,41.8,82.08,63.08,86.64,0.8,72.2,False
Chennai,Chennai,2024-08-15,81.0,44.55,87.48,67.23,92.34,0.85,76.95,False
Chennai,Chennai,2024-08-16,62.0,34.1,66.96,51.46,70.68,0.65,58.9,False
Chennai,Chennai,2024-08-17,66.0,36.3,71.28,54.78,75.24,0.69,62.7,False
Chennai,Chennai,2024-08-18,82.0,45.1,88.56,68.06,93.48,0.86,77.9,False
Chennai,Chennai,2024-08-19,65.0,35.75,70.2,53.95,74.1,0.68,61.75,False
Chennai,Chennai,2024-08-20,60.0,33.0,64.8,49.8,68.4,0.63,57.0,False
Chennai,Chennai,2024-08-21,82.0,45.1,88.56,68.06,93.48,0.86,77.9,False
Chennai,Chennai,2024-08-22,51.0,28.05,55.08,42.33,58.14,0.54,48.45,False
Chennai,Chennai,2024-08-23,53.0,29.15,57.24,43.99,60.42,0.56,50.35,False
Chennai,Chennai,2024-08-24,49.0,26.95,52.92,40.67,55.86,0.51,46.55,False
Chennai,Chennai,2024-08-25,59.0,32.45,63.72,48.97,67.26,0.62,56.05,False
Chennai,Chennai,2024-08-26,47.0,25.85,50.76,39.01,53.58,0.49,44.65,False
Chennai,Chennai,2024-08-27,51.0,28.05,55.08,42.33,58.14,0.54,48.45,False
Chennai,Chennai,2024-08-28,49.0,26.95,52.92,40.67,55.86,0.51,46.55,False
Chennai,Chennai,2024-08-29,47.0,25.85,50.76,39.01,53.58,0.49,44.65,False
Chennai,Chennai,2024-08-30,45.0,24.75,48.6,37.35,51.3,0.47,42.75,False
Chennai,Chennai,2024-08-31,41.0,22.55,44.28,34.03,46.74,0.43,38.95,False
Chennai,Chennai,2024-09-01,80.0,44.0,86.4,66.4,91.2,0.84,76.0,False
Chennai,Chennai,2024-09-02,83.0,45.65,89.64,68.89,94.62,0.87,78.85,False
Chennai,Chennai,2024-09-03,90.0,49.5,97.2,74.7,102.6,0.95,85.5,False
Chennai,Chennai,2024-09-04,62.0,34.1,66.96,51.46,70.68,0.65,58.9,False
Chennai,Chennai,2024-09-05,46.0,25.3,49.68,38.18,52.44,0.48,43.7,False
Chennai,Chennai,2024-09-06,65.0,35.75,70.2,53.95,74.1,0.68,61.75,False
Chennai,Chennai,2024-09-07,57.0,31.35,61.56,47.31,64.98,0.6,54.15,False
Chennai,Chennai,2024-09-08,55.0,30.25,59.4,45.65,62.7,0.58,52.25,False
Chennai,Chennai,2024-09-09,56.0,30.8,60.48,46.48,63.84,0.59,53.2,False
Chennai,Chennai,2024-09-10,35.0,19.25,37.8,29.05,39.9,0.37,33.25,False
Chennai,Chennai,2024-09-11,57.0,31.35,61.56,47.31,64.98,0.6,54.15,False
Chennai,Chennai,2024-09-12,75.0,41.25,81.0,62.25,85.5,0.79,71.25,False
Chennai,Chennai,2024-09-13,53.0,29.15,57.24,43.99,60.42,0.56,50.35,False
Chennai,Chennai,2024-09-14,51.0,28.05,55.08,42.33,58.14,0.54,48.45,False
Chennai,Chennai,2024-09-15,50.0,27.5,54.0,41.5,57.0,0.53,47.5,False
Chennai,Chennai,2024-09-16,47.0,25.85,50.76,39.01,53.58,0.49,44.65,False
Chennai,Chennai,2024-09-17,51.0,28.05,55.08,42.33,58.14,0.54,48.45,False
Chennai,Chennai,2024-09-18,49.0,26.95,52.92,40.67,55.86,0.51,46.55,False
Chennai,Chennai,2024-09-19,72.0,39.6,77.76,59.76,82.08,0.76,68.4,False
Chennai,Chennai,2024-09-20,92.0,50.6,99.36,76.36,104.88,0.97,87.4,False
Chennai,Chennai,2024-09-21,63.0,34.65,68.04,52.29,71.82,0.66,59.85,False
Chennai,Chennai,2024-09-22,56.0,30.8,60.48,46.48,63.84,0.59,53.2,False
Chennai,Chennai,2024-09-23,51.0,28.05,55.08,42.33,58.14,0.54,48.45,False
Chennai,Chennai,2024-09-24,59.0,32.45,63.72,48.97,67.26,0.62,56.05,False
Chennai,Chennai,2024-09-25,58.0,31.9,62.64,48.14,66.12,0.61,55.1,False
Chennai,Chennai,2024-09-26,56.0,30.8,60.48,46.48,63.84,0.59,53.2,False
Chennai,Chennai,2024-09-27,67.0,36.85,72.36,55.61,76.38,0.7,63.65,False
Chennai,Chennai,2024-09-28,72.0,39.6,77.76,59.76,82.08,0.76,68.4,False
Chennai,Chennai,2024-09-29,51.0,28.05,55.08,42.33,58.14,0.54,48.45,False
Chennai,Chennai,2024-09-30,44.0,24.2,47.52,36.52,50.16,0.46,41.8,False
Chennai,Chennai,2024-10-01,81.0,44.55,87.48,67.23,92.34,0.85,76.95,False
Chennai,Chennai,2024-10-02,85.0,46.75,91.8,70.55,96.9,0.89,80.75,False
Chennai,Chennai,2024-10-03,78.0,42.9,84.24,64.74,88.92,0.82,74.1,False
Chennai,Chennai,2024-10-04,75.0,41.25,81.0,62.25,85.5,0.79,71.25,False
Chennai,Chennai,2024-10-05,51.0,28.05,55.08,42.33,58.14,0.54,48.45,False
Chennai,Chennai,2024-10-06,97.0,53.35,104.76,80.51,110.58,1.02,92.15,False
Chennai,Chennai,2024-10-07,68.0,37.4,73.44,56.44,77.52,0.71,64.6,False
Chennai,Chennai,2024-10-08,72.0,39.6,77.76,59.76,82.08,0.76,68.4,False
Chennai,Chennai,2024-10-09,55.0,30.25,59.4,45.65,62.7,0.58,52.25,False
Chennai,Chennai,2024-10-10,37.0,20.35,39.96,30.71,42.18,0.39,35.15,False
Chennai,Chennai,2024-10-11,85.0,46.75,91.8,70.55,96.9,0.89,80.75,False
Chennai,Chennai,2024-10-12,89.0,48.95,96.12,73.87,101.46,0.93,84.55,False
Chennai,Chennai,2024-10-13,30.0,16.5,32.4,24.9,34.2,0.32,28.5,False
Chennai,Chennai,2024-10-14,36.0,19.8,38.88,29.88,41.04,0.38,34.2,False
Chennai,Chennai,2024-10-15,45.0,24.75,48.6,37.35,51.3,0.47,42.75,False
Chennai,Chennai,2024-10-16,50.0,27.5,54.0,41.5,57.0,0.53,47.5,False
Chennai,Chennai,2024-10-17,43.0,23.65,46.44,35.69,49.02,0.45,40.85,False
Chennai,Chennai,2024-10-18,66.0,36.3,71.28,54.78,75.24,0.69,62.7,False
Chennai,Chennai,2024-10-19,64.0,35.2,69.12,53.12,72.96,0.67,60.8,False
Chennai,Chennai,2024-10-20,51.0,28.05,55.08,42.33,58.14,0.54,48.45,False
Chennai,Chennai,2024-10-21,44.0,24.2,47.52,36.52,50.16,0.46,41.8,False
Chennai,Chennai,2024-10-22,55.0,30.25,59.4,45.65,62.7,0.58,52.25,False
Chennai,Chennai,2024-10-23,69.0,37.95,74.52,57.27,78.66,0.72,65.55,False
Chennai,Chennai,2024-10-24,102.0,56.1,110.16,84.66,116.28,1.07,96.9,False
Chennai,Chennai,2024-10-25,102.0,56.1,110.16,84.66,116.28,1.07,96.9,False
Chennai,Chennai,2024-10-26,92.0,50.6,99.36,76.36,104.88,0.97,87.4,False
Chennai,Chennai,2024-10-27,119.0,65.45,128.52,98.77,135.66,1.25,113.05,False
Chennai,Chennai,2024-10-28,131.0,72.05,141.48,108.73,149.34,1.38,124.45,False
Chennai,Chennai,2024-10-29,90.0,49.5,97.2,74.7,102.6,0.95,85.5,False
Chennai,Chennai,2024-10-30,117.0,64.35,126.36,97.11,133.38,1.23,111.15,False
Chennai,Chennai,2024-10-31,213.0,117.15,230.04,176.79,242.82,2.24,202.35,True
Chennai,Chennai,2024-11-01,94.0,51.7,101.52,78.02,107.16,0.99,89.3,False
Chennai,Chennai,2024-11-02,100.0,55.0,108.0,83.0,114.0,1.05,95.0,False
Chennai,Chennai,2024-11-03,77.0,42.35,83.16,63.91,87.78,0.81,73.15,False
Chennai,Chennai,2024-11-04,63.0,34.65,68.04,52.29,71.82,0.66,59.85,False
Chennai,Chennai,2024-11-05,56.0,30.8,60.48,46.48,63.84,0.59,53.2,False
Chennai,Chennai,2024-11-06,74.0,40.7,79.92,61.42,84.36,0.78,70.3,False
Chennai,Chennai,2024-11-07,69.0,37.95,74.52,57.27,78.66,0.72,65.55,False
Chennai,Chennai,2024-11-08,72.0,39.6,77.76,59.76,82.08,0.76,68.4,False
Chennai,Chennai,2024-11-09,62.0,34.1,66.96,51.46,70.68,0.65,58.9,False
Chennai,Chennai,2024-11-10,51.0,28.05,55.08,42.33,58.14,0.54,48.45,False
Chennai,Chennai,2024-11-11,99.0,54.45,106.92,82.17,112.86,1.04,94.05,False
Chennai,Chennai,2024-11-12,76.0,41.8,82.08,63.08,86.64,0.8,72.2,False
Chennai,Chennai,2024-11-13,42.0,23.1,45.36,34.86,47.88,0.44,39.9,False
Chennai,Chennai,2024-11-14,44.0,24.2,47.52,36.52,50.16,0.46,41.8,False
Chennai,Chennai,2024-11-15,45.0,24.75,48.6,37.35,51.3,0.47,42.75,False
Chennai,Chennai,2024-11-16,53.0,29.15,57.24,43.99,60.42,0.56,50.35,False
Chennai,Chennai,2024-11-17,124.0,68.2,133.92,102.92,141.36,1.3,117.8,False
Chennai,Chennai,2024-11-18,124.0,68.2,133.92,102.92,141.36,1.3,117.8,False
Chennai,Chennai,2024-11-19,126.0,69.3,136.08,104.58,143.64,1.32,119.7,False
Chennai,Chennai,2024-11-20,112.0,61.6,120.96,92.96,127.68,1.18,106.4,False
Chennai,Chennai,2024-11-21,114.0,62.7,123.12,94.62,129.96,1.2,108.3,False
Chennai,Chennai,2024-11-22,134.0,73.7,144.72,111.22,152.76,1.41,127.3,False
Chennai,Chennai,2024-11-23,138.0,75.9,149.04,114.54,157.32,1.45,131.1,False
Chennai,Chennai,2024-11-24,88.0,48.4,95.04,73.04,100.32,0.92,83.6,False
Chennai,Chennai,2024-11-25,114.0,62.7,123.12,94.62,129.96,1.2,108.3,False
Chennai,Chennai,2024-11-26,129.0,70.95,139.32,107.07,147.06,1.35,122.55,False
Chennai,Chennai,2024-11-27,133.0,73.15,143.64,110.39,151.62,1.4,126.35,False
Chennai,Chennai,2024-11-28,134.0,73.7,144.72,111.22,152.76,1.41,127.3,False
Chennai,Chennai,2024-11-29,103.0,56.65,111.24,85.49,117.42,1.08,97.85,False
Chennai,Chennai,2024-11-30,64.0,35.2,69.12,53.12,72.96,0.67,60.8,False
Chennai,Chennai,2024-12-01,114.0,62.7,123.12,94.62,129.96,1.2,108.3,False
Chennai,Chennai,2024-12-02,69.0,37.95,74.52,57.27,78.66,0.72,65.55,False
Chennai,Chennai,2024-12-03,77.0,42.35,83.16,63.91,87.78,0.81,73.15,False
Chennai,Chennai,2024-12-04,61.0,33.55,65.88,50.63,69.54,0.64,57.95,False
Chennai,Chennai,2024-12-05,50.0,27.5,54.0,41.5,57.0,0.53,47.5,False
Chennai,Chennai,2024-12-06,64.0,35.2,69.12,53.12,72.96,0.67,60.8,False
Chennai,Chennai,2024-12-07,73.0,40.15,78.84,60.59,83.22,0.77,69.35,False
Chennai,Chennai,2024-12-08,72.0,39.6,77.76,59.76,82.08,0.76,68.4,False
Chennai,Chennai,2024-12-09,58.0,31.9,62.64,48.14,66.12,0.61,55.1,False
Chennai,Chennai,2024-12-10,30.0,16.5,32.4,24.9,34.2,0.32,28.5,False
Chennai,Chennai,2024-12-11,60.0,33.0,64.8,49.8,68.4,0.63,57.0,False
Chennai,Chennai,2024-12-12,46.0,25.3,49.68,38.18,52.44,0.48,43.7,False
Chennai,Chennai,2024-12-13,80.0,44.0,86.4,66.4,91.2,0.84,76.0,False
Chennai,Chennai,2024-12-14,96.0,52.8,103.68,79.68,109.44,1.01,91.2,False
Chennai,Chennai,2024-12-15,81.0,44.55,87.48,67.23,92.34,0.85,76.95,False
Chennai,Chennai,2024-12-16,99.0,54.45,106.92,82.17,112.86,1.04,94.05,False
Chennai,Chennai,2024-12-17,97.0,53.35,104.76,80.51,110.58,1.02,92.15,False
Chennai,Chennai,2024-12-18,120.0,66.0,129.6,99.6,136.8,1.26,114.0,False
Chennai,Chennai,2024-12-19,85.0,46.75,91.8,70.55,96.9,0.89,80.75,False
Chennai,Chennai,2024-12-20,47.0,25.85,50.76,39.01,53.58,0.49,44.65,False
Chennai,Chennai,2024-12-21,50.0,27.5,54.0,41.5,57.0,0.53,47.5,False
Chennai,Chennai,2024-12-22,41.0,22.55,44.28,34.03,46.74,0.43,38.95,False
Chennai,Chennai,2024-12-23,46.0,25.3,49.68,38.18,52.44,0.48,43.7,False
Chennai,Chennai,2024-12-24,39.0,21.45,42.12,32.37,44.46,0.41,37.05,False
Chennai,Chennai,2024-12-25,44.0,24.2,47.52,36.52,50.16,0.46,41.8,False
Chennai,Chennai,2024-12-26,41.0,22.55,44.28,34.03,46.74,0.43,38.95,False
Chennai,Chennai,2024-12-27,36.0,19.8,38.88,29.88,41.04,0.38,34.2,False
Chennai,Chennai,2024-12-28,55.0,30.25,59.4,45.65,62.7,0.58,52.25,False
Chennai,Chennai,2024-12-29,79.0,43.45,85.32,65.57,90.06,0.83,75.05,False
Chennai,Chennai,2024-12-30,96.0,52.8,103.68,79.68,109.44,1.01,91.2,False
Chennai,Chennai,2024-12-31,104.0,57.2,112.32,86.32,118.56,1.09,98.8,False
Mumbai,India,2018-01-01,267.0,146.85,288.36,221.61,304.38,2.8,253.65,True
Mumbai,India,2018-01-03,282.0,155.1,304.56,234.06,321.48,2.96,267.9,True
Mumbai,India,2018-01-04,188.0,103.4,203.04,156.04,214.32,1.97,178.6,False
Mumbai,India,2018-01-08,73.0,40.15,78.84,60.59,83.22,0.77,69.35,False
Mumbai,India,2018-01-09,67.0,36.85,72.36,55.61,76.38,0.7,63.65,False
Mumbai,India,2018-01-10,109.0,59.95,117.72,90.47,124.26,1.14,103.55,False
Mumbai,India,2018-01-11,100.0,55.0,108.0,83.0,114.0,1.05,95.0,False
Mumbai,India,2018-01-12,167.0,91.85,180.36,138.61,190.38,1.75,158.65,False
Mumbai,India,2018-01-13,238.0,130.9,257.04,197.54,271.32,2.5,226.1,True
Mumbai,India,2018-01-14,240.0,132.0,259.2,199.2,273.6,2.52,228.0,True
Mumbai,India,2018-01-15,255.0,140.25,275.4,211.65,290.7,2.68,242.25,True
Mumbai,India,2018-01-16,201.0,110.55,217.08,166.83,229.14,2.11,190.95,True
Mumbai,India,2018-01-17,167.0,91.85,180.36,138.61,190.38,1.75,158.65,False
Mumbai,India,2018-01-18,156.0,85.8,168.48,129.48,177.84,1.64,148.2,False
Mumbai,India,2018-01-19,172.0,94.6,185.76,142.76,196.08,1.81,163.4,False
Mumbai,India,2018-01-20,180.0,99.0,194.4,149.4,205.2,1.89,171.0,False
Mumbai,India,2018-01-21,152.0,83.6,164.16,126.16,173.28,1.6,144.4,False
Mumbai,India,2018-01-22,187.0,102.85,201.96,155.21,213.18,1.96,177.65,False
Mumbai,India,2018-01-23,170.0,93.5,183.6,141.1,193.8,1.79,161.5,False
Mumbai,India,2018-02-01,235.0,129.25,253.8,195.05,267.9,2.47,223.25,True
Mumbai,India,2018-02-03,340.0,187.0,367.2,282.2,387.6,3.57,323.0,True
Mumbai,India,2018-02-04,146.0,80.3,157.68,121.18,166.44,1.53,138.7,False
Mumbai,India,2018-02-09,66.0,36.3,71.28,54.78,75.24,0.69,62.7,False
Mumbai,India,2018-02-10,144.0,79.2,155.52,119.52,164.16,1.51,136.8,False
Mumbai,India,2018-02-12,183.0,100.65,197.64,151.89,208.62,1.92,173.85,False
Mumbai,India,2018-02-13,118.0,64.9,127.44,97.94,134.52,1.24,112.1,False
Mumbai,India,2018-02-14,207.0,113.85,223.56,171.81,235.98,2.17,196.65,True
Mumbai,India,2018-02-15,125.0,68.75,135.0,103.75,142.5,1.31,118.75,False
Mumbai,India,2018-02-16,171.0,94.05,184.68,141.93,194.94,1.8,162.45,False
Mumbai,India,2018-02-17,142.0,78.1,153.36,117.86,161.88,1.49,134.9,False
Mumbai,India,2018-02-18,145.0,79.75,156.6,120.35,165.3,1.52,137.75,False
Mumbai,India,2018-02-19,184.0,101.2,198.72,152.72,209.76,1.93,174.8,False
Mumbai,India,2018-02-20,210.0,115.5,226.8,174.3,239.4,2.21,199.5,True
Mumbai,India,2018-02-21,197.0,108.35,212.76,163.51,224.58,2.07,187.15,True
Mumbai,India,2018-02-22,233.0,128.15,251.64,193.39,265.62,2.45,221.35,True
Mumbai,India,2018-02-23,209.0,114.95,225.72,173.47,238.26,2.19,198.55,True
Mumbai,India,2018-02-24,212.0,116.6,228.96,175.96,241.68,2.23,201.4,True
Mumbai,India,2018-02-25,207.0,113.85,223.56,171.81,235.98,2.17,196.65,True
Mumbai,India,2018-02-26,229.0,125.95,247.32,190.07,261.06,2.4,217.55,True
Mumbai,India,2018-02-27,270.0,148.5,291.6,224.1,307.8,2.84,256.5,True
Mumbai,India,2018-02-28,290.0,159.5,313.2,240.7,330.6,3.05,275.5,True
Mumbai,India,2018-03-01,289.0,158.95,312.12,239.87,329.46,3.03,274.55,True
Mumbai,India,2018-03-03,336.0,184.8,362.88,278.88,383.04,3.53,319.2,True
Mumbai,India,2018-03-04,98.0,53.9,105.84,81.34,111.72,1.03,93.1,False
Mumbai,India,2018-03-08,79.0,43.45,85.32,65.57,90.06,0.83,75.05,False
Mumbai,India,2018-03-09,64.0,35.2,69.12,53.12,72.96,0.67,60.8,False
Mumbai,India,2018-03-10,130.0,71.5,140.4,107.9,148.2,1.37,123.5,False
Mumbai,India,2018-03-11,149.0,81.95,160.92,123.67,169.86,1.56,141.55,False
Mumbai,India,2018-03-12,204.0,112.2,220.32,169.32,232.56,2.14,193.8,True
Mumbai,India,2018-03-13,131.0,72.05,141.48,108.73,149.34,1.38,124.45,False
Mumbai,India,2018-03-14,114.0,62.7,123.12,94.62,129.96,1.2,108.3,False
Mumbai,India,2018-03-15,106.0,58.3,114.48,87.98,120.84,1.11,100.7,False
Mumbai,India,2018-03-16,171.0,94.05,184.68,141.93,194.94,1.8,162.45,False
Mumbai,India,2018-03-17,179.0,98.45,193.32,148.57,204.06,1.88,170.05,False
Mumbai,India,2018-03-18,126.0,69.3,136.08,104.58,143.64,1.32,119.7,False
Mumbai,India,2018-03-19,93.0,51.15,100.44,77.19,106.02,0.98,88.35,False
Mumbai,India,2018-03-20,128.0,70.4,138.24,106.24,145.92,1.34,121.6,False
Mumbai,India,2018-03-21,99.0,54.45,106.92,82.17,112.86,1.04,94.05,False
Mumbai,India,2018-03-22,139.0,76.45,150.12,115.37,158.46,1.46,132.05,False
Mumbai,India,2018-03-23,169.0,92.95,182.52,140.27,192.66,1.77,160.55,False
Mumbai,India,2018-03-24,150.0,82.5,162.0,124.5,171.0,1.58,142.5,False
Mumbai,India,2018-03-25,209.0,114.95,225.72,173.47,238.26,2.19,198.55,True
Mumbai,India,2018-03-26,235.0,129.25,253.8,195.05,267.9,2.47,223.25,True
Mumbai,India,2018-03-27,227.0,124.85,245.16,188.41,258.78,2.38,215.65,True
Mumbai,India,2018-03-28,460.0,253.0,496.8,381.8,524.4,4.83,437.0,True
Mumbai,India,2018-03-29,142.0,78.1,153.36,117.86,161.88,1.49,134.9,False
Mumbai,India,2018-03-30,164.0,90.2,177.12,136.12,186.96,1.72,155.8,False
Mumbai,India,2018-03-31,201.0,110.55,217.08,166.83,229.14,2.11,190.95,True
Mumbai,India,2018-04-01,319.0,175.45,344.52,264.77,363.66,3.35,303.05,True
Mumbai,India,2018-04-03,156.0,85.8,168.48,129.48,177.84,1.64,148.2,False
Mumbai,India,2018-04-04,88.0,48.4,95.04,73.04,100.32,0.92,83.6,False
Mumbai,India,2018-04-08,66.0,36.3,71.28,54.78,75.24,0.69,62.7,False
Mumbai,India,2018-04-09,68.0,37.4,73.44,56.44,77.52,0.71,64.6,False
Mumbai,India,2018-04-10,123.0,67.65,132.84,102.09,140.22,1.29,116.85,False
Mumbai,India,2018-04-11,423.0,232.65,456.84,351.09,482.22,4.44,401.85,True
Mumbai,India,2018-04-12,194.0,106.7,209.52,161.02,221.16,2.04,184.3,False
Mumbai,India,2018-04-13,92.0,50.6,99.36,76.36,104.88,0.97,87.4,False
Mumbai,India,2018-04-14,93.0,51.15,100.44,77.19,106.02,0.98,88.35,False
Mumbai,India,2018-04-15,83.0,45.65,89.64,68.89,94.62,0.87,78.85,False
Mumbai,India,2018-04-16,86.0,47.3,92.88,71.38,98.04,0.9,81.7,False
Mumbai,India,2018-04-17,101.0,55.55,109.08,83.83,115.14,1.06,95.95,False
Mumbai,India,2018-04-18,100.0,55.0,108.0,83.0,114.0,1.05,95.0,False
Mumbai,India,2018-05-01,205.0,112.75,221.4,170.15,233.7,2.15,194.75,True
Mumbai,India,2018-05-03,121.0,66.55,130.68,100.43,137.94,1.27,114.95,False
Mumbai,India,2018-05-04,98.0,53.9,105.84,81.34,111.72,1.03,93.1,False
Mumbai,India,2018-05-08,60.0,33.0,64.8,49.8,68.4,0.63,57.0,False
Mumbai,India,2018-05-09,66.0,36.3,71.28,54.78,75.24,0.69,62.7,False
Mumbai,India,2018-05-10,127.0,69.85,137.16,105.41,144.78,1.33,120.65,False
Mumbai,India,2018-05-11,275.0,151.25,297.0,228.25,313.5,2.89,261.25,True
Mumbai,India,2018-05-12,190.0,104.5,205.2,157.7,216.6,2.0,180.5,False
Mumbai,India,2018-05-16,62.0,34.1,66.96,51.46,70.68,0.65,58.9,False
Mumbai,India,2018-05-17,80.0,44.0,86.4,66.4,91.2,0.84,76.0,False
Mumbai,India,2018-05-18,82.0,45.1,88.56,68.06,93.48,0.86,77.9,False
Mumbai,India,2018-06-01,232.0,127.6,250.56,192.56,264.48,2.44,220.4,True
Mumbai,India,2018-06-03,136.0,74.8,146.88,112.88,155.04,1.43,129.2,False
Mumbai,India,2018-06-04,112.0,61.6,120.96,92.96,127.68,1.18,106.4,False
Mumbai,India,2018-06-08,65.0,35.75,70.2,53.95,74.1,0.68,61.75,False
Mumbai,India,2018-06-09,81.0,44.55,87.48,67.23,92.34,0.85,76.95,False
Mumbai,India,2018-06-10,116.0,63.8,125.28,96.28,132.24,1.22,110.2,False
Mumbai,India,2018-06-11,395.0,217.25,426.6,327.85,450.3,4.15,375.25,True
Mumbai,India,2018-06-12,243.0,133.65,262.44,201.69,277.02,2.55,230.85,True
Mumbai,India,2018-06-18,86.0,47.3,92.88,71.38,98.04,0.9,81.7,False
Mumbai,India,2018-07-01,147.0,80.85,158.76,122.01,167.58,1.54,139.65,False
Mumbai,India,2018-07-02,239.0,131.45,258.12,198.37,272.46,2.51,227.05,True
Mumbai,India,2018-07-03,125.0,68.75,135.0,103.75,142.5,1.31,118.75,False
Mumbai,India,2018-07-04,108.0,59.4,116.64,89.64,123.12,1.13,102.6,False
Mumbai,India,2018-07-08,66.0,36.3,71.28,54.78,75.24,0.69,62.7,False
Mumbai,India,2018-07-09,93.0,51.15,100.44,77.19,106.02,0.98,88.35,False
Mumbai,India,2018-07-10,109.0,59.95,117.72,90.47,124.26,1.14,103.55,False
Mumbai,India,2018-07-11,185.0,101.75,199.8,153.55,210.9,1.94,175.75,False
Mumbai,India,2018-07-12,182.0,100.1,196.56,151.06,207.48,1.91,172.9,False
Mumbai,India,2018-08-01,183.0,100.65,197.64,151.89,208.62,1.92,173.85,False
Mumbai,India,2018-08-02,349.0,191.95,376.92,289.67,397.86,3.66,331.55,True
Mumbai,India,2018-08-03,153.0,84.15,165.24,126.99,174.42,1.61,145.35,False
Mumbai,India,2018-08-04,112.0,61.6,120.96,92.96,127.68,1.18,106.4,False
Mumbai,India,2018-08-08,65.0,35.75,70.2,53.95,74.1,0.68,61.75,False
Mumbai,India,2018-08-09,109.0,59.95,117.72,90.47,124.26,1.14,103.55,False
Mumbai,India,2018-08-10,131.0,72.05,141.48,108.73,149.34,1.38,124.45,False
Mumbai,India,2018-08-11,156.0,85.8,168.48,129.48,177.84,1.64,148.2,False
Mumbai,India,2018-08-12,193.0,106.15,208.44,160.19,220.02,2.03,183.35,False
Mumbai,India,2018-08-14,417.0,229.35,450.36,346.11,475.38,4.38,396.15,True
Mumbai,India,2018-08-15,94.0,51.7,101.52,78.02,107.16,0.99,89.3,False
Mumbai,India,2018-08-16,100.0,55.0,108.0,83.0,114.0,1.05,95.0,False
Mumbai,India,2018-08-17,82.0,45.1,88.56,68.06,93.48,0.86,77.9,False
Mumbai,India,2018-08-18,76.0,41.8,82.08,63.08,86.64,0.8,72.2,False
Mumbai,India,2018-08-19,82.0,45.1,88.56,68.06,93.48,0.86,77.9,False
Mumbai,India,2018-08-20,75.0,41.25,81.0,62.25,85.5,0.79,71.25,False
Mumbai,India,2018-08-21,82.0,45.1,88.56,68.06,93.48,0.86,77.9,False
Mumbai,India,2018-08-22,66.0,36.3,71.28,54.78,75.24,0.69,62.7,False
Mumbai,India,2018-08-23,73.0,40.15,78.84,60.59,83.22,0.77,69.35,False
Mumbai,India,2018-08-25,67.0,36.85,72.36,55.61,76.38,0.7,63.65,False
Mumbai,India,2018-08-26,70.0,38.5,75.6,58.1,79.8,0.74,66.5,False
Mumbai,India,2018-08-27,76.0,41.8,82.08,63.08,86.64,0.8,72.2,False
Mumbai,India,2018-08-28,78.0,42.9,84.24,64.74,88.92,0.82,74.1,False
Mumbai,India,2018-08-29,78.0,42.9,84.24,64.74,88.92,0.82,74.1,False
Mumbai,India,2018-08-30,74.0,40.7,79.92,61.42,84.36,0.78,70.3,False
Mumbai,India,2018-08-31,69.0,37.95,74.52,57.27,78.66,0.72,65.55,False
Mumbai,India,2018-09-01,266.0,146.3,287.28,220.78,303.24,2.79,252.7,True
Mumbai,India,2018-09-02,133.0,73.15,143.64,110.39,151.62,1.4,126.35,False
Mumbai,India,2018-09-03,153.0,84.15,165.24,126.99,174.42,1.61,145.35,False
Mumbai,India,2018-09-08,65.0,35.75,70.2,53.95,74.1,0.68,61.75,False
Mumbai,India,2018-09-09,94.0,51.7,101.52,78.02,107.16,0.99,89.3,False
Mumbai,India,2018-09-10,165.0,90.75,178.2,136.95,188.1,1.73,156.75,False
Mumbai,India,2018-09-12,187.0,102.85,201.96,155.21,213.18,1.96,177.65,False
Mumbai,India,2018-09-13,103.0,56.65,111.24,85.49,117.42,1.08,97.85,False
Mumbai,India,2018-09-14,110.0,60.5,118.8,91.3,125.4,1.16,104.5,False
Mumbai,India,2018-09-15,112.0,61.6,120.96,92.96,127.68,1.18,106.4,False
Mumbai,India,2018-09-16,72.0,39.6,77.76,59.76,82.08,0.76,68.4,False
Mumbai,India,2018-09-17,109.0,59.95,117.72,90.47,124.26,1.14,103.55,False
Mumbai,India,2018-09-18,142.0,78.1,153.36,117.86,161.88,1.49,134.9,False
Mumbai,India,2018-09-19,73.0,40.15,78.84,60.59,83.22,0.77,69.35,False
Mumbai,India,2018-09-20,84.0,46.2,90.72,69.72,95.76,0.88,79.8,False
Mumbai,India,2018-09-21,106.0,58.3,114.48,87.98,120.84,1.11,100.7,False
Mumbai,India,2018-09-23,94.0,51.7,101.52,78.02,107.16,0.99,89.3,False
Mumbai,India,2018-09-24,90.0,49.5,97.2,74.7,102.6,0.95,85.5,False
Mumbai,India,2018-09-25,124.0,68.2,133.92,102.92,141.36,1.3,117.8,False
Mumbai,India,2018-09-26,111.0,61.05,119.88,92.13,126.54,1.17,105.45,False
Mumbai,India,2018-09-27,142.0,78.1,153.36,117.86,161.88,1.49,134.9,False
Mumbai,India,2018-10-01,286.0,157.3,308.88,237.38,326.04,3.0,271.7,True
Mumbai,India,2018-10-02,138.0,75.9,149.04,114.54,157.32,1.45,131.1,False
Mumbai,India,2018-10-03,106.0,58.3,114.48,87.98,120.84,1.11,100.7,False
Mumbai,India,2018-10-04,115.0,63.25,124.2,95.45,131.1,1.21,109.25,False
Mumbai,India,2018-10-08,63.0,34.65,68.04,52.29,71.82,0.66,59.85,False
Mumbai,India,2018-10-09,87.0,47.85,93.96,72.21,99.18,0.91,82.65,False
Mumbai,India,2018-10-11,170.0,93.5,183.6,141.1,193.8,1.79,161.5,False
Mumbai,India,2018-10-12,173.0,95.15,186.84,143.59,197.22,1.82,164.35,False
Mumbai,India,2018-10-13,167.0,91.85,180.36,138.61,190.38,1.75,158.65,False
Mumbai,India,2018-10-14,98.0,53.9,105.84,81.34,111.72,1.03,93.1,False
Mumbai,India,2018-10-23,168.0,92.4,181.44,139.44,191.52,1.76,159.6,False
Mumbai,India,2018-10-26,119.0,65.45,128.52,98.77,135.66,1.25,113.05,False
Mumbai,India,2018-10-27,115.0,63.25,124.2,95.45,131.1,1.21,109.25,False
Mumbai,India,2018-11-01,227.0,124.85,245.16,188.41,258.78,2.38,215.65,True
Mumbai,India,2018-11-02,106.0,58.3,114.48,87.98,120.84,1.11,100.7,False
Mumbai,India,2018-11-03,140.0,77.0,151.2,116.2,159.6,1.47,133.0,False
Mumbai,India,2018-11-04,110.0,60.5,118.8,91.3,125.4,1.16,104.5,False
Mumbai,India,2018-11-05,77.0,42.35,83.16,63.91,87.78,0.81,73.15,False
Mumbai,India,2018-11-08,64.0,35.2,69.12,53.12,72.96,0.67,60.8,False
Mumbai,India,2018-11-09,103.0,56.65,111.24,85.49,117.42,1.08,97.85,False
Mumbai,India,2018-11-11,135.0,74.25,145.8,112.05,153.9,1.42,128.25,False
Mumbai,India,2018-11-12,175.0,96.25,189.0,145.25,199.5,1.84,166.25,False
Mumbai,India,2018-11-13,155.0,85.25,167.4,128.65,176.7,1.63,147.25,False
Mumbai,India,2018-11-14,210.0,115.5,226.8,174.3,239.4,2.21,199.5,True
Mumbai,India,2018-11-21,177.0,97.35,191.16,146.91,201.78,1.86,168.15,False
Mumbai,India,2018-11-23,150.0,82.5,162.0,124.5,171.0,1.58,142.5,False
Mumbai,India,2018-11-25,186.0,102.3,200.88,154.38,212.04,1.95,176.7,False
Mumbai,India,2018-11-26,163.0,89.65,176.04,135.29,185.82,1.71,154.85,False
Mumbai,India,2018-12-01,219.0,120.45,236.52,181.77,249.66,2.3,208.05,True
Mumbai,India,2018-12-02,118.0,64.9,127.44,97.94,134.52,1.24,112.1,False
Mumbai,India,2018-12-03,163.0,89.65,176.04,135.29,185.82,1.71,154.85,False
Mumbai,India,2018-12-04,104.0,57.2,112.32,86.32,118.56,1.09,98.8,False
Mumbai,India,2018-12-08,66.0,36.3,71.28,54.78,75.24,0.69,62.7,False
Mumbai,India,2018-12-09,98.0,53.9,105.84,81.34,111.72,1.03,93.1,False
Mumbai,India,2018-12-10,163.0,89.65,176.04,135.29,185.82,1.71,154.85,False
Mumbai,India,2018-12-11,143.0,78.65,154.44,118.69,163.02,1.5,135.85,False
Mumbai,India,2018-12-12,145.0,79.75,156.6,120.35,165.3,1.52,137.75,False
Mumbai,India,2018-12-13,153.0,84.15,165.24,126.99,174.42,1.61,145.35,False
Mumbai,India,2018-12-14,141.0,77.55,152.28,117.03,160.74,1.48,133.95,False
Mumbai,India,2018-12-15,142.0,78.1,153.36,117.86,161.88,1.49,134.9,False
Mumbai,India,2018-12-16,142.0,78.1,153.36,117.86,161.88,1.49,134.9,False
Mumbai,India,2018-12-17,130.0,71.5,140.4,107.9,148.2,1.37,123.5,False
Mumbai,India,2018-12-18,189.0,103.95,204.12,156.87,215.46,1.98,179.55,False
Mumbai,India,2018-12-19,196.0,107.8,211.68,162.68,223.44,2.06,186.2,True
Mumbai,India,2018-12-20,171.0,94.05,184.68,141.93,194.94,1.8,162.45,False
Mumbai,India,2018-12-21,173.0,95.15,186.84,143.59,197.22,1.82,164.35,False
Mumbai,India,2018-12-22,187.0,102.85,201.96,155.21,213.18,1.96,177.65,False
Mumbai,India,2018-12-23,278.0,152.9,300.24,230.74,316.92,2.92,264.1,True
Mumbai,India,2018-12-24,290.0,159.5,313.2,240.7,330.6,3.05,275.5,True
Mumbai,India,2018-12-25,269.0,147.95,290.52,223.27,306.66,2.82,255.55,True
Mumbai,India,2018-12-26,168.0,92.4,181.44,139.44,191.52,1.76,159.6,False
Mumbai,India,2018-12-27,139.0,76.45,150.12,115.37,158.46,1.46,132.05,False
Mumbai,India,2018-12-28,150.0,82.5,162.0,124.5,171.0,1.58,142.5,False
Mumbai,India,2018-12-29,154.0,84.7,166.32,127.82,175.56,1.62,146.3,False
Mumbai,India,2018-12-30,190.0,104.5,205.2,157.7,216.6,2.0,180.5,False
Mumbai,India,2018-12-31,241.0,132.55,260.28,200.03,274.74,2.53,228.95,True
Mumbai,India,2019-01-01,194.0,106.7,209.52,161.02,221.16,2.04,184.3,False
Mumbai,India,2019-01-02,153.0,84.15,165.24,126.99,174.42,1.61,145.35,False
Mumbai,India,2019-01-04,90.0,49.5,97.2,74.7,102.6,0.95,85.5,False
Mumbai,India,2019-01-05,88.0,48.4,95.04,73.04,100.32,0.92,83.6,False
Mumbai,India,2019-01-06,79.0,43.45,85.32,65.57,90.06,0.83,75.05,False
Mumbai,India,2019-01-07,42.0,23.1,45.36,34.86,47.88,0.44,39.9,False
Mumbai,India,2019-01-08,46.0,25.3,49.68,38.18,52.44,0.48,43.7,False
Mumbai,India,2019-01-09,43.0,23.65,46.44,35.69,49.02,0.45,40.85,False
Mumbai,India,2019-01-10,37.0,20.35,39.96,30.71,42.18,0.39,35.15,False
Mumbai,India,2019-01-11,65.0,35.75,70.2,53.95,74.1,0.68,61.75,False
Mumbai,India,2019-01-12,211.0,116.05,227.88,175.13,240.54,2.22,200.45,True
Mumbai,India,2019-01-13,206.0,113.3,222.48,170.98,234.84,2.16,195.7,True
Mumbai,India,2019-01-14,163.0,89.65,176.04,135.29,185.82,1.71,154.85,False
Mumbai,India,2019-01-15,163.0,89.65,176.04,135.29,185.82,1.71,154.85,False
Mumbai,India,2019-01-16,163.0,89.65,176.04,135.29,185.82,1.71,154.85,False
Mumbai,India,2019-01-17,193.0,106.15,208.44,160.19,220.02,2.03,183.35,False
Mumbai,India,2019-01-18,207.0,113.85,223.56,171.81,235.98,2.17,196.65,True
Mumbai,India,2019-01-19,202.0,111.1,218.16,167.66,230.28,2.12,191.9,True
Mumbai,India,2019-01-20,251.0,138.05,271.08,208.33,286.14,2.64,238.45,True
Mumbai,India,2019-01-21,137.0,75.35,147.96,113.71,156.18,1.44,130.15,False
Mumbai,India,2019-01-22,108.0,59.4,116.64,89.64,123.12,1.13,102.6,False
Mumbai,India,2019-01-23,93.0,51.15,100.44,77.19,106.02,0.98,88.35,False
Mumbai,India,2019-01-24,134.0,73.7,144.72,111.22,152.76,1.41,127.3,False
Mumbai,India,2019-01-25,123.0,67.65,132.84,102.09,140.22,1.29,116.85,False
Mumbai,India,2019-01-26,115.0,63.25,124.2,95.45,131.1,1.21,109.25,False
Mumbai,India,2019-01-27,110.0,60.5,118.8,91.3,125.4,1.16,104.5,False
Mumbai,India,2019-01-28,110.0,60.5,118.8,91.3,125.4,1.16,104.5,False
Mumbai,India,2019-01-29,118.0,64.9,127.44,97.94,134.52,1.24,112.1,False
Mumbai,India,2019-01-30,156.0,85.8,168.48,129.48,177.84,1.64,148.2,False
Mumbai,India,2019-01-31,153.0,84.15,165.24,126.99,174.42,1.61,145.35,False
Mumbai,India,2019-02-01,180.0,99.0,194.4,149.4,205.2,1.89,171.0,False
Mumbai,India,2019-02-02,158.0,86.9,170.64,131.14,180.12,1.66,150.1,False
Mumbai,India,2019-02-03,207.0,113.85,223.56,171.81,235.98,2.17,196.65,True
Mumbai,India,2019-02-05,109.0,59.95,117.72,90.47,124.26,1.14,103.55,False
Mumbai,India,2019-02-06,79.0,43.45,85.32,65.57,90.06,0.83,75.05,False
Mumbai,India,2019-02-07,46.0,25.3,49.68,38.18,52.44,0.48,43.7,False
Mumbai,India,2019-02-08,44.0,24.2,47.52,36.52,50.16,0.46,41.8,False
Mumbai,India,2019-02-09,54.0,29.7,58.32,44.82,61.56,0.57,51.3,False
Mumbai,India,2019-02-10,60.0,33.0,64.8,49.8,68.4,0.63,57.0,False
Mumbai,India,2019-02-11,43.0,23.65,46.44,35.69,49.02,0.45,40.85,False
Mumbai,India,2019-02-12,151.0,83.05,163.08,125.33,172.14,1.59,143.45,False
Mumbai,India,2019-02-13,175.0,96.25,189.0,145.25,199.5,1.84,166.25,False
Mumbai,India,2019-02-14,97.0,53.35,104.76,80.51,110.58,1.02,92.15,False
Mumbai,India,2019-02-15,108.0,59.4,116.64,89.64,123.12,1.13,102.6,False
Mumbai,India,2019-02-16,124.0,68.2,133.92,102.92,141.36,1.3,117.8,False
Mumbai,India,2019-02-17,173.0,95.15,186.84,143.59,197.22,1.82,164.35,False
Mumbai,India,2019-02-18,133.0,73.15,143.64,110.39,151.62,1.4,126.35,False
Mumbai,India,2019-02-19,166.0,91.3,179.28,137.78,189.24,1.74,157.7,False
Mumbai,India,2019-02-20,156.0,85.8,168.48,129.48,177.84,1.64,148.2,False
Mumbai,India,2019-02-21,90.0,49.5,97.2,74.7,102.6,0.95,85.5,False
Mumbai,India,2019-02-22,83.0,45.65,89.64,68.89,94.62,0.87,78.85,False
Mumbai,India,2019-02-23,173.0,95.15,186.84,143.59,197.22,1.82,164.35,False
Mumbai,India,2019-02-24,124.0,68.2,133.92,102.92,141.36,1.3,117.8,False
Mumbai,India,2019-02-25,103.0,56.65,111.24,85.49,117.42,1.08,97.85,False
Mumbai,India,2019-02-26,115.0,63.25,124.2,95.45,131.1,1.21,109.25,False
Mumbai,India,2019-02-27,104.0,57.2,112.32,86.32,118.56,1.09,98.8,False
Mumbai,India,2019-03-01,267.0,146.85,288.36,221.61,304.38,2.8,253.65,True
Mumbai,India,2019-03-02,204.0,112.2,220.32,169.32,232.56,2.14,193.8,True
Mumbai,India,2019-03-03,84.0,46.2,90.72,69.72,95.76,0.88,79.8,False
Mumbai,India,2019-03-04,99.0,54.45,106.92,82.17,112.86,1.04,94.05,False
Mumbai,India,2019-03-05,90.0,49.5,97.2,74.7,102.6,0.95,85.5,False
Mumbai,India,2019-03-06,78.0,42.9,84.24,64.74,88.92,0.82,74.1,False
Mumbai,India,2019-03-07,41.0,22.55,44.28,34.03,46.74,0.43,38.95,False
Mumbai,India,2019-03-08,37.0,20.35,39.96,30.71,42.18,0.39,35.15,False
Mumbai,India,2019-03-09,39.0,21.45,42.12,32.37,44.46,0.41,37.05,False
Mumbai,India,2019-03-10,55.0,30.25,59.4,45.65,62.7,0.58,52.25,False
Mumbai,India,2019-03-11,69.0,37.95,74.52,57.27,78.66,0.72,65.55,False
Mumbai,India,2019-03-12,104.0,57.2,112.32,86.32,118.56,1.09,98.8,False
Mumbai,India,2019-03-13,151.0,83.05,163.08,125.33,172.14,1.59,143.45,False
Mumbai,India,2019-03-14,95.0,52.25,102.6,78.85,108.3,1.0,90.25,False
Mumbai,India,2019-03-15,162.0,89.1,174.96,134.46,184.68,1.7,153.9,False
Mumbai,India,2019-03-16,174.0,95.7,187.92,144.42,198.36,1.83,165.3,False
Mumbai,India,2019-03-17,126.0,69.3,136.08,104.58,143.64,1.32,119.7,False
Mumbai,India,2019-03-18,125.0,68.75,135.0,103.75,142.5,1.31,118.75,False
Mumbai,India,2019-03-19,137.0,75.35,147.96,113.71,156.18,1.44,130.15,False
Mumbai,India,2019-03-20,89.0,48.95,96.12,73.87,101.46,0.93,84.55,False
Mumbai,India,2019-03-21,82.0,45.1,88.56,68.06,93.48,0.86,77.9,False
Mumbai,India,2019-03-22,74.0,40.7,79.92,61.42,84.36,0.78,70.3,False
Mumbai,India,2019-03-23,87.0,47.85,93.96,72.21,99.18,0.91,82.65,False
Mumbai,India,2019-03-24,168.0,92.4,181.44,139.44,191.52,1.76,159.6,False
Mumbai,India,2019-03-25,165.0,90.75,178.2,136.95,188.1,1.73,156.75,False
Mumbai,India,2019-03-26,138.0,75.9,149.04,114.54,157.32,1.45,131.1,False
Mumbai,India,2019-03-27,122.0,67.1,131.76,101.26,139.08,1.28,115.9,False
Mumbai,India,2019-03-28,105.0,57.75,113.4,87.15,119.7,1.1,99.75,False
Mumbai,India,2019-03-29,91.0,50.05,98.28,75.53,103.74,0.96,86.45,False
Mumbai,India,2019-03-30,99.0,54.45,106.92,82.17,112.86,1.04,94.05,False
Mumbai,India,2019-03-31,80.0,44.0,86.4,66.4,91.2,0.84,76.0,False
Mumbai,India,2019-04-01,223.0,122.65,240.84,185.09,254.22,2.34,211.85,True
Mumbai,India,2019-04-02,197.0,108.35,212.76,163.51,224.58,2.07,187.15,True
Mumbai,India,2019-04-03,83.0,45.65,89.64,68.89,94.62,0.87,78.85,False
Mumbai,India,2019-04-04,88.0,48.4,95.04,73.04,100.32,0.92,83.6,False
Mumbai,India,2019-04-05,89.0,48.95,96.12,73.87,101.46,0.93,84.55,False
Mumbai,India,2019-04-06,58.0,31.9,62.64,48.14,66.12,0.61,55.1,False
Mumbai,India,2019-04-07,46.0,25.3,49.68,38.18,52.44,0.48,43.7,False
Mumbai,India,2019-04-08,41.0,22.55,44.28,34.03,46.74,0.43,38.95,False
Mumbai,India,2019-04-09,36.0,19.8,38.88,29.88,41.04,0.38,34.2,False
Mumbai,India,2019-04-10,62.0,34.1,66.96,51.46,70.68,0.65,58.9,False
Mumbai,India,2019-04-11,71.0,39.05,76.68,58.93,80.94,0.75,67.45,False
Mumbai,India,2019-04-12,92.0,50.6,99.36,76.36,104.88,0.97,87.4,False
Mumbai,India,2019-04-13,100.0,55.0,108.0,83.0,114.0,1.05,95.0,False
Mumbai,India,2019-04-14,95.0,52.25,102.6,78.85,108.3,1.0,90.25,False
Mumbai,India,2019-04-15,92.0,50.6,99.36,76.36,104.88,0.97,87.4,False
Mumbai,India,2019-04-16,95.0,52.25,102.6,78.85,108.3,1.0,90.25,False
Mumbai,India,2019-04-17,85.0,46.75,91.8,70.55,96.9,0.89,80.75,False
Mumbai,India,2019-04-18,94.0,51.7,101.52,78.02,107.16,0.99,89.3,False
Mumbai,India,2019-04-19,94.0,51.7,101.52,78.02,107.16,0.99,89.3,False
Mumbai,India,2019-04-20,97.0,53.35,104.76,80.51,110.58,1.02,92.15,False
Mumbai,India,2019-04-21,95.0,52.25,102.6,78.85,108.3,1.0,90.25,False
Mumbai,India,2019-04-22,97.0,53.35,104.76,80.51,110.58,1.02,92.15,False
Mumbai,India,2019-04-23,98.0,53.9,105.84,81.34,111.72,1.03,93.1,False
Mumbai,India,2019-04-24,90.0,49.5,97.2,74.7,102.6,0.95,85.5,False
Mumbai,India,2019-04-25,88.0,48.4,95.04,73.04,100.32,0.92,83.6,False
Mumbai,India,2019-04-26,92.0,50.6,99.36,76.36,104.88,0.97,87.4,False
Mumbai,India,2019-04-27,96.0,52.8,103.68,79.68,109.44,1.01,91.2,False
Mumbai,India,2019-04-28,99.0,54.45,106.92,82.17,112.86,1.04,94.05,False
Mumbai,India,2019-04-29,93.0,51.15,100.44,77.19,106.02,0.98,88.35,False
Mumbai,India,2019-04-30,93.0,51.15,100.44,77.19,106.02,0.98,88.35,False
Mumbai,India,2019-05-01,178.0,97.9,192.24,147.74,202.92,1.87,169.1,False
Mumbai,India,2019-05-02,159.0,87.45,171.72,131.97,181.26,1.67,151.05,False
Mumbai,India,2019-05-03,113.0,62.15,122.04,93.79,128.82,1.19,107.35,False
Mumbai,India,2019-05-04,91.0,50.05,98.28,75.53,103.74,0.96,86.45,False
Mumbai,India,2019-05-05,88.0,48.4,95.04,73.04,100.32,0.92,83.6,False
Mumbai,India,2019-05-06,59.0,32.45,63.72,48.97,67.26,0.62,56.05,False
Mumbai,India,2019-05-07,55.0,30.25,59.4,45.65,62.7,0.58,52.25,False
Mumbai,India,2019-05-08,44.0,24.2,47.52,36.52,50.16,0.46,41.8,False
Mumbai,India,2019-05-09,36.0,19.8,38.88,29.88,41.04,0.38,34.2,False
Mumbai,India,2019-05-10,82.0,45.1,88.56,68.06,93.48,0.86,77.9,False
Mumbai,India,2019-05-11,71.0,39.05,76.68,58.93,80.94,0.75,67.45,False
Mumbai,India,2019-05-12,112.0,61.6,120.96,92.96,127.68,1.18,106.4,False
Mumbai,India,2019-05-13,90.0,49.5,97.2,74.7,102.6,0.95,85.5,False
Mumbai,India,2019-05-14,91.0,50.05,98.28,75.53,103.74,0.96,86.45,False
Mumbai,India,2019-05-15,82.0,45.1,88.56,68.06,93.48,0.86,77.9,False
Mumbai,India,2019-05-16,77.0,42.35,83.16,63.91,87.78,0.81,73.15,False
Mumbai,India,2019-05-17,78.0,42.9,84.24,64.74,88.92,0.82,74.1,False
Mumbai,India,2019-05-18,80.0,44.0,86.4,66.4,91.2,0.84,76.0,False
Mumbai,India,2019-05-19,79.0,43.45,85.32,65.57,90.06,0.83,75.05,False
Mumbai,India,2019-05-20,83.0,45.65,89.64,68.89,94.62,0.87,78.85,False
Mumbai,India,2019-05-21,90.0,49.5,97.2,74.7,102.6,0.95,85.5,False
Mumbai,India,2019-05-22,87.0,47.85,93.96,72.21,99.18,0.91,82.65,False
Mumbai,India,2019-05-23,90.0,49.5,97.2,74.7,102.6,0.95,85.5,False
Mumbai,India,2019-05-24,89.0,48.95,96.12,73.87,101.46,0.93,84.55,False
Mumbai,India,2019-05-25,71.0,39.05,76.68,58.93,80.94,0.75,67.45,False
Mumbai,India,2019-05-26,68.0,37.4,73.44,56.44,77.52,0.71,64.6,False
Mumbai,India,2019-05-27,86.0,47.3,92.88,71.38,98.04,0.9,81.7,False
Mumbai,India,2019-05-28,88.0,48.4,95.04,73.04,100.32,0.92,83.6,False
Mumbai,India,2019-05-29,90.0,49.5,97.2,74.7,102.6,0.95,85.5,False
Mumbai,India,2019-05-30,69.0,37.95,74.52,57.27,78.66,0.72,65.55,False
Mumbai,India,2019-05-31,71.0,39.05,76.68,58.93,80.94,0.75,67.45,False
Mumbai,India,2019-06-01,192.0,105.6,207.36,159.36,218.88,2.02,182.4,False
Mumbai,India,2019-06-02,153.0,84.15,165.24,126.99,174.42,1.61,145.35,False
Mumbai,India,2019-06-03,101.0,55.55,109.08,83.83,115.14,1.06,95.95,False
Mumbai,India,2019-06-04,91.0,50.05,98.28,75.53,103.74,0.96,86.45,False
Mumbai,India,2019-06-05,93.0,51.15,100.44,77.19,106.02,0.98,88.35,False
Mumbai,India,2019-06-06,60.0,33.0,64.8,49.8,68.4,0.63,57.0,False
Mumbai,India,2019-06-07,52.0,28.6,56.16,43.16,59.28,0.55,49.4,False
Mumbai,India,2019-06-08,51.0,28.05,55.08,42.33,58.14,0.54,48.45,False
Mumbai,India,2019-06-09,37.0,20.35,39.96,30.71,42.18,0.39,35.15,False
Mumbai,India,2019-06-10,102.0,56.1,110.16,84.66,116.28,1.07,96.9,False
Mumbai,India,2019-06-11,109.0,59.95,117.72,90.47,124.26,1.14,103.55,False
Mumbai,India,2019-06-12,199.0,109.45,214.92,165.17,226.86,2.09,189.05,True
Mumbai,India,2019-06-13,52.0,28.6,56.16,43.16,59.28,0.55,49.4,False
Mumbai,India,2019-06-14,70.0,38.5,75.6,58.1,79.8,0.74,66.5,False
Mumbai,India,2019-06-15,51.0,28.05,55.08,42.33,58.14,0.54,48.45,False
Mumbai,India,2019-06-16,56.0,30.8,60.48,46.48,63.84,0.59,53.2,False
Mumbai,India,2019-06-17,59.0,32.45,63.72,48.97,67.26,0.62,56.05,False
Mumbai,India,2019-06-18,65.0,35.75,70.2,53.95,74.1,0.68,61.75,False
Mumbai,India,2019-06-19,51.0,28.05,55.08,42.33,58.14,0.54,48.45,False
Mumbai,India,2019-06-20,84.0,46.2,90.72,69.72,95.76,0.88,79.8,False
Mumbai,India,2019-06-21,79.0,43.45,85.32,65.57,90.06,0.83,75.05,False
Mumbai,India,2019-06-22,88.0,48.4,95.04,73.04,100.32,0.92,83.6,False
Mumbai,India,2019-06-23,88.0,48.4,95.04,73.04,100.32,0.92,83.6,False
Mumbai,India,2019-06-24,90.0,49.5,97.2,74.7,102.6,0.95,85.5,False
Mumbai,India,2019-06-25,60.0,33.0,64.8,49.8,68.4,0.63,57.0,False
Mumbai,India,2019-06-26,59.0,32.45,63.72,48.97,67.26,0.62,56.05,False
Mumbai,India,2019-06-27,44.0,24.2,47.52,36.52,50.16,0.46,41.8,False
Mumbai,India,2019-06-28,42.0,23.1,45.36,34.86,47.88,0.44,39.9,False
Mumbai,India,2019-06-29,44.0,24.2,47.52,36.52,50.16,0.46,41.8,False
Mumbai,India,2019-06-30,48.0,26.4,51.84,39.84,54.72,0.5,45.6,False
Mumbai,India,2019-07-01,146.0,80.3,157.68,121.18,166.44,1.53,138.7,False
Mumbai,India,2019-07-02,90.0,49.5,97.2,74.7,102.6,0.95,85.5,False
Mumbai,India,2019-07-03,96.0,52.8,103.68,79.68,109.44,1.01,91.2,False
Mumbai,India,2019-07-04,93.0,51.15,100.44,77.19,106.02,0.98,88.35,False
Mumbai,India,2019-07-05,94.0,51.7,101.52,78.02,107.16,0.99,89.3,False
Mumbai,India,2019-07-06,70.0,38.5,75.6,58.1,79.8,0.74,66.5,False
Mumbai,India,2019-07-07,63.0,34.65,68.04,52.29,71.82,0.66,59.85,False
Mumbai,India,2019-07-08,54.0,29.7,58.32,44.82,61.56,0.57,51.3,False
Mumbai,India,2019-07-09,41.0,22.55,44.28,34.03,46.74,0.43,38.95,False
Mumbai,India,2019-07-10,91.0,50.05,98.28,75.53,103.74,0.96,86.45,False
Mumbai,India,2019-07-11,71.0,39.05,76.68,58.93,80.94,0.75,67.45,False
Mumbai,India,2019-07-12,145.0,79.75,156.6,120.35,165.3,1.52,137.75,False
Mumbai,India,2019-07-13,55.0,30.25,59.4,45.65,62.7,0.58,52.25,False
Mumbai,India,2019-07-14,50.0,27.5,54.0,41.5,57.0,0.53,47.5,False
Mumbai,India,2019-07-15,58.0,31.9,62.64,48.14,66.12,0.61,55.1,False
Mumbai,India,2019-07-16,58.0,31.9,62.64,48.14,66.12,0.61,55.1,False
Mumbai,India,2019-07-17,63.0,34.65,68.04,52.29,71.82,0.66,59.85,False
Mumbai,India,2019-07-18,67.0,36.85,72.36,55.61,76.38,0.7,63.65,False
Mumbai,India,2019-07-19,77.0,42.35,83.16,63.91,87.78,0.81,73.15,False
Mumbai,India,2019-07-20,74.0,40.7,79.92,61.42,84.36,0.78,70.3,False
Mumbai,India,2019-07-21,57.0,31.35,61.56,47.31,64.98,0.6,54.15,False
Mumbai,India,2019-07-22,44.0,24.2,47.52,36.52,50.16,0.46,41.8,False
Mumbai,India,2019-07-23,40.0,22.0,43.2,33.2,45.6,0.42,38.0,False
Mumbai,India,2019-07-24,34.0,18.7,36.72,28.22,38.76,0.36,32.3,False
Mumbai,India,2019-07-25,38.0,20.9,41.04,31.54,43.32,0.4,36.1,False
Mumbai,India,2019-07-26,46.0,25.3,49.68,38.18,52.44,0.48,43.7,False
Mumbai,India,2019-07-27,50.0,27.5,54.0,41.5,57.0,0.53,47.5,False
Mumbai,India,2019-07-28,56.0,30.8,60.48,46.48,63.84,0.59,53.2,False
Mumbai,India,2019-07-29,67.0,36.85,72.36,55.61,76.38,0.7,63.65,False
Mumbai,India,2019-07-30,44.0,24.2,47.52,36.52,50.16,0.46,41.8,False
Mumbai,India,2019-07-31,43.0,23.65,46.44,35.69,49.02,0.45,40.85,False
Mumbai,India,2019-08-01,161.0,88.55,173.88,133.63,183.54,1.69,152.95,False
Mumbai,India,2019-08-02,162.0,89.1,174.96,134.46,184.68,1.7,153.9,False
Mumbai,India,2019-08-03,102.0,56.1,110.16,84.66,116.28,1.07,96.9,False
Mumbai,India,2019-08-04,93.0,51.15,100.44,77.19,106.02,0.98,88.35,False
Mumbai,India,2019-08-05,88.0,48.4,95.04,73.04,100.32,0.92,83.6,False
Mumbai,India,2019-08-06,72.0,39.6,77.76,59.76,82.08,0.76,68.4,False
Mumbai,India,2019-08-07,51.0,28.05,55.08,42.33,58.14,0.54,48.45,False
Mumbai,India,2019-08-08,69.0,37.95,74.52,57.27,78.66,0.72,65.55,False
Mumbai,India,2019-08-09,39.0,21.45,42.12,32.37,44.46,0.41,37.05,False
Mumbai,India,2019-08-10,124.0,68.2,133.92,102.92,141.36,1.3,117.8,False
Mumbai,India,2019-08-11,46.0,25.3,49.68,38.18,52.44,0.48,43.7,False
Mumbai,India,2019-08-12,174.0,95.7,187.92,144.42,198.36,1.83,165.3,False
Mumbai,India,2019-08-13,56.0,30.8,60.48,46.48,63.84,0.59,53.2,False
Mumbai,India,2019-08-14,62.0,34.1,66.96,51.46,70.68,0.65,58.9,False
Mumbai,India,2019-08-15,61.0,33.55,65.88,50.63,69.54,0.64,57.95,False
Mumbai,India,2019-08-16,52.0,28.6,56.16,43.16,59.28,0.55,49.4,False
Mumbai,India,2019-08-17,69.0,37.95,74.52,57.27,78.66,0.72,65.55,False
Mumbai,India,2019-08-18,60.0,33.0,64.8,49.8,68.4,0.63,57.0,False
Mumbai,India,2019-08-19,61.0,33.55,65.88,50.63,69.54,0.64,57.95,False
Mumbai,India,2019-08-20,67.0,36.85,72.36,55.61,76.38,0.7,63.65,False
Mumbai,India,2019-08-21,60.0,33.0,64.8,49.8,68.4,0.63,57.0,False
Mumbai,India,2019-08-22,57.0,31.35,61.56,47.31,64.98,0.6,54.15,False
Mumbai,India,2019-08-23,59.0,32.45,63.72,48.97,67.26,0.62,56.05,False
Mumbai,India,2019-08-24,59.0,32.45,63.72,48.97,67.26,0.62,56.05,False
Mumbai,India,2019-08-25,56.0,30.8,60.48,46.48,63.84,0.59,53.2,False
Mumbai,India,2019-08-26,69.0,37.95,74.52,57.27,78.66,0.72,65.55,False
Mumbai,India,2019-08-27,61.0,33.55,65.88,50.63,69.54,0.64,57.95,False
Mumbai,India,2019-08-28,45.0,24.75,48.6,37.35,51.3,0.47,42.75,False
Mumbai,India,2019-08-29,50.0,27.5,54.0,41.5,57.0,0.53,47.5,False
Mumbai,India,2019-08-30,49.0,26.95,52.92,40.67,55.86,0.51,46.55,False
Mumbai,India,2019-08-31,50.0,27.5,54.0,41.5,57.0,0.53,47.5,False
Mumbai,India,2019-09-01,154.0,84.7,166.32,127.82,175.56,1.62,146.3,False
Mumbai,India,2019-09-02,159.0,87.45,171.72,131.97,181.26,1.67,151.05,False
Mumbai,India,2019-09-03,189.0,103.95,204.12,156.87,215.46,1.98,179.55,False
Mumbai,India,2019-09-04,90.0,49.5,97.2,74.7,102.6,0.95,85.5,False
Mumbai,India,2019-09-05,89.0,48.95,96.12,73.87,101.46,0.93,84.55,False
Mumbai,India,2019-09-06,87.0,47.85,93.96,72.21,99.18,0.91,82.65,False
Mumbai,India,2019-09-07,53.0,29.15,57.24,43.99,60.42,0.56,50.35,False
Mumbai,India,2019-09-08,72.0,39.6,77.76,59.76,82.08,0.76,68.4,False
Mumbai,India,2019-09-09,45.0,24.75,48.6,37.35,51.3,0.47,42.75,False
Mumbai,India,2019-09-10,64.0,35.2,69.12,53.12,72.96,0.67,60.8,False
Mumbai,India,2019-09-11,75.0,41.25,81.0,62.25,85.5,0.79,71.25,False
Mumbai,India,2019-09-12,206.0,113.3,222.48,170.98,234.84,2.16,195.7,True
Mumbai,India,2019-09-13,39.0,21.45,42.12,32.37,44.46,0.41,37.05,False
Mumbai,India,2019-09-14,49.0,26.95,52.92,40.67,55.86,0.51,46.55,False
Mumbai,India,2019-09-15,46.0,25.3,49.68,38.18,52.44,0.48,43.7,False
Mumbai,India,2019-09-16,44.0,24.2,47.52,36.52,50.16,0.46,41.8,False
Mumbai,India,2019-09-17,44.0,24.2,47.52,36.52,50.16,0.46,41.8,False
Mumbai,India,2019-09-18,50.0,27.5,54.0,41.5,57.0,0.53,47.5,False
Mumbai,India,2019-09-19,66.0,36.3,71.28,54.78,75.24,0.69,62.7,False
Mumbai,India,2019-09-20,66.0,36.3,71.28,54.78,75.24,0.69,62.7,False
Mumbai,India,2019-09-21,40.0,22.0,43.2,33.2,45.6,0.42,38.0,False
Mumbai,India,2019-09-22,45.0,24.75,48.6,37.35,51.3,0.47,42.75,False
Mumbai,India,2019-09-23,58.0,31.9,62.64,48.14,66.12,0.61,55.1,False
Mumbai,India,2019-09-24,60.0,33.0,64.8,49.8,68.4,0.63,57.0,False
Mumbai,India,2019-09-25,44.0,24.2,47.52,36.52,50.16,0.46,41.8,False
Mumbai,India,2019-09-26,54.0,29.7,58.32,44.82,61.56,0.57,51.3,False
Mumbai,India,2019-09-27,32.0,17.6,34.56,26.56,36.48,0.34,30.4,False
Mumbai,India,2019-09-28,29.0,15.95,31.32,24.07,33.06,0.3,27.55,False
Mumbai,India,2019-09-29,33.0,18.15,35.64,27.39,37.62,0.35,31.35,False
Mumbai,India,2019-09-30,28.0,15.4,30.24,23.24,31.92,0.29,26.6,False
Mumbai,India,2019-10-01,219.0,120.45,236.52,181.77,249.66,2.3,208.05,True
Mumbai,India,2019-10-02,187.0,102.85,201.96,155.21,213.18,1.96,177.65,False
Mumbai,India,2019-10-03,144.0,79.2,155.52,119.52,164.16,1.51,136.8,False
Mumbai,India,2019-10-04,93.0,51.15,100.44,77.19,106.02,0.98,88.35,False
Mumbai,India,2019-10-05,87.0,47.85,93.96,72.21,99.18,0.91,82.65,False
Mumbai,India,2019-10-06,81.0,44.55,87.48,67.23,92.34,0.85,76.95,False
Mumbai,India,2019-10-07,42.0,23.1,45.36,34.86,47.88,0.44,39.9,False
Mumbai,India,2019-10-08,68.0,37.4,73.44,56.44,77.52,0.71,64.6,False
Mumbai,India,2019-10-09,46.0,25.3,49.68,38.18,52.44,0.48,43.7,False
Mumbai,India,2019-10-10,88.0,48.4,95.04,73.04,100.32,0.92,83.6,False
Mumbai,India,2019-10-11,92.0,50.6,99.36,76.36,104.88,0.97,87.4,False
Mumbai,India,2019-10-12,174.0,95.7,187.92,144.42,198.36,1.83,165.3,False
Mumbai,India,2019-10-13,109.0,59.95,117.72,90.47,124.26,1.14,103.55,False
Mumbai,India,2019-10-14,116.0,63.8,125.28,96.28,132.24,1.22,110.2,False
Mumbai,India,2019-10-15,106.0,58.3,114.48,87.98,120.84,1.11,100.7,False
Mumbai,India,2019-10-16,106.0,58.3,114.48,87.98,120.84,1.11,100.7,False
Mumbai,India,2019-10-17,146.0,80.3,157.68,121.18,166.44,1.53,138.7,False
Mumbai,India,2019-10-18,142.0,78.1,153.36,117.86,161.88,1.49,134.9,False
Mumbai,India,2019-10-19,69.0,37.95,74.52,57.27,78.66,0.72,65.55,False
Mumbai,India,2019-10-20,46.0,25.3,49.68,38.18,52.44,0.48,43.7,False
Mumbai,India,2019-10-21,50.0,27.5,54.0,41.5,57.0,0.53,47.5,False
Mumbai,India,2019-10-22,56.0,30.8,60.48,46.48,63.84,0.59,53.2,False
Mumbai,India,2019-10-23,50.0,27.5,54.0,41.5,57.0,0.53,47.5,False
Mumbai,India,2019-10-24,71.0,39.05,76.68,58.93,80.94,0.75,67.45,False
Mumbai,India,2019-10-25,62.0,34.1,66.96,51.46,70.68,0.65,58.9,False
Mumbai,India,2019-10-26,56.0,30.8,60.48,46.48,63.84,0.59,53.2,False
Mumbai,India,2019-10-27,92.0,50.6,99.36,76.36,104.88,0.97,87.4,False
Mumbai,India,2019-10-28,104.0,57.2,112.32,86.32,118.56,1.09,98.8,False
Mumbai,India,2019-10-29,112.0,61.6,120.96,92.96,127.68,1.18,106.4,False
Mumbai,India,2019-10-30,89.0,48.95,96.12,73.87,101.46,0.93,84.55,False
Mumbai,India,2019-10-31,76.0,41.8,82.08,63.08,86.64,0.8,72.2,False
Mumbai,India,2019-11-01,212.0,116.6,228.96,175.96,241.68,2.23,201.4,True
Mumbai,India,2019-11-02,225.0,123.75,243.0,186.75,256.5,2.36,213.75,True
Mumbai,India,2019-11-03,120.0,66.0,129.6,99.6,136.8,1.26,114.0,False
Mumbai,India,2019-11-04,89.0,48.95,96.12,73.87,101.46,0.93,84.55,False
Mumbai,India,2019-11-05,92.0,50.6,99.36,76.36,104.88,0.97,87.4,False
Mumbai,India,2019-11-06,62.0,34.1,66.96,51.46,70.68,0.65,58.9,False
Mumbai,India,2019-11-07,52.0,28.6,56.16,43.16,59.28,0.55,49.4,False
Mumbai,India,2019-11-08,70.0,38.5,75.6,58.1,79.8,0.74,66.5,False
Mumbai,India,2019-11-09,50.0,27.5,54.0,41.5,57.0,0.53,47.5,False
Mumbai,India,2019-11-10,106.0,58.3,114.48,87.98,120.84,1.11,100.7,False
Mumbai,India,2019-11-11,109.0,59.95,117.72,90.47,124.26,1.14,103.55,False
Mumbai,India,2019-11-12,206.0,113.3,222.48,170.98,234.84,2.16,195.7,True
Mumbai,India,2019-11-13,132.0,72.6,142.56,109.56,150.48,1.39,125.4,False
Mumbai,India,2019-11-14,115.0,63.25,124.2,95.45,131.1,1.21,109.25,False
Mumbai,India,2019-11-15,139.0,76.45,150.12,115.37,158.46,1.46,132.05,False
Mumbai,India,2019-11-16,151.0,83.05,163.08,125.33,172.14,1.59,143.45,False
Mumbai,India,2019-11-17,145.0,79.75,156.6,120.35,165.3,1.52,137.75,False
Mumbai,India,2019-11-18,135.0,74.25,145.8,112.05,153.9,1.42,128.25,False
Mumbai,India,2019-11-19,192.0,105.6,207.36,159.36,218.88,2.02,182.4,False
Mumbai,India,2019-11-20,207.0,113.85,223.56,171.81,235.98,2.17,196.65,True
Mumbai,India,2019-11-21,202.0,111.1,218.16,167.66,230.28,2.12,191.9,True
Mumbai,India,2019-11-22,205.0,112.75,221.4,170.15,233.7,2.15,194.75,True
Mumbai,India,2019-11-23,180.0,99.0,194.4,149.4,205.2,1.89,171.0,False
Mumbai,India,2019-11-24,172.0,94.6,185.76,142.76,196.08,1.81,163.4,False
Mumbai,India,2019-11-25,205.0,112.75,221.4,170.15,233.7,2.15,194.75,True
Mumbai,India,2019-11-26,184.0,101.2,198.72,152.72,209.76,1.93,174.8,False
Mumbai,India,2019-11-27,171.0,94.05,184.68,141.93,194.94,1.8,162.45,False
Mumbai,India,2019-11-28,153.0,84.15,165.24,126.99,174.42,1.61,145.35,False
Mumbai,India,2019-11-29,163.0,89.65,176.04,135.29,185.82,1.71,154.85,False
Mumbai,India,2019-11-30,190.0,104.5,205.2,157.7,216.6,2.0,180.5,False
Mumbai,India,2019-12-01,200.0,110.0,216.0,166.0,228.0,2.1,190.0,True
Mumbai,India,2019-12-02,219.0,120.45,236.52,181.77,249.66,2.3,208.05,True
Mumbai,India,2019-12-03,92.0,50.6,99.36,76.36,104.88,0.97,87.4,False
Mumbai,India,2019-12-04,93.0,51.15,100.44,77.19,106.02,0.98,88.35,False
Mumbai,India,2019-12-05,93.0,51.15,100.44,77.19,106.02,0.98,88.35,False
Mumbai,India,2019-12-06,61.0,33.55,65.88,50.63,69.54,0.64,57.95,False
Mumbai,India,2019-12-07,53.0,29.15,57.24,43.99,60.42,0.56,50.35,False
Mumbai,India,2019-12-08,65.0,35.75,70.2,53.95,74.1,0.68,61.75,False
Mumbai,India,2019-12-09,47.0,25.85,50.76,39.01,53.58,0.49,44.65,False
Mumbai,India,2019-12-10,116.0,63.8,125.28,96.28,132.24,1.22,110.2,False
Mumbai,India,2019-12-11,138.0,75.9,149.04,114.54,157.32,1.45,131.1,False
Mumbai,India,2019-12-12,215.0,118.25,232.2,178.45,245.1,2.26,204.25,True
Mumbai,India,2019-12-13,185.0,101.75,199.8,153.55,210.9,1.94,175.75,False
Mumbai,India,2019-12-14,99.0,54.45,106.92,82.17,112.86,1.04,94.05,False
Mumbai,India,2019-12-15,133.0,73.15,143.64,110.39,151.62,1.4,126.35,False
Mumbai,India,2019-12-16,191.0,105.05,206.28,158.53,217.74,2.01,181.45,False
Mumbai,India,2019-12-17,175.0,96.25,189.0,145.25,199.5,1.84,166.25,False
Mumbai,India,2019-12-18,161.0,88.55,173.88,133.63,183.54,1.69,152.95,False
Mumbai,India,2019-12-19,166.0,91.3,179.28,137.78,189.24,1.74,157.7,False
Mumbai,India,2019-12-20,197.0,108.35,212.76,163.51,224.58,2.07,187.15,True
Mumbai,India,2019-12-21,203.0,111.65,219.24,168.49,231.42,2.13,192.85,True
Mumbai,India,2019-12-22,213.0,117.15,230.04,176.79,242.82,2.24,202.35,True
Mumbai,India,2019-12-23,212.0,116.6,228.96,175.96,241.68,2.23,201.4,True
Mumbai,India,2019-12-24,245.0,134.75,264.6,203.35,279.3,2.57,232.75,True
Mumbai,India,2019-12-25,280.0,154.0,302.4,232.4,319.2,2.94,266.0,True
Mumbai,India,2019-12-26,244.0,134.2,263.52,202.52,278.16,2.56,231.8,True
Mumbai,India,2019-12-27,183.0,100.65,197.64,151.89,208.62,1.92,173.85,False
Mumbai,India,2019-12-28,162.0,89.1,174.96,134.46,184.68,1.7,153.9,False
Mumbai,India,2019-12-29,153.0,84.15,165.24,126.99,174.42,1.61,145.35,False
Mumbai,India,2019-12-30,197.0,108.35,212.76,163.51,224.58,2.07,187.15,True
Mumbai,India,2019-12-31,147.0,80.85,158.76,122.01,167.58,1.54,139.65,False
Mumbai,India,2020-01-01,198.0,108.9,213.84,164.34,225.72,2.08,188.1,True
Mumbai,India,2020-01-02,164.0,90.2,177.12,136.12,186.96,1.72,155.8,False
Mumbai,India,2020-01-03,107.0,58.85,115.56,88.81,121.98,1.12,101.65,False
Mumbai,India,2020-01-04,57.0,31.35,61.56,47.31,64.98,0.6,54.15,False
Mumbai,India,2020-01-05,51.0,28.05,55.08,42.33,58.14,0.54,48.45,False
Mumbai,India,2020-01-06,34.0,18.7,36.72,28.22,38.76,0.36,32.3,False
Mumbai,India,2020-01-07,31.0,17.05,33.48,25.73,35.34,0.33,29.45,False
Mumbai,India,2020-01-08,34.0,18.7,36.72,28.22,38.76,0.36,32.3,False
Mumbai,India,2020-01-09,36.0,19.8,38.88,29.88,41.04,0.38,34.2,False
Mumbai,India,2020-01-10,75.0,41.25,81.0,62.25,85.5,0.79,71.25,False
Mumbai,India,2020-01-11,111.0,61.05,119.88,92.13,126.54,1.17,105.45,False
Mumbai,India,2020-01-12,152.0,83.6,164.16,126.16,173.28,1.6,144.4,False
Mumbai,India,2020-01-13,163.0,89.65,176.04,135.29,185.82,1.71,154.85,False
Mumbai,India,2020-01-14,84.0,46.2,90.72,69.72,95.76,0.88,79.8,False
Mumbai,India,2020-01-15,96.0,52.8,103.68,79.68,109.44,1.01,91.2,False
Mumbai,India,2020-01-16,81.0,44.55,87.48,67.23,92.34,0.85,76.95,False
Mumbai,India,2020-01-17,88.0,48.4,95.04,73.04,100.32,0.92,83.6,False
Mumbai,India,2020-01-18,188.0,103.4,203.04,156.04,214.32,1.97,178.6,False
Mumbai,India,2020-01-19,210.0,115.5,226.8,174.3,239.4,2.21,199.5,True
Mumbai,India,2020-01-20,193.0,106.15,208.44,160.19,220.02,2.03,183.35,False
Mumbai,India,2020-01-21,229.0,125.95,247.32,190.07,261.06,2.4,217.55,True
Mumbai,India,2020-01-22,174.0,95.7,187.92,144.42,198.36,1.83,165.3,False
Mumbai,India,2020-01-23,195.0,107.25,210.6,161.85,222.3,2.05,185.25,True
Mumbai,India,2020-01-24,171.0,94.05,184.68,141.93,194.94,1.8,162.45,False
Mumbai,India,2020-01-25,188.0,103.4,203.04,156.04,214.32,1.97,178.6,False
Mumbai,India,2020-01-26,250.0,137.5,270.0,207.5,285.0,2.63,237.5,True
Mumbai,India,2020-01-27,148.0,81.4,159.84,122.84,168.72,1.55,140.6,False
Mumbai,India,2020-01-28,82.0,45.1,88.56,68.06,93.48,0.86,77.9,False
Mumbai,India,2020-01-29,82.0,45.1,88.56,68.06,93.48,0.86,77.9,False
Mumbai,India,2020-01-30,127.0,69.85,137.16,105.41,144.78,1.33,120.65,False
Mumbai,India,2020-01-31,146.0,80.3,157.68,121.18,166.44,1.53,138.7,False
Mumbai,India,2020-02-01,243.0,133.65,262.44,201.69,277.02,2.55,230.85,True
Mumbai,India,2020-02-02,179.0,98.45,193.32,148.57,204.06,1.88,170.05,False
Mumbai,India,2020-02-03,122.0,67.1,131.76,101.26,139.08,1.28,115.9,False
Mumbai,India,2020-02-04,72.0,39.6,77.76,59.76,82.08,0.76,68.4,False
Mumbai,India,2020-02-05,43.0,23.65,46.44,35.69,49.02,0.45,40.85,False
Mumbai,India,2020-02-06,46.0,25.3,49.68,38.18,52.44,0.48,43.7,False
Mumbai,India,2020-02-07,29.0,15.95,31.32,24.07,33.06,0.3,27.55,False
Mumbai,India,2020-02-08,27.0,14.85,29.16,22.41,30.78,0.28,25.65,False
Mumbai,India,2020-02-09,47.0,25.85,50.76,39.01,53.58,0.49,44.65,False
Mumbai,India,2020-02-10,77.0,42.35,83.16,63.91,87.78,0.81,73.15,False
Mumbai,India,2020-02-11,125.0,68.75,135.0,103.75,142.5,1.31,118.75,False
Mumbai,India,2020-02-12,163.0,89.65,176.04,135.29,185.82,1.71,154.85,False
Mumbai,India,2020-02-13,155.0,85.25,167.4,128.65,176.7,1.63,147.25,False
Mumbai,India,2020-02-14,136.0,74.8,146.88,112.88,155.04,1.43,129.2,False
Mumbai,India,2020-02-15,146.0,80.3,157.68,121.18,166.44,1.53,138.7,False
Mumbai,India,2020-02-16,150.0,82.5,162.0,124.5,171.0,1.58,142.5,False
Mumbai,India,2020-02-17,233.0,128.15,251.64,193.39,265.62,2.45,221.35,True
Mumbai,India,2020-02-18,202.0,111.1,218.16,167.66,230.28,2.12,191.9,True
Mumbai,India,2020-02-19,220.0,121.0,237.6,182.6,250.8,2.31,209.0,True
Mumbai,India,2020-02-20,155.0,85.25,167.4,128.65,176.7,1.63,147.25,False
Mumbai,India,2020-02-21,98.0,53.9,105.84,81.34,111.72,1.03,93.1,False
Mumbai,India,2020-02-22,123.0,67.65,132.84,102.09,140.22,1.29,116.85,False
Mumbai,India,2020-02-23,193.0,106.15,208.44,160.19,220.02,2.03,183.35,False
Mumbai,India,2020-02-24,170.0,93.5,183.6,141.1,193.8,1.79,161.5,False
Mumbai,India,2020-02-25,150.0,82.5,162.0,124.5,171.0,1.58,142.5,False
Mumbai,India,2020-02-26,131.0,72.05,141.48,108.73,149.34,1.38,124.45,False
Mumbai,India,2020-02-27,131.0,72.05,141.48,108.73,149.34,1.38,124.45,False
Mumbai,India,2020-02-28,172.0,94.6,185.76,142.76,196.08,1.81,163.4,False
Mumbai,India,2020-03-01,201.0,110.55,217.08,166.83,229.14,2.11,190.95,True
Mumbai,India,2020-03-02,188.0,103.4,203.04,156.04,214.32,1.97,178.6,False
Mumbai,India,2020-03-03,125.0,68.75,135.0,103.75,142.5,1.31,118.75,False
Mumbai,India,2020-03-04,85.0,46.75,91.8,70.55,96.9,0.89,80.75,False
Mumbai,India,2020-03-05,40.0,22.0,43.2,33.2,45.6,0.42,38.0,False
Mumbai,India,2020-03-06,32.0,17.6,34.56,26.56,36.48,0.34,30.4,False
Mumbai,India,2020-03-07,34.0,18.7,36.72,28.22,38.76,0.36,32.3,False
Mumbai,India,2020-03-08,26.0,14.3,28.08,21.58,29.64,0.27,24.7,False
Mumbai,India,2020-03-09,57.0,31.35,61.56,47.31,64.98,0.6,54.15,False
Mumbai,India,2020-03-10,100.0,55.0,108.0,83.0,114.0,1.05,95.0,False
Mumbai,India,2020-03-11,194.0,106.7,209.52,161.02,221.16,2.04,184.3,False
Mumbai,India,2020-03-12,170.0,93.5,183.6,141.1,193.8,1.79,161.5,False
Mumbai,India,2020-03-13,84.0,46.2,90.72,69.72,95.76,0.88,79.8,False
Mumbai,India,2020-03-14,112.0,61.6,120.96,92.96,127.68,1.18,106.4,False
Mumbai,India,2020-03-15,158.0,86.9,170.64,131.14,180.12,1.66,150.1,False
Mumbai,India,2020-03-16,153.0,84.15,165.24,126.99,174.42,1.61,145.35,False
Mumbai,India,2020-03-17,197.0,108.35,212.76,163.51,224.58,2.07,187.15,True
Mumbai,India,2020-03-18,146.0,80.3,157.68,121.18,166.44,1.53,138.7,False
Mumbai,India,2020-03-19,102.0,56.1,110.16,84.66,116.28,1.07,96.9,False
Mumbai,India,2020-03-20,82.0,45.1,88.56,68.06,93.48,0.86,77.9,False
Mumbai,India,2020-03-21,72.0,39.6,77.76,59.76,82.08,0.76,68.4,False
Mumbai,India,2020-03-22,54.0,29.7,58.32,44.82,61.56,0.57,51.3,False
Mumbai,India,2020-03-23,64.0,35.2,69.12,53.12,72.96,0.67,60.8,False
Mumbai,India,2020-03-24,81.0,44.55,87.48,67.23,92.34,0.85,76.95,False
Mumbai,India,2020-03-25,87.0,47.85,93.96,72.21,99.18,0.91,82.65,False
Mumbai,India,2020-03-26,69.0,37.95,74.52,57.27,78.66,0.72,65.55,False
Mumbai,India,2020-03-27,66.0,36.3,71.28,54.78,75.24,0.69,62.7,False
Mumbai,India,2020-03-28,72.0,39.6,77.76,59.76,82.08,0.76,68.4,False
Mumbai,India,2020-03-29,71.0,39.05,76.68,58.93,80.94,0.75,67.45,False
Mumbai,India,2020-03-30,69.0,37.95,74.52,57.27,78.66,0.72,65.55,False
Mumbai,India,2020-03-31,67.0,36.85,72.36,55.61,76.38,0.7,63.65,False
Mumbai,India,2020-04-01,221.0,121.55,238.68,183.43,251.94,2.32,209.95,True
Mumbai,India,2020-04-02,176.0,96.8,190.08,146.08,200.64,1.85,167.2,False
Mumbai,India,2020-04-03,117.0,64.35,126.36,97.11,133.38,1.23,111.15,False
Mumbai,India,2020-04-04,81.0,44.55,87.48,67.23,92.34,0.85,76.95,False
Mumbai,India,2020-04-05,37.0,20.35,39.96,30.71,42.18,0.39,35.15,False
Mumbai,India,2020-04-06,36.0,19.8,38.88,29.88,41.04,0.38,34.2,False
Mumbai,India,2020-04-07,28.0,15.4,30.24,23.24,31.92,0.29,26.6,False
Mumbai,India,2020-04-08,25.0,13.75,27.0,20.75,28.5,0.26,23.75,False
Mumbai,India,2020-04-09,69.0,37.95,74.52,57.27,78.66,0.72,65.55,False
Mumbai,India,2020-04-10,70.0,38.5,75.6,58.1,79.8,0.74,66.5,False
Mumbai,India,2020-04-11,160.0,88.0,172.8,132.8,182.4,1.68,152.0,False
Mumbai,India,2020-04-12,167.0,91.85,180.36,138.61,190.38,1.75,158.65,False
Mumbai,India,2020-04-13,76.0,41.8,82.08,63.08,86.64,0.8,72.2,False
Mumbai,India,2020-04-14,81.0,44.55,87.48,67.23,92.34,0.85,76.95,False
Mumbai,India,2020-04-15,81.0,44.55,87.48,67.23,92.34,0.85,76.95,False
Mumbai,India,2020-04-16,65.0,35.75,70.2,53.95,74.1,0.68,61.75,False
Mumbai,India,2020-04-17,65.0,35.75,70.2,53.95,74.1,0.68,61.75,False
Mumbai,India,2020-04-18,68.0,37.4,73.44,56.44,77.52,0.71,64.6,False
Mumbai,India,2020-04-19,67.0,36.85,72.36,55.61,76.38,0.7,63.65,False
Mumbai,India,2020-04-20,82.0,45.1,88.56,68.06,93.48,0.86,77.9,False
Mumbai,India,2020-04-21,65.0,35.75,70.2,53.95,74.1,0.68,61.75,False
Mumbai,India,2020-04-22,51.0,28.05,55.08,42.33,58.14,0.54,48.45,False
Mumbai,India,2020-04-23,63.0,34.65,68.04,52.29,71.82,0.66,59.85,False
Mumbai,India,2020-04-24,50.0,27.5,54.0,41.5,57.0,0.53,47.5,False
Mumbai,India,2020-04-25,48.0,26.4,51.84,39.84,54.72,0.5,45.6,False
Mumbai,India,2020-04-26,57.0,31.35,61.56,47.31,64.98,0.6,54.15,False
Mumbai,India,2020-04-27,52.0,28.6,56.16,43.16,59.28,0.55,49.4,False
Mumbai,India,2020-04-28,53.0,29.15,57.24,43.99,60.42,0.56,50.35,False
Mumbai,India,2020-04-29,81.0,44.55,87.48,67.23,92.34,0.85,76.95,False
Mumbai,India,2020-04-30,60.0,33.0,64.8,49.8,68.4,0.63,57.0,False
Mumbai,India,2020-05-01,211.0,116.05,227.88,175.13,240.54,2.22,200.45,True
Mumbai,India,2020-05-02,137.0,75.35,147.96,113.71,156.18,1.44,130.15,False
Mumbai,India,2020-05-03,104.0,57.2,112.32,86.32,118.56,1.09,98.8,False
Mumbai,India,2020-05-04,77.0,42.35,83.16,63.91,87.78,0.81,73.15,False
Mumbai,India,2020-05-05,38.0,20.9,41.04,31.54,43.32,0.4,36.1,False
Mumbai,India,2020-05-06,41.0,22.55,44.28,34.03,46.74,0.43,38.95,False
Mumbai,India,2020-05-07,33.0,18.15,35.64,27.39,37.62,0.35,31.35,False
Mumbai,India,2020-05-08,30.0,16.5,32.4,24.9,34.2,0.32,28.5,False
Mumbai,India,2020-05-09,84.0,46.2,90.72,69.72,95.76,0.88,79.8,False
Mumbai,India,2020-05-10,55.0,30.25,59.4,45.65,62.7,0.58,52.25,False
Mumbai,India,2020-05-11,163.0,89.65,176.04,135.29,185.82,1.71,154.85,False
Mumbai,India,2020-05-12,185.0,101.75,199.8,153.55,210.9,1.94,175.75,False
Mumbai,India,2020-05-13,67.0,36.85,72.36,55.61,76.38,0.7,63.65,False
Mumbai,India,2020-05-14,54.0,29.7,58.32,44.82,61.56,0.57,51.3,False
Mumbai,India,2020-05-15,70.0,38.5,75.6,58.1,79.8,0.74,66.5,False
Mumbai,India,2020-05-16,76.0,41.8,82.08,63.08,86.64,0.8,72.2,False
Mumbai,India,2020-05-17,120.0,66.0,129.6,99.6,136.8,1.26,114.0,False
Mumbai,India,2020-05-18,78.0,42.9,84.24,64.74,88.92,0.82,74.1,False
Mumbai,India,2020-05-19,74.0,40.7,79.92,61.42,84.36,0.78,70.3,False
Mumbai,India,2020-05-20,48.0,26.4,51.84,39.84,54.72,0.5,45.6,False
Mumbai,India,2020-05-21,43.0,23.65,46.44,35.69,49.02,0.45,40.85,False
Mumbai,India,2020-05-22,42.0,23.1,45.36,34.86,47.88,0.44,39.9,False
Mumbai,India,2020-05-23,45.0,24.75,48.6,37.35,51.3,0.47,42.75,False
Mumbai,India,2020-05-24,40.0,22.0,43.2,33.2,45.6,0.42,38.0,False
Mumbai,India,2020-05-25,45.0,24.75,48.6,37.35,51.3,0.47,42.75,False
Mumbai,India,2020-05-26,51.0,28.05,55.08,42.33,58.14,0.54,48.45,False
Mumbai,India,2020-05-27,45.0,24.75,48.6,37.35,51.3,0.47,42.75,False
Mumbai,India,2020-05-28,45.0,24.75,48.6,37.35,51.3,0.47,42.75,False
Mumbai,India,2020-05-29,35.0,19.25,37.8,29.05,39.9,0.37,33.25,False
Mumbai,India,2020-05-30,37.0,20.35,39.96,30.71,42.18,0.39,35.15,False
Mumbai,India,2020-05-31,43.0,23.65,46.44,35.69,49.02,0.45,40.85,False
Mumbai,India,2020-06-01,137.0,75.35,147.96,113.71,156.18,1.44,130.15,False
Mumbai,India,2020-06-02,123.0,67.65,132.84,102.09,140.22,1.29,116.85,False
Mumbai,India,2020-06-03,101.0,55.55,109.08,83.83,115.14,1.06,95.95,False
Mumbai,India,2020-06-04,58.0,31.9,62.64,48.14,66.12,0.61,55.1,False
Mumbai,India,2020-06-05,50.0,27.5,54.0,41.5,57.0,0.53,47.5,False
Mumbai,India,2020-06-06,30.0,16.5,32.4,24.9,34.2,0.32,28.5,False
Mumbai,India,2020-06-07,56.0,30.8,60.48,46.48,63.84,0.59,53.2,False
Mumbai,India,2020-06-08,36.0,19.8,38.88,29.88,41.04,0.38,34.2,False
Mumbai,India,2020-06-09,128.0,70.4,138.24,106.24,145.92,1.34,121.6,False
Mumbai,India,2020-06-10,76.0,41.8,82.08,63.08,86.64,0.8,72.2,False
Mumbai,India,2020-06-11,128.0,70.4,138.24,106.24,145.92,1.34,121.6,False
Mumbai,India,2020-06-12,149.0,81.95,160.92,123.67,169.86,1.56,141.55,False
Mumbai,India,2020-06-13,33.0,18.15,35.64,27.39,37.62,0.35,31.35,False
Mumbai,India,2020-06-14,32.0,17.6,34.56,26.56,36.48,0.34,30.4,False
Mumbai,India,2020-06-15,31.0,17.05,33.48,25.73,35.34,0.33,29.45,False
Mumbai,India,2020-06-16,37.0,20.35,39.96,30.71,42.18,0.39,35.15,False
Mumbai,India,2020-06-17,36.0,19.8,38.88,29.88,41.04,0.38,34.2,False
Mumbai,India,2020-06-18,35.0,19.25,37.8,29.05,39.9,0.37,33.25,False
Mumbai,India,2020-06-19,42.0,23.1,45.36,34.86,47.88,0.44,39.9,False
Mumbai,India,2020-06-20,51.0,28.05,55.08,42.33,58.14,0.54,48.45,False
Mumbai,India,2020-06-21,43.0,23.65,46.44,35.69,49.02,0.45,40.85,False
Mumbai,India,2020-06-22,42.0,23.1,45.36,34.86,47.88,0.44,39.9,False
Mumbai,India,2020-06-23,41.0,22.55,44.28,34.03,46.74,0.43,38.95,False
Mumbai,India,2020-06-24,33.0,18.15,35.64,27.39,37.62,0.35,31.35,False
Mumbai,India,2020-06-25,36.0,19.8,38.88,29.88,41.04,0.38,34.2,False
Mumbai,India,2020-06-26,42.0,23.1,45.36,34.86,47.88,0.44,39.9,False
Mumbai,India,2020-06-27,50.0,27.5,54.0,41.5,57.0,0.53,47.5,False
Mumbai,India,2020-06-28,49.0,26.95,52.92,40.67,55.86,0.51,46.55,False
Mumbai,India,2020-06-29,36.0,19.8,38.88,29.88,41.04,0.38,34.2,False
Mumbai,India,2020-06-30,33.0,18.15,35.64,27.39,37.62,0.35,31.35,False
Mumbai,India,2020-07-01,189.0,103.95,204.12,156.87,215.46,1.98,179.55,False
Mumbai,India,2020-07-02,126.0,69.3,136.08,104.58,143.64,1.32,119.7,False
Mumbai,India,2020-07-03,108.0,59.4,116.64,89.64,123.12,1.13,102.6,False
Mumbai,India,2020-07-04,64.0,35.2,69.12,53.12,72.96,0.67,60.8,False
Mumbai,India,2020-07-05,55.0,30.25,59.4,45.65,62.7,0.58,52.25,False
Mumbai,India,2020-07-06,41.0,22.55,44.28,34.03,46.74,0.43,38.95,False
Mumbai,India,2020-07-07,38.0,20.9,41.04,31.54,43.32,0.4,36.1,False
Mumbai,India,2020-07-08,36.0,19.8,38.88,29.88,41.04,0.38,34.2,False
Mumbai,India,2020-07-09,55.0,30.25,59.4,45.65,62.7,0.58,52.25,False
Mumbai,India,2020-07-10,93.0,51.15,100.44,77.19,106.02,0.98,88.35,False
Mumbai,India,2020-07-11,130.0,71.5,140.4,107.9,148.2,1.37,123.5,False
Mumbai,India,2020-07-12,144.0,79.2,155.52,119.52,164.16,1.51,136.8,False
Mumbai,India,2020-07-13,36.0,19.8,38.88,29.88,41.04,0.38,34.2,False
Mumbai,India,2020-07-14,36.0,19.8,38.88,29.88,41.04,0.38,34.2,False
Mumbai,India,2020-07-15,31.0,17.05,33.48,25.73,35.34,0.33,29.45,False
Mumbai,India,2020-07-16,33.0,18.15,35.64,27.39,37.62,0.35,31.35,False
Mumbai,India,2020-07-17,34.0,18.7,36.72,28.22,38.76,0.36,32.3,False
Mumbai,India,2020-07-18,37.0,20.35,39.96,30.71,42.18,0.39,35.15,False
Mumbai,India,2020-07-19,46.0,25.3,49.68,38.18,52.44,0.48,43.7,False
Mumbai,India,2020-07-20,47.0,25.85,50.76,39.01,53.58,0.49,44.65,False
Mumbai,India,2020-07-21,49.0,26.95,52.92,40.67,55.86,0.51,46.55,False
Mumbai,India,2020-07-22,54.0,29.7,58.32,44.82,61.56,0.57,51.3,False
Mumbai,India,2020-07-23,39.0,21.45,42.12,32.37,44.46,0.41,37.05,False
Mumbai,India,2020-07-24,50.0,27.5,54.0,41.5,57.0,0.53,47.5,False
Mumbai,India,2020-07-25,44.0,24.2,47.52,36.52,50.16,0.46,41.8,False
Mumbai,India,2020-07-26,45.0,24.75,48.6,37.35,51.3,0.47,42.75,False
Mumbai,India,2020-07-27,26.0,14.3,28.08,21.58,29.64,0.27,24.7,False
Mumbai,India,2020-07-28,35.0,19.25,37.8,29.05,39.9,0.37,33.25,False
Mumbai,India,2020-07-29,37.0,20.35,39.96,30.71,42.18,0.39,35.15,False
Mumbai,India,2020-07-30,32.0,17.6,34.56,26.56,36.48,0.34,30.4,False
Mumbai,India,2020-07-31,35.0,19.25,37.8,29.05,39.9,0.37,33.25,False
Mumbai,India,2020-08-01,152.0,83.6,164.16,126.16,173.28,1.6,144.4,False
Mumbai,India,2020-08-02,135.0,74.25,145.8,112.05,153.9,1.42,128.25,False
Mumbai,India,2020-08-03,119.0,65.45,128.52,98.77,135.66,1.25,113.05,False
Mumbai,India,2020-08-04,97.0,53.35,104.76,80.51,110.58,1.02,92.15,False
Mumbai,India,2020-08-05,67.0,36.85,72.36,55.61,76.38,0.7,63.65,False
Mumbai,India,2020-08-06,36.0,19.8,38.88,29.88,41.04,0.38,34.2,False
Mumbai,India,2020-08-07,38.0,20.9,41.04,31.54,43.32,0.4,36.1,False
Mumbai,India,2020-08-08,49.0,26.95,52.92,40.67,55.86,0.51,46.55,False
Mumbai,India,2020-08-09,49.0,26.95,52.92,40.67,55.86,0.51,46.55,False
Mumbai,India,2020-08-10,106.0,58.3,114.48,87.98,120.84,1.11,100.7,False
Mumbai,India,2020-08-11,142.0,78.1,153.36,117.86,161.88,1.49,134.9,False
Mumbai,India,2020-08-12,157.0,86.35,169.56,130.31,178.98,1.65,149.15,False
Mumbai,India,2020-08-13,38.0,20.9,41.04,31.54,43.32,0.4,36.1,False
Mumbai,India,2020-08-14,35.0,19.25,37.8,29.05,39.9,0.37,33.25,False
Mumbai,India,2020-08-15,37.0,20.35,39.96,30.71,42.18,0.39,35.15,False
Mumbai,India,2020-08-16,47.0,25.85,50.76,39.01,53.58,0.49,44.65,False
Mumbai,India,2020-08-17,43.0,23.65,46.44,35.69,49.02,0.45,40.85,False
Mumbai,India,2020-08-18,28.0,15.4,30.24,23.24,31.92,0.29,26.6,False
Mumbai,India,2020-08-19,33.0,18.15,35.64,27.39,37.62,0.35,31.35,False
Mumbai,India,2020-08-20,41.0,22.55,44.28,34.03,46.74,0.43,38.95,False
Mumbai,India,2020-08-21,39.0,21.45,42.12,32.37,44.46,0.41,37.05,False
Mumbai,India,2020-08-22,35.0,19.25,37.8,29.05,39.9,0.37,33.25,False
Mumbai,India,2020-08-23,37.0,20.35,39.96,30.71,42.18,0.39,35.15,False
Mumbai,India,2020-08-24,36.0,19.8,38.88,29.88,41.04,0.38,34.2,False
Mumbai,India,2020-08-25,49.0,26.95,52.92,40.67,55.86,0.51,46.55,False
Mumbai,India,2020-08-26,36.0,19.8,38.88,29.88,41.04,0.38,34.2,False
Mumbai,India,2020-08-27,35.0,19.25,37.8,29.05,39.9,0.37,33.25,False
Mumbai,India,2020-08-28,32.0,17.6,34.56,26.56,36.48,0.34,30.4,False
Mumbai,India,2020-08-29,31.0,17.05,33.48,25.73,35.34,0.33,29.45,False
Mumbai,India,2020-08-30,28.0,15.4,30.24,23.24,31.92,0.29,26.6,False
Mumbai,India,2020-08-31,30.0,16.5,32.4,24.9,34.2,0.32,28.5,False
Mumbai,India,2020-09-01,124.0,68.2,133.92,102.92,141.36,1.3,117.8,False
Mumbai,India,2020-09-02,138.0,75.9,149.04,114.54,157.32,1.45,131.1,False
Mumbai,India,2020-09-03,123.0,67.65,132.84,102.09,140.22,1.29,116.85,False
Mumbai,India,2020-09-04,94.0,51.7,101.52,78.02,107.16,0.99,89.3,False
Mumbai,India,2020-09-05,65.0,35.75,70.2,53.95,74.1,0.68,61.75,False
Mumbai,India,2020-09-06,34.0,18.7,36.72,28.22,38.76,0.36,32.3,False
Mumbai,India,2020-09-07,45.0,24.75,48.6,37.35,51.3,0.47,42.75,False
Mumbai,India,2020-09-08,44.0,24.2,47.52,36.52,50.16,0.46,41.8,False
Mumbai,India,2020-09-09,55.0,30.25,59.4,45.65,62.7,0.58,52.25,False
Mumbai,India,2020-09-10,124.0,68.2,133.92,102.92,141.36,1.3,117.8,False
Mumbai,India,2020-09-11,148.0,81.4,159.84,122.84,168.72,1.55,140.6,False
Mumbai,India,2020-09-12,136.0,74.8,146.88,112.88,155.04,1.43,129.2,False
Mumbai,India,2020-09-13,39.0,21.45,42.12,32.37,44.46,0.41,37.05,False
Mumbai,India,2020-09-14,44.0,24.2,47.52,36.52,50.16,0.46,41.8,False
Mumbai,India,2020-09-15,40.0,22.0,43.2,33.2,45.6,0.42,38.0,False
Mumbai,India,2020-09-16,39.0,21.45,42.12,32.37,44.46,0.41,37.05,False
Mumbai,India,2020-09-17,40.0,22.0,43.2,33.2,45.6,0.42,38.0,False
Mumbai,India,2020-09-18,52.0,28.6,56.16,43.16,59.28,0.55,49.4,False
Mumbai,India,2020-09-19,59.0,32.45,63.72,48.97,67.26,0.62,56.05,False
Mumbai,India,2020-09-20,53.0,29.15,57.24,43.99,60.42,0.56,50.35,False
Mumbai,India,2020-09-21,58.0,31.9,62.64,48.14,66.12,0.61,55.1,False
Mumbai,India,2020-09-22,64.0,35.2,69.12,53.12,72.96,0.67,60.8,False
Mumbai,India,2020-09-23,42.0,23.1,45.36,34.86,47.88,0.44,39.9,False
Mumbai,India,2020-09-24,44.0,24.2,47.52,36.52,50.16,0.46,41.8,False
Mumbai,India,2020-09-25,53.0,29.15,57.24,43.99,60.42,0.56,50.35,False
Mumbai,India,2020-09-26,63.0,34.65,68.04,52.29,71.82,0.66,59.85,False
Mumbai,India,2020-09-27,65.0,35.75,70.2,53.95,74.1,0.68,61.75,False
Mumbai,India,2020-09-28,69.0,37.95,74.52,57.27,78.66,0.72,65.55,False
Mumbai,India,2020-09-29,75.0,41.25,81.0,62.25,85.5,0.79,71.25,False
Mumbai,India,2020-09-30,80.0,44.0,86.4,66.4,91.2,0.84,76.0,False
Mumbai,India,2020-10-01,125.0,68.75,135.0,103.75,142.5,1.31,118.75,False
Mumbai,India,2020-10-02,134.0,73.7,144.72,111.22,152.76,1.41,127.3,False
Mumbai,India,2020-10-03,130.0,71.5,140.4,107.9,148.2,1.37,123.5,False
Mumbai,India,2020-10-04,83.0,45.65,89.64,68.89,94.62,0.87,78.85,False
Mumbai,India,2020-10-05,64.0,35.2,69.12,53.12,72.96,0.67,60.8,False
Mumbai,India,2020-10-06,40.0,22.0,43.2,33.2,45.6,0.42,38.0,False
Mumbai,India,2020-10-07,48.0,26.4,51.84,39.84,54.72,0.5,45.6,False
Mumbai,India,2020-10-08,42.0,23.1,45.36,34.86,47.88,0.44,39.9,False
Mumbai,India,2020-10-09,68.0,37.4,73.44,56.44,77.52,0.71,64.6,False
Mumbai,India,2020-10-10,145.0,79.75,156.6,120.35,165.3,1.52,137.75,False
Mumbai,India,2020-10-11,146.0,80.3,157.68,121.18,166.44,1.53,138.7,False
Mumbai,India,2020-10-12,143.0,78.65,154.44,118.69,163.02,1.5,135.85,False
Mumbai,India,2020-10-13,110.0,60.5,118.8,91.3,125.4,1.16,104.5,False
Mumbai,India,2020-10-14,106.0,58.3,114.48,87.98,120.84,1.11,100.7,False
Mumbai,India,2020-10-15,68.0,37.4,73.44,56.44,77.52,0.71,64.6,False
Mumbai,India,2020-10-16,59.0,32.45,63.72,48.97,67.26,0.62,56.05,False
Mumbai,India,2020-10-17,71.0,39.05,76.68,58.93,80.94,0.75,67.45,False
Mumbai,India,2020-10-18,82.0,45.1,88.56,68.06,93.48,0.86,77.9,False
Mumbai,India,2020-10-19,78.0,42.9,84.24,64.74,88.92,0.82,74.1,False
Mumbai,India,2020-10-20,90.0,49.5,97.2,74.7,102.6,0.95,85.5,False
Mumbai,India,2020-10-21,83.0,45.65,89.64,68.89,94.62,0.87,78.85,False
Mumbai,India,2020-10-22,90.0,49.5,97.2,74.7,102.6,0.95,85.5,False
Mumbai,India,2020-10-23,82.0,45.1,88.56,68.06,93.48,0.86,77.9,False
Mumbai,India,2020-10-24,113.0,62.15,122.04,93.79,128.82,1.19,107.35,False
Mumbai,India,2020-10-25,83.0,45.65,89.64,68.89,94.62,0.87,78.85,False
Mumbai,India,2020-10-26,94.0,51.7,101.52,78.02,107.16,0.99,89.3,False
Mumbai,India,2020-10-27,100.0,55.0,108.0,83.0,114.0,1.05,95.0,False
Mumbai,India,2020-10-28,130.0,71.5,140.4,107.9,148.2,1.37,123.5,False
Mumbai,India,2020-10-29,146.0,80.3,157.68,121.18,166.44,1.53,138.7,False
Mumbai,India,2020-10-30,131.0,72.05,141.48,108.73,149.34,1.38,124.45,False
Mumbai,India,2020-10-31,119.0,65.45,128.52,98.77,135.66,1.25,113.05,False
Mumbai,India,2020-11-01,155.0,85.25,167.4,128.65,176.7,1.63,147.25,False
Mumbai,India,2020-11-02,139.0,76.45,150.12,115.37,158.46,1.46,132.05,False
Mumbai,India,2020-11-03,73.0,40.15,78.84,60.59,83.22,0.77,69.35,False
Mumbai,India,2020-11-04,77.0,42.35,83.16,63.91,87.78,0.81,73.15,False
Mumbai,India,2020-11-05,61.0,33.55,65.88,50.63,69.54,0.64,57.95,False
Mumbai,India,2020-11-06,35.0,19.25,37.8,29.05,39.9,0.37,33.25,False
Mumbai,India,2020-11-07,45.0,24.75,48.6,37.35,51.3,0.47,42.75,False
Mumbai,India,2020-11-08,41.0,22.55,44.28,34.03,46.74,0.43,38.95,False
Mumbai,India,2020-11-09,68.0,37.4,73.44,56.44,77.52,0.71,64.6,False
Mumbai,India,2020-11-10,110.0,60.5,118.8,91.3,125.4,1.16,104.5,False
Mumbai,India,2020-11-11,182.0,100.1,196.56,151.06,207.48,1.91,172.9,False
Mumbai,India,2020-11-12,151.0,83.05,163.08,125.33,172.14,1.59,143.45,False
Mumbai,India,2020-11-13,171.0,94.05,184.68,141.93,194.94,1.8,162.45,False
Mumbai,India,2020-11-14,131.0,72.05,141.48,108.73,149.34,1.38,124.45,False
Mumbai,India,2020-11-15,148.0,81.4,159.84,122.84,168.72,1.55,140.6,False
Mumbai,India,2020-11-16,143.0,78.65,154.44,118.69,163.02,1.5,135.85,False
Mumbai,India,2020-11-17,175.0,96.25,189.0,145.25,199.5,1.84,166.25,False
Mumbai,India,2020-11-18,167.0,91.85,180.36,138.61,190.38,1.75,158.65,False
Mumbai,India,2020-11-19,146.0,80.3,157.68,121.18,166.44,1.53,138.7,False
Mumbai,India,2020-11-20,143.0,78.65,154.44,118.69,163.02,1.5,135.85,False
Mumbai,India,2020-11-21,160.0,88.0,172.8,132.8,182.4,1.68,152.0,False
Mumbai,India,2020-11-22,170.0,93.5,183.6,141.1,193.8,1.79,161.5,False
Mumbai,India,2020-11-23,156.0,85.8,168.48,129.48,177.84,1.64,148.2,False
Mumbai,India,2020-11-24,139.0,76.45,150.12,115.37,158.46,1.46,132.05,False
Mumbai,India,2020-11-25,210.0,115.5,226.8,174.3,239.4,2.21,199.5,True
Mumbai,India,2020-11-26,225.0,123.75,243.0,186.75,256.5,2.36,213.75,True
Mumbai,India,2020-11-27,182.0,100.1,196.56,151.06,207.48,1.91,172.9,False
Mumbai,India,2020-11-28,139.0,76.45,150.12,115.37,158.46,1.46,132.05,False
Mumbai,India,2020-11-29,110.0,60.5,118.8,91.3,125.4,1.16,104.5,False
Mumbai,India,2020-11-30,125.0,68.75,135.0,103.75,142.5,1.31,118.75,False
Mumbai,India,2020-12-01,217.0,119.35,234.36,180.11,247.38,2.28,206.15,True
Mumbai,India,2020-12-02,133.0,73.15,143.64,110.39,151.62,1.4,126.35,False
Mumbai,India,2020-12-03,79.0,43.45,85.32,65.57,90.06,0.83,75.05,False
Mumbai,India,2020-12-04,87.0,47.85,93.96,72.21,99.18,0.91,82.65,False
Mumbai,India,2020-12-05,67.0,36.85,72.36,55.61,76.38,0.7,63.65,False
Mumbai,India,2020-12-06,38.0,20.9,41.04,31.54,43.32,0.4,36.1,False
Mumbai,India,2020-12-07,36.0,19.8,38.88,29.88,41.04,0.38,34.2,False
Mumbai,India,2020-12-08,38.0,20.9,41.04,31.54,43.32,0.4,36.1,False
Mumbai,India,2020-12-09,48.0,26.4,51.84,39.84,54.72,0.5,45.6,False
Mumbai,India,2020-12-10,99.0,54.45,106.92,82.17,112.86,1.04,94.05,False
Mumbai,India,2020-12-11,170.0,93.5,183.6,141.1,193.8,1.79,161.5,False
Mumbai,India,2020-12-12,139.0,76.45,150.12,115.37,158.46,1.46,132.05,False
Mumbai,India,2020-12-13,146.0,80.3,157.68,121.18,166.44,1.53,138.7,False
Mumbai,India,2020-12-14,105.0,57.75,113.4,87.15,119.7,1.1,99.75,False
Mumbai,India,2020-12-15,152.0,83.6,164.16,126.16,173.28,1.6,144.4,False
Mumbai,India,2020-12-16,194.0,106.7,209.52,161.02,221.16,2.04,184.3,False
Mumbai,India,2020-12-17,205.0,112.75,221.4,170.15,233.7,2.15,194.75,True
Mumbai,India,2020-12-18,203.0,111.65,219.24,168.49,231.42,2.13,192.85,True
Mumbai,India,2020-12-19,185.0,101.75,199.8,153.55,210.9,1.94,175.75,False
Mumbai,India,2020-12-20,178.0,97.9,192.24,147.74,202.92,1.87,169.1,False
Mumbai,India,2020-12-21,151.0,83.05,163.08,125.33,172.14,1.59,143.45,False
Mumbai,India,2020-12-22,141.0,77.55,152.28,117.03,160.74,1.48,133.95,False
Mumbai,India,2020-12-23,172.0,94.6,185.76,142.76,196.08,1.81,163.4,False
Mumbai,India,2020-12-24,193.0,106.15,208.44,160.19,220.02,2.03,183.35,False
Mumbai,India,2020-12-25,209.0,114.95,225.72,173.47,238.26,2.19,198.55,True
Mumbai,India,2020-12-26,221.0,121.55,238.68,183.43,251.94,2.32,209.95,True
Mumbai,India,2020-12-27,225.0,123.75,243.0,186.75,256.5,2.36,213.75,True
Mumbai,India,2020-12-28,168.0,92.4,181.44,139.44,191.52,1.76,159.6,False
Mumbai,India,2020-12-29,192.0,105.6,207.36,159.36,218.88,2.02,182.4,False
Mumbai,India,2020-12-30,225.0,123.75,243.0,186.75,256.5,2.36,213.75,True
Mumbai,India,2020-12-31,245.0,134.75,264.6,203.35,279.3,2.57,232.75,True
Mumbai,India,2021-01-01,244.0,134.2,263.52,202.52,278.16,2.56,231.8,True
Mumbai,India,2021-01-02,184.0,101.2,198.72,152.72,209.76,1.93,174.8,False
Mumbai,India,2021-01-03,161.0,88.55,173.88,133.63,183.54,1.69,152.95,False
Mumbai,India,2021-01-04,113.0,62.15,122.04,93.79,128.82,1.19,107.35,False
Mumbai,India,2021-01-05,68.0,37.4,73.44,56.44,77.52,0.71,64.6,False
Mumbai,India,2021-01-06,61.0,33.55,65.88,50.63,69.54,0.64,57.95,False
Mumbai,India,2021-01-07,70.0,38.5,75.6,58.1,79.8,0.74,66.5,False
Mumbai,India,2021-01-08,63.0,34.65,68.04,52.29,71.82,0.66,59.85,False
Mumbai,India,2021-01-09,54.0,29.7,58.32,44.82,61.56,0.57,51.3,False
Mumbai,India,2021-01-10,76.0,41.8,82.08,63.08,86.64,0.8,72.2,False
Mumbai,India,2021-01-11,188.0,103.4,203.04,156.04,214.32,1.97,178.6,False
Mumbai,India,2021-01-12,154.0,84.7,166.32,127.82,175.56,1.62,146.3,False
Mumbai,India,2021-01-13,193.0,106.15,208.44,160.19,220.02,2.03,183.35,False
Mumbai,India,2021-01-14,193.0,106.15,208.44,160.19,220.02,2.03,183.35,False
Mumbai,India,2021-01-15,145.0,79.75,156.6,120.35,165.3,1.52,137.75,False
Mumbai,India,2021-01-16,140.0,77.0,151.2,116.2,159.6,1.47,133.0,False
Mumbai,India,2021-01-17,173.0,95.15,186.84,143.59,197.22,1.82,164.35,False
Mumbai,India,2021-01-18,124.0,68.2,133.92,102.92,141.36,1.3,117.8,False
Mumbai,India,2021-01-19,153.0,84.15,165.24,126.99,174.42,1.61,145.35,False
Mumbai,India,2021-01-20,193.0,106.15,208.44,160.19,220.02,2.03,183.35,False
Mumbai,India,2021-01-21,189.0,103.95,204.12,156.87,215.46,1.98,179.55,False
Mumbai,India,2021-01-22,233.0,128.15,251.64,193.39,265.62,2.45,221.35,True
Mumbai,India,2021-01-23,255.0,140.25,275.4,211.65,290.7,2.68,242.25,True
Mumbai,India,2021-01-24,198.0,108.9,213.84,164.34,225.72,2.08,188.1,True
Mumbai,India,2021-01-25,207.0,113.85,223.56,171.81,235.98,2.17,196.65,True
Mumbai,India,2021-01-26,223.0,122.65,240.84,185.09,254.22,2.34,211.85,True
Mumbai,India,2021-01-27,231.0,127.05,249.48,191.73,263.34,2.43,219.45,True
Mumbai,India,2021-01-28,247.0,135.85,266.76,205.01,281.58,2.59,234.65,True
Mumbai,India,2021-01-29,224.0,123.2,241.92,185.92,255.36,2.35,212.8,True
Mumbai,India,2021-01-30,218.0,119.9,235.44,180.94,248.52,2.29,207.1,True
Mumbai,India,2021-01-31,196.0,107.8,211.68,162.68,223.44,2.06,186.2,True
Mumbai,India,2021-02-01,255.0,140.25,275.4,211.65,290.7,2.68,242.25,True
Mumbai,India,2021-02-02,180.0,99.0,194.4,149.4,205.2,1.89,171.0,False
Mumbai,India,2021-02-03,175.0,96.25,189.0,145.25,199.5,1.84,166.25,False
Mumbai,India,2021-02-04,162.0,89.1,174.96,134.46,184.68,1.7,153.9,False
Mumbai,India,2021-02-05,71.0,39.05,76.68,58.93,80.94,0.75,67.45,False
Mumbai,India,2021-02-06,50.0,27.5,54.0,41.5,57.0,0.53,47.5,False
Mumbai,India,2021-02-07,62.0,34.1,66.96,51.46,70.68,0.65,58.9,False
Mumbai,India,2021-02-08,58.0,31.9,62.64,48.14,66.12,0.61,55.1,False
Mumbai,India,2021-02-09,52.0,28.6,56.16,43.16,59.28,0.55,49.4,False
Mumbai,India,2021-02-10,77.0,42.35,83.16,63.91,87.78,0.81,73.15,False
Mumbai,India,2021-02-11,211.0,116.05,227.88,175.13,240.54,2.22,200.45,True
Mumbai,India,2021-02-12,78.0,42.9,84.24,64.74,88.92,0.82,74.1,False
Mumbai,India,2021-02-13,182.0,100.1,196.56,151.06,207.48,1.91,172.9,False
Mumbai,India,2021-02-14,132.0,72.6,142.56,109.56,150.48,1.39,125.4,False
Mumbai,India,2021-02-15,100.0,55.0,108.0,83.0,114.0,1.05,95.0,False
Mumbai,India,2021-02-16,99.0,54.45,106.92,82.17,112.86,1.04,94.05,False
Mumbai,India,2021-02-17,100.0,55.0,108.0,83.0,114.0,1.05,95.0,False
Mumbai,India,2021-02-18,206.0,113.3,222.48,170.98,234.84,2.16,195.7,True
Mumbai,India,2021-02-19,120.0,66.0,129.6,99.6,136.8,1.26,114.0,False
Mumbai,India,2021-02-20,116.0,63.8,125.28,96.28,132.24,1.22,110.2,False
Mumbai,India,2021-02-21,119.0,65.45,128.52,98.77,135.66,1.25,113.05,False
Mumbai,India,2021-02-22,144.0,79.2,155.52,119.52,164.16,1.51,136.8,False
Mumbai,India,2021-02-23,169.0,92.95,182.52,140.27,192.66,1.77,160.55,False
Mumbai,India,2021-02-24,224.0,123.2,241.92,185.92,255.36,2.35,212.8,True
Mumbai,India,2021-02-25,191.0,105.05,206.28,158.53,217.74,2.01,181.45,False
Mumbai,India,2021-02-26,127.0,69.85,137.16,105.41,144.78,1.33,120.65,False
Mumbai,India,2021-02-27,110.0,60.5,118.8,91.3,125.4,1.16,104.5,False
Mumbai,India,2021-02-28,139.0,76.45,150.12,115.37,158.46,1.46,132.05,False
Mumbai,India,2021-03-01,251.0,138.05,271.08,208.33,286.14,2.64,238.45,True
Mumbai,India,2021-03-02,188.0,103.4,203.04,156.04,214.32,1.97,178.6,False
Mumbai,India,2021-03-03,142.0,78.1,153.36,117.86,161.88,1.49,134.9,False
Mumbai,India,2021-03-04,139.0,76.45,150.12,115.37,158.46,1.46,132.05,False
Mumbai,India,2021-03-05,105.0,57.75,113.4,87.15,119.7,1.1,99.75,False
Mumbai,India,2021-03-06,53.0,29.15,57.24,43.99,60.42,0.56,50.35,False
Mumbai,India,2021-03-07,60.0,33.0,64.8,49.8,68.4,0.63,57.0,False
Mumbai,India,2021-03-08,50.0,27.5,54.0,41.5,57.0,0.53,47.5,False
Mumbai,India,2021-03-09,53.0,29.15,57.24,43.99,60.42,0.56,50.35,False
Mumbai,India,2021-03-10,78.0,42.9,84.24,64.74,88.92,0.82,74.1,False
Mumbai,India,2021-03-11,179.0,98.45,193.32,148.57,204.06,1.88,170.05,False
Mumbai,India,2021-03-12,93.0,51.15,100.44,77.19,106.02,0.98,88.35,False
Mumbai,India,2021-03-13,152.0,83.6,164.16,126.16,173.28,1.6,144.4,False
Mumbai,India,2021-03-14,157.0,86.35,169.56,130.31,178.98,1.65,149.15,False
Mumbai,India,2021-03-15,156.0,85.8,168.48,129.48,177.84,1.64,148.2,False
Mumbai,India,2021-03-16,151.0,83.05,163.08,125.33,172.14,1.59,143.45,False
Mumbai,India,2021-03-17,158.0,86.9,170.64,131.14,180.12,1.66,150.1,False
Mumbai,India,2021-03-18,154.0,84.7,166.32,127.82,175.56,1.62,146.3,False
Mumbai,India,2021-03-19,145.0,79.75,156.6,120.35,165.3,1.52,137.75,False
Mumbai,India,2021-03-20,161.0,88.55,173.88,133.63,183.54,1.69,152.95,False
Mumbai,India,2021-03-21,171.0,94.05,184.68,141.93,194.94,1.8,162.45,False
Mumbai,India,2021-03-22,143.0,78.65,154.44,118.69,163.02,1.5,135.85,False
Mumbai,India,2021-03-23,160.0,88.0,172.8,132.8,182.4,1.68,152.0,False
Mumbai,India,2021-03-24,193.0,106.15,208.44,160.19,220.02,2.03,183.35,False
Mumbai,India,2021-03-25,170.0,93.5,183.6,141.1,193.8,1.79,161.5,False
Mumbai,India,2021-03-26,170.0,93.5,183.6,141.1,193.8,1.79,161.5,False
Mumbai,India,2021-03-27,177.0,97.35,191.16,146.91,201.78,1.86,168.15,False
Mumbai,India,2021-03-28,172.0,94.6,185.76,142.76,196.08,1.81,163.4,False
Mumbai,India,2021-03-29,130.0,71.5,140.4,107.9,148.2,1.37,123.5,False
Mumbai,India,2021-03-30,75.0,41.25,81.0,62.25,85.5,0.79,71.25,False
Mumbai,India,2021-03-31,81.0,44.55,87.48,67.23,92.34,0.85,76.95,False
Mumbai,India,2021-04-01,226.0,124.3,244.08,187.58,257.64,2.37,214.7,True
Mumbai,India,2021-04-02,182.0,100.1,196.56,151.06,207.48,1.91,172.9,False
Mumbai,India,2021-04-03,185.0,101.75,199.8,153.55,210.9,1.94,175.75,False
Mumbai,India,2021-04-04,102.0,56.1,110.16,84.66,116.28,1.07,96.9,False
Mumbai,India,2021-04-05,80.0,44.0,86.4,66.4,91.2,0.84,76.0,False
Mumbai,India,2021-04-06,46.0,25.3,49.68,38.18,52.44,0.48,43.7,False
Mumbai,India,2021-04-07,56.0,30.8,60.48,46.48,63.84,0.59,53.2,False
Mumbai,India,2021-04-08,53.0,29.15,57.24,43.99,60.42,0.56,50.35,False
Mumbai,India,2021-04-09,54.0,29.7,58.32,44.82,61.56,0.57,51.3,False
Mumbai,India,2021-04-10,78.0,42.9,84.24,64.74,88.92,0.82,74.1,False
Mumbai,India,2021-04-11,164.0,90.2,177.12,136.12,186.96,1.72,155.8,False
Mumbai,India,2021-04-12,116.0,63.8,125.28,96.28,132.24,1.22,110.2,False
Mumbai,India,2021-04-13,111.0,61.05,119.88,92.13,126.54,1.17,105.45,False
Mumbai,India,2021-04-14,94.0,51.7,101.52,78.02,107.16,0.99,89.3,False
Mumbai,India,2021-04-15,88.0,48.4,95.04,73.04,100.32,0.92,83.6,False
Mumbai,India,2021-04-16,79.0,43.45,85.32,65.57,90.06,0.83,75.05,False
Mumbai,India,2021-04-17,65.0,35.75,70.2,53.95,74.1,0.68,61.75,False
Mumbai,India,2021-04-18,72.0,39.6,77.76,59.76,82.08,0.76,68.4,False
Mumbai,India,2021-04-19,88.0,48.4,95.04,73.04,100.32,0.92,83.6,False
Mumbai,India,2021-04-20,67.0,36.85,72.36,55.61,76.38,0.7,63.65,False
Mumbai,India,2021-04-21,58.0,31.9,62.64,48.14,66.12,0.61,55.1,False
Mumbai,India,2021-04-22,70.0,38.5,75.6,58.1,79.8,0.74,66.5,False
Mumbai,India,2021-04-23,79.0,43.45,85.32,65.57,90.06,0.83,75.05,False
Mumbai,India,2021-04-24,75.0,41.25,81.0,62.25,85.5,0.79,71.25,False
Mumbai,India,2021-04-25,74.0,40.7,79.92,61.42,84.36,0.78,70.3,False
Mumbai,India,2021-04-26,129.0,70.95,139.32,107.07,147.06,1.35,122.55,False
Mumbai,India,2021-04-27,185.0,101.75,199.8,153.55,210.9,1.94,175.75,False
Mumbai,India,2021-04-28,125.0,68.75,135.0,103.75,142.5,1.31,118.75,False
Mumbai,India,2021-04-29,81.0,44.55,87.48,67.23,92.34,0.85,76.95,False
Mumbai,India,2021-04-30,72.0,39.6,77.76,59.76,82.08,0.76,68.4,False
Mumbai,India,2021-05-01,234.0,128.7,252.72,194.22,266.76,2.46,222.3,True
Mumbai,India,2021-05-02,182.0,100.1,196.56,151.06,207.48,1.91,172.9,False
Mumbai,India,2021-05-03,211.0,116.05,227.88,175.13,240.54,2.22,200.45,True
Mumbai,India,2021-05-04,90.0,49.5,97.2,74.7,102.6,0.95,85.5,False
Mumbai,India,2021-05-05,76.0,41.8,82.08,63.08,86.64,0.8,72.2,False
Mumbai,India,2021-05-06,51.0,28.05,55.08,42.33,58.14,0.54,48.45,False
Mumbai,India,2021-05-07,64.0,35.2,69.12,53.12,72.96,0.67,60.8,False
Mumbai,India,2021-05-08,55.0,30.25,59.4,45.65,62.7,0.58,52.25,False
Mumbai,India,2021-05-09,53.0,29.15,57.24,43.99,60.42,0.56,50.35,False
Mumbai,India,2021-05-10,71.0,39.05,76.68,58.93,80.94,0.75,67.45,False
Mumbai,India,2021-05-11,199.0,109.45,214.92,165.17,226.86,2.09,189.05,True
Mumbai,India,2021-05-12,109.0,59.95,117.72,90.47,124.26,1.14,103.55,False
Mumbai,India,2021-05-13,64.0,35.2,69.12,53.12,72.96,0.67,60.8,False
Mumbai,India,2021-05-14,65.0,35.75,70.2,53.95,74.1,0.68,61.75,False
Mumbai,India,2021-05-15,85.0,46.75,91.8,70.55,96.9,0.89,80.75,False
Mumbai,India,2021-05-16,80.0,44.0,86.4,66.4,91.2,0.84,76.0,False
Mumbai,India,2021-05-17,47.0,25.85,50.76,39.01,53.58,0.49,44.65,False
Mumbai,India,2021-05-18,48.0,26.4,51.84,39.84,54.72,0.5,45.6,False
Mumbai,India,2021-05-19,54.0,29.7,58.32,44.82,61.56,0.57,51.3,False
Mumbai,India,2021-05-20,88.0,48.4,95.04,73.04,100.32,0.92,83.6,False
Mumbai,India,2021-05-21,120.0,66.0,129.6,99.6,136.8,1.26,114.0,False
Mumbai,India,2021-05-22,92.0,50.6,99.36,76.36,104.88,0.97,87.4,False
Mumbai,India,2021-05-23,81.0,44.55,87.48,67.23,92.34,0.85,76.95,False
Mumbai,India,2021-05-24,71.0,39.05,76.68,58.93,80.94,0.75,67.45,False
Mumbai,India,2021-05-25,74.0,40.7,79.92,61.42,84.36,0.78,70.3,False
Mumbai,India,2021-05-26,71.0,39.05,76.68,58.93,80.94,0.75,67.45,False
Mumbai,India,2021-05-27,73.0,40.15,78.84,60.59,83.22,0.77,69.35,False
Mumbai,India,2021-05-28,65.0,35.75,70.2,53.95,74.1,0.68,61.75,False
Mumbai,India,2021-05-29,69.0,37.95,74.52,57.27,78.66,0.72,65.55,False
Mumbai,India,2021-05-30,55.0,30.25,59.4,45.65,62.7,0.58,52.25,False
Mumbai,India,2021-05-31,58.0,31.9,62.64,48.14,66.12,0.61,55.1,False
Mumbai,India,2021-06-01,274.0,150.7,295.92,227.42,312.36,2.88,260.3,True
Mumbai,India,2021-06-02,149.0,81.95,160.92,123.67,169.86,1.56,141.55,False
Mumbai,India,2021-06-03,147.0,80.85,158.76,122.01,167.58,1.54,139.65,False
Mumbai,India,2021-06-04,115.0,63.25,124.2,95.45,131.1,1.21,109.25,False
Mumbai,India,2021-06-05,72.0,39.6,77.76,59.76,82.08,0.76,68.4,False
Mumbai,India,2021-06-06,49.0,26.95,52.92,40.67,55.86,0.51,46.55,False
Mumbai,India,2021-06-07,76.0,41.8,82.08,63.08,86.64,0.8,72.2,False
Mumbai,India,2021-06-08,63.0,34.65,68.04,52.29,71.82,0.66,59.85,False
Mumbai,India,2021-06-09,64.0,35.2,69.12,53.12,72.96,0.67,60.8,False
Mumbai,India,2021-06-10,74.0,40.7,79.92,61.42,84.36,0.78,70.3,False
Mumbai,India,2021-06-11,117.0,64.35,126.36,97.11,133.38,1.23,111.15,False
Mumbai,India,2021-06-12,95.0,52.25,102.6,78.85,108.3,1.0,90.25,False
Mumbai,India,2021-06-13,41.0,22.55,44.28,34.03,46.74,0.43,38.95,False
Mumbai,India,2021-06-14,56.0,30.8,60.48,46.48,63.84,0.59,53.2,False
Mumbai,India,2021-06-15,64.0,35.2,69.12,53.12,72.96,0.67,60.8,False
Mumbai,India,2021-06-16,41.0,22.55,44.28,34.03,46.74,0.43,38.95,False
Mumbai,India,2021-06-17,70.0,38.5,75.6,58.1,79.8,0.74,66.5,False
Mumbai,India,2021-06-18,72.0,39.6,77.76,59.76,82.08,0.76,68.4,False
Mumbai,India,2021-06-19,68.0,37.4,73.44,56.44,77.52,0.71,64.6,False
Mumbai,India,2021-06-20,96.0,52.8,103.68,79.68,109.44,1.01,91.2,False
Mumbai,India,2021-06-21,117.0,64.35,126.36,97.11,133.38,1.23,111.15,False
Mumbai,India,2021-06-22,92.0,50.6,99.36,76.36,104.88,0.97,87.4,False
Mumbai,India,2021-06-23,93.0,51.15,100.44,77.19,106.02,0.98,88.35,False
Mumbai,India,2021-06-24,85.0,46.75,91.8,70.55,96.9,0.89,80.75,False
Mumbai,India,2021-06-25,56.0,30.8,60.48,46.48,63.84,0.59,53.2,False
Mumbai,India,2021-06-26,67.0,36.85,72.36,55.61,76.38,0.7,63.65,False
Mumbai,India,2021-06-27,66.0,36.3,71.28,54.78,75.24,0.69,62.7,False
Mumbai,India,2021-06-28,55.0,30.25,59.4,45.65,62.7,0.58,52.25,False
Mumbai,India,2021-06-29,60.0,33.0,64.8,49.8,68.4,0.63,57.0,False
Mumbai,India,2021-06-30,56.0,30.8,60.48,46.48,63.84,0.59,53.2,False
Mumbai,India,2021-07-01,285.0,156.75,307.8,236.55,324.9,2.99,270.75,True
Mumbai,India,2021-07-02,151.0,83.05,163.08,125.33,172.14,1.59,143.45,False
Mumbai,India,2021-07-03,128.0,70.4,138.24,106.24,145.92,1.34,121.6,False
Mumbai,India,2021-07-04,101.0,55.55,109.08,83.83,115.14,1.06,95.95,False
Mumbai,India,2021-07-05,72.0,39.6,77.76,59.76,82.08,0.76,68.4,False
Mumbai,India,2021-07-06,42.0,23.1,45.36,34.86,47.88,0.44,39.9,False
Mumbai,India,2021-07-07,74.0,40.7,79.92,61.42,84.36,0.78,70.3,False
Mumbai,India,2021-07-08,59.0,32.45,63.72,48.97,67.26,0.62,56.05,False
Mumbai,India,2021-07-09,58.0,31.9,62.64,48.14,66.12,0.61,55.1,False
Mumbai,India,2021-07-10,61.0,33.55,65.88,50.63,69.54,0.64,57.95,False
Mumbai,India,2021-07-11,110.0,60.5,118.8,91.3,125.4,1.16,104.5,False
Mumbai,India,2021-07-12,218.0,119.9,235.44,180.94,248.52,2.29,207.1,True
Mumbai,India,2021-07-13,56.0,30.8,60.48,46.48,63.84,0.59,53.2,False
Mumbai,India,2021-07-14,47.0,25.85,50.76,39.01,53.58,0.49,44.65,False
Mumbai,India,2021-07-15,42.0,23.1,45.36,34.86,47.88,0.44,39.9,False
Mumbai,India,2021-07-16,42.0,23.1,45.36,34.86,47.88,0.44,39.9,False
Mumbai,India,2021-07-17,42.0,23.1,45.36,34.86,47.88,0.44,39.9,False
Mumbai,India,2021-07-18,55.0,30.25,59.4,45.65,62.7,0.58,52.25,False
Mumbai,India,2021-07-19,52.0,28.6,56.16,43.16,59.28,0.55,49.4,False
Mumbai,India,2021-07-20,57.0,31.35,61.56,47.31,64.98,0.6,54.15,False
Mumbai,India,2021-07-21,54.0,29.7,58.32,44.82,61.56,0.57,51.3,False
Mumbai,India,2021-07-22,63.0,34.65,68.04,52.29,71.82,0.66,59.85,False
Mumbai,India,2021-07-23,78.0,42.9,84.24,64.74,88.92,0.82,74.1,False
Mumbai,India,2021-07-24,59.0,32.45,63.72,48.97,67.26,0.62,56.05,False
Mumbai,India,2021-07-25,63.0,34.65,68.04,52.29,71.82,0.66,59.85,False
Mumbai,India,2021-07-26,63.0,34.65,68.04,52.29,71.82,0.66,59.85,False
Mumbai,India,2021-07-27,63.0,34.65,68.04,52.29,71.82,0.66,59.85,False
Mumbai,India,2021-07-28,68.0,37.4,73.44,56.44,77.52,0.71,64.6,False
Mumbai,India,2021-07-29,68.0,37.4,73.44,56.44,77.52,0.71,64.6,False
Mumbai,India,2021-07-30,65.0,35.75,70.2,53.95,74.1,0.68,61.75,False
Mumbai,India,2021-07-31,66.0,36.3,71.28,54.78,75.24,0.69,62.7,False
Mumbai,India,2021-08-01,272.0,149.6,293.76,225.76,310.08,2.86,258.4,True
Mumbai,India,2021-08-02,150.0,82.5,162.0,124.5,171.0,1.58,142.5,False
Mumbai,India,2021-08-03,110.0,60.5,118.8,91.3,125.4,1.16,104.5,False
Mumbai,India,2021-08-04,99.0,54.45,106.92,82.17,112.86,1.04,94.05,False
Mumbai,India,2021-08-05,69.0,37.95,74.52,57.27,78.66,0.72,65.55,False
Mumbai,India,2021-08-06,49.0,26.95,52.92,40.67,55.86,0.51,46.55,False
Mumbai,India,2021-08-07,66.0,36.3,71.28,54.78,75.24,0.69,62.7,False
Mumbai,India,2021-08-08,71.0,39.05,76.68,58.93,80.94,0.75,67.45,False
Mumbai,India,2021-08-09,47.0,25.85,50.76,39.01,53.58,0.49,44.65,False
Mumbai,India,2021-08-10,64.0,35.2,69.12,53.12,72.96,0.67,60.8,False
Mumbai,India,2021-08-11,176.0,96.8,190.08,146.08,200.64,1.85,167.2,False
Mumbai,India,2021-08-12,216.0,118.8,233.28,179.28,246.24,2.27,205.2,True
Mumbai,India,2021-08-13,61.0,33.55,65.88,50.63,69.54,0.64,57.95,False
Mumbai,India,2021-08-14,53.0,29.15,57.24,43.99,60.42,0.56,50.35,False
Mumbai,India,2021-08-15,51.0,28.05,55.08,42.33,58.14,0.54,48.45,False
Mumbai,India,2021-08-16,58.0,31.9,62.64,48.14,66.12,0.61,55.1,False
Mumbai,India,2021-08-17,52.0,28.6,56.16,43.16,59.28,0.55,49.4,False
Mumbai,India,2021-08-18,48.0,26.4,51.84,39.84,54.72,0.5,45.6,False
Mumbai,India,2021-08-19,49.0,26.95,52.92,40.67,55.86,0.51,46.55,False
Mumbai,India,2021-08-20,45.0,24.75,48.6,37.35,51.3,0.47,42.75,False
Mumbai,India,2021-08-21,40.0,22.0,43.2,33.2,45.6,0.42,38.0,False
Mumbai,India,2021-08-22,50.0,27.5,54.0,41.5,57.0,0.53,47.5,False
Mumbai,India,2021-08-23,54.0,29.7,58.32,44.82,61.56,0.57,51.3,False
Mumbai,India,2021-08-24,48.0,26.4,51.84,39.84,54.72,0.5,45.6,False
Mumbai,India,2021-08-25,52.0,28.6,56.16,43.16,59.28,0.55,49.4,False
Mumbai,India,2021-08-26,47.0,25.85,50.76,39.01,53.58,0.49,44.65,False
Mumbai,India,2021-08-27,56.0,30.8,60.48,46.48,63.84,0.59,53.2,False
Mumbai,India,2021-08-28,69.0,37.95,74.52,57.27,78.66,0.72,65.55,False
Mumbai,India,2021-08-29,66.0,36.3,71.28,54.78,75.24,0.69,62.7,False
Mumbai,India,2021-08-30,74.0,40.7,79.92,61.42,84.36,0.78,70.3,False
Mumbai,India,2021-08-31,59.0,32.45,63.72,48.97,67.26,0.62,56.05,False
Mumbai,India,2021-09-01,234.0,128.7,252.72,194.22,266.76,2.46,222.3,True
Mumbai,India,2021-09-02,165.0,90.75,178.2,136.95,188.1,1.73,156.75,False
Mumbai,India,2021-09-03,137.0,75.35,147.96,113.71,156.18,1.44,130.15,False
Mumbai,India,2021-09-04,99.0,54.45,106.92,82.17,112.86,1.04,94.05,False
Mumbai,India,2021-09-05,78.0,42.9,84.24,64.74,88.92,0.82,74.1,False
Mumbai,India,2021-09-06,39.0,21.45,42.12,32.37,44.46,0.41,37.05,False
Mumbai,India,2021-09-07,52.0,28.6,56.16,43.16,59.28,0.55,49.4,False
Mumbai,India,2021-09-08,57.0,31.35,61.56,47.31,64.98,0.6,54.15,False
Mumbai,India,2021-09-09,46.0,25.3,49.68,38.18,52.44,0.48,43.7,False
Mumbai,India,2021-09-10,54.0,29.7,58.32,44.82,61.56,0.57,51.3,False
Mumbai,India,2021-09-11,172.0,94.6,185.76,142.76,196.08,1.81,163.4,False
Mumbai,India,2021-09-12,211.0,116.05,227.88,175.13,240.54,2.22,200.45,True
Mumbai,India,2021-09-13,52.0,28.6,56.16,43.16,59.28,0.55,49.4,False
Mumbai,India,2021-09-14,67.0,36.85,72.36,55.61,76.38,0.7,63.65,False
Mumbai,India,2021-09-15,66.0,36.3,71.28,54.78,75.24,0.69,62.7,False
Mumbai,India,2021-09-16,75.0,41.25,81.0,62.25,85.5,0.79,71.25,False
Mumbai,India,2021-09-17,68.0,37.4,73.44,56.44,77.52,0.71,64.6,False
Mumbai,India,2021-09-18,58.0,31.9,62.64,48.14,66.12,0.61,55.1,False
Mumbai,India,2021-09-19,46.0,25.3,49.68,38.18,52.44,0.48,43.7,False
Mumbai,India,2021-09-20,48.0,26.4,51.84,39.84,54.72,0.5,45.6,False
Mumbai,India,2021-09-21,47.0,25.85,50.76,39.01,53.58,0.49,44.65,False
Mumbai,India,2021-09-22,53.0,29.15,57.24,43.99,60.42,0.56,50.35,False
Mumbai,India,2021-09-23,58.0,31.9,62.64,48.14,66.12,0.61,55.1,False
Mumbai,India,2021-09-24,66.0,36.3,71.28,54.78,75.24,0.69,62.7,False
Mumbai,India,2021-09-25,72.0,39.6,77.76,59.76,82.08,0.76,68.4,False
Mumbai,India,2021-09-26,64.0,35.2,69.12,53.12,72.96,0.67,60.8,False
Mumbai,India,2021-09-27,61.0,33.55,65.88,50.63,69.54,0.64,57.95,False
Mumbai,India,2021-09-28,62.0,34.1,66.96,51.46,70.68,0.65,58.9,False
Mumbai,India,2021-09-29,45.0,24.75,48.6,37.35,51.3,0.47,42.75,False
Mumbai,India,2021-09-30,48.0,26.4,51.84,39.84,54.72,0.5,45.6,False
Mumbai,India,2021-10-01,244.0,134.2,263.52,202.52,278.16,2.56,231.8,True
Mumbai,India,2021-10-02,196.0,107.8,211.68,162.68,223.44,2.06,186.2,True
Mumbai,India,2021-10-03,151.0,83.05,163.08,125.33,172.14,1.59,143.45,False
Mumbai,India,2021-10-04,137.0,75.35,147.96,113.71,156.18,1.44,130.15,False
Mumbai,India,2021-10-05,68.0,37.4,73.44,56.44,77.52,0.71,64.6,False
Mumbai,India,2021-10-06,33.0,18.15,35.64,27.39,37.62,0.35,31.35,False
Mumbai,India,2021-10-07,59.0,32.45,63.72,48.97,67.26,0.62,56.05,False
Mumbai,India,2021-10-08,68.0,37.4,73.44,56.44,77.52,0.71,64.6,False
Mumbai,India,2021-10-09,49.0,26.95,52.92,40.67,55.86,0.51,46.55,False
Mumbai,India,2021-10-10,58.0,31.9,62.64,48.14,66.12,0.61,55.1,False
Mumbai,India,2021-10-11,164.0,90.2,177.12,136.12,186.96,1.72,155.8,False
Mumbai,India,2021-10-12,193.0,106.15,208.44,160.19,220.02,2.03,183.35,False
Mumbai,India,2021-10-13,84.0,46.2,90.72,69.72,95.76,0.88,79.8,False
Mumbai,India,2021-10-14,140.0,77.0,151.2,116.2,159.6,1.47,133.0,False
Mumbai,India,2021-10-15,141.0,77.55,152.28,117.03,160.74,1.48,133.95,False
Mumbai,India,2021-10-16,107.0,58.85,115.56,88.81,121.98,1.12,101.65,False
Mumbai,India,2021-10-17,153.0,84.15,165.24,126.99,174.42,1.61,145.35,False
Mumbai,India,2021-10-18,102.0,56.1,110.16,84.66,116.28,1.07,96.9,False
Mumbai,India,2021-10-19,94.0,51.7,101.52,78.02,107.16,0.99,89.3,False
Mumbai,India,2021-10-20,87.0,47.85,93.96,72.21,99.18,0.91,82.65,False
Mumbai,India,2021-10-21,106.0,58.3,114.48,87.98,120.84,1.11,100.7,False
Mumbai,India,2021-10-22,143.0,78.65,154.44,118.69,163.02,1.5,135.85,False
Mumbai,India,2021-10-23,111.0,61.05,119.88,92.13,126.54,1.17,105.45,False
Mumbai,India,2021-10-24,74.0,40.7,79.92,61.42,84.36,0.78,70.3,False
Mumbai,India,2021-10-25,58.0,31.9,62.64,48.14,66.12,0.61,55.1,False
Mumbai,India,2021-10-26,96.0,52.8,103.68,79.68,109.44,1.01,91.2,False
Mumbai,India,2021-10-27,119.0,65.45,128.52,98.77,135.66,1.25,113.05,False
Mumbai,India,2021-10-28,130.0,71.5,140.4,107.9,148.2,1.37,123.5,False
Mumbai,India,2021-10-29,126.0,69.3,136.08,104.58,143.64,1.32,119.7,False
Mumbai,India,2021-10-30,128.0,70.4,138.24,106.24,145.92,1.34,121.6,False
Mumbai,India,2021-10-31,155.0,85.25,167.4,128.65,176.7,1.63,147.25,False
Mumbai,India,2021-11-01,214.0,117.7,231.12,177.62,243.96,2.25,203.3,True
Mumbai,India,2021-11-02,245.0,134.75,264.6,203.35,279.3,2.57,232.75,True
Mumbai,India,2021-11-03,120.0,66.0,129.6,99.6,136.8,1.26,114.0,False
Mumbai,India,2021-11-04,106.0,58.3,114.48,87.98,120.84,1.11,100.7,False
Mumbai,India,2021-11-05,67.0,36.85,72.36,55.61,76.38,0.7,63.65,False
Mumbai,India,2021-11-06,45.0,24.75,48.6,37.35,51.3,0.47,42.75,False
Mumbai,India,2021-11-07,50.0,27.5,54.0,41.5,57.0,0.53,47.5,False
Mumbai,India,2021-11-08,54.0,29.7,58.32,44.82,61.56,0.57,51.3,False
Mumbai,India,2021-11-09,48.0,26.4,51.84,39.84,54.72,0.5,45.6,False
Mumbai,India,2021-11-10,63.0,34.65,68.04,52.29,71.82,0.66,59.85,False
Mumbai,India,2021-11-11,174.0,95.7,187.92,144.42,198.36,1.83,165.3,False
Mumbai,India,2021-11-12,173.0,95.15,186.84,143.59,197.22,1.82,164.35,False
Mumbai,India,2021-11-13,195.0,107.25,210.6,161.85,222.3,2.05,185.25,True
Mumbai,India,2021-11-14,201.0,110.55,217.08,166.83,229.14,2.11,190.95,True
Mumbai,India,2021-11-15,200.0,110.0,216.0,166.0,228.0,2.1,190.0,True
Mumbai,India,2021-11-16,222.0,122.1,239.76,184.26,253.08,2.33,210.9,True
Mumbai,India,2021-11-17,153.0,84.15,165.24,126.99,174.42,1.61,145.35,False
Mumbai,India,2021-11-18,81.0,44.55,87.48,67.23,92.34,0.85,76.95,False
Mumbai,India,2021-11-19,84.0,46.2,90.72,69.72,95.76,0.88,79.8,False
Mumbai,India,2021-11-20,102.0,56.1,110.16,84.66,116.28,1.07,96.9,False
Mumbai,India,2021-11-21,84.0,46.2,90.72,69.72,95.76,0.88,79.8,False
Mumbai,India,2021-11-22,66.0,36.3,71.28,54.78,75.24,0.69,62.7,False
Mumbai,India,2021-11-23,76.0,41.8,82.08,63.08,86.64,0.8,72.2,False
Mumbai,India,2021-11-24,94.0,51.7,101.52,78.02,107.16,0.99,89.3,False
Mumbai,India,2021-11-25,149.0,81.95,160.92,123.67,169.86,1.56,141.55,False
Mumbai,India,2021-11-26,136.0,74.8,146.88,112.88,155.04,1.43,129.2,False
Mumbai,India,2021-11-27,152.0,83.6,164.16,126.16,173.28,1.6,144.4,False
Mumbai,India,2021-11-28,145.0,79.75,156.6,120.35,165.3,1.52,137.75,False
Mumbai,India,2021-11-29,120.0,66.0,129.6,99.6,136.8,1.26,114.0,False
Mumbai,India,2021-11-30,150.0,82.5,162.0,124.5,171.0,1.58,142.5,False
Mumbai,India,2021-12-01,194.0,106.7,209.52,161.02,221.16,2.04,184.3,False
Mumbai,India,2021-12-02,249.0,136.95,268.92,206.67,283.86,2.61,236.55,True
Mumbai,India,2021-12-03,98.0,53.9,105.84,81.34,111.72,1.03,93.1,False
Mumbai,India,2021-12-04,92.0,50.6,99.36,76.36,104.88,0.97,87.4,False
Mumbai,India,2021-12-05,59.0,32.45,63.72,48.97,67.26,0.62,56.05,False
Mumbai,India,2021-12-06,34.0,18.7,36.72,28.22,38.76,0.36,32.3,False
Mumbai,India,2021-12-07,40.0,22.0,43.2,33.2,45.6,0.42,38.0,False
Mumbai,India,2021-12-08,58.0,31.9,62.64,48.14,66.12,0.61,55.1,False
Mumbai,India,2021-12-09,44.0,24.2,47.52,36.52,50.16,0.46,41.8,False
Mumbai,India,2021-12-10,69.0,37.95,74.52,57.27,78.66,0.72,65.55,False
Mumbai,India,2021-12-11,171.0,94.05,184.68,141.93,194.94,1.8,162.45,False
Mumbai,India,2021-12-12,184.0,101.2,198.72,152.72,209.76,1.93,174.8,False
Mumbai,India,2021-12-13,181.0,99.55,195.48,150.23,206.34,1.9,171.95,False
Mumbai,India,2021-12-14,119.0,65.45,128.52,98.77,135.66,1.25,113.05,False
Mumbai,India,2021-12-15,176.0,96.8,190.08,146.08,200.64,1.85,167.2,False
Mumbai,India,2021-12-16,223.0,122.65,240.84,185.09,254.22,2.34,211.85,True
Mumbai,India,2021-12-17,241.0,132.55,260.28,200.03,274.74,2.53,228.95,True
Mumbai,India,2021-12-18,236.0,129.8,254.88,195.88,269.04,2.48,224.2,True
Mumbai,India,2021-12-19,214.0,117.7,231.12,177.62,243.96,2.25,203.3,True
Mumbai,India,2021-12-20,199.0,109.45,214.92,165.17,226.86,2.09,189.05,True
Mumbai,India,2021-12-21,232.0,127.6,250.56,192.56,264.48,2.44,220.4,True
Mumbai,India,2021-12-22,230.0,126.5,248.4,190.9,262.2,2.42,218.5,True
Mumbai,India,2021-12-23,214.0,117.7,231.12,177.62,243.96,2.25,203.3,True
Mumbai,India,2021-12-24,180.0,99.0,194.4,149.4,205.2,1.89,171.0,False
Mumbai,India,2021-12-25,110.0,60.5,118.8,91.3,125.4,1.16,104.5,False
Mumbai,India,2021-12-26,182.0,100.1,196.56,151.06,207.48,1.91,172.9,False
Mumbai,India,2021-12-27,215.0,118.25,232.2,178.45,245.1,2.26,204.25,True
Mumbai,India,2021-12-28,201.0,110.55,217.08,166.83,229.14,2.11,190.95,True
Mumbai,India,2021-12-29,138.0,75.9,149.04,114.54,157.32,1.45,131.1,False
Mumbai,India,2021-12-30,155.0,85.25,167.4,128.65,176.7,1.63,147.25,False
Mumbai,India,2021-12-31,176.0,96.8,190.08,146.08,200.64,1.85,167.2,False
Mumbai,India,2022-01-01,173.0,95.15,186.84,143.59,197.22,1.82,164.35,False
Mumbai,India,2022-01-02,177.0,97.35,191.16,146.91,201.78,1.86,168.15,False
Mumbai,India,2022-01-03,187.0,102.85,201.96,155.21,213.18,1.96,177.65,False
Mumbai,India,2022-01-04,196.0,107.8,211.68,162.68,223.44,2.06,186.2,True
Mumbai,India,2022-01-05,89.0,48.95,96.12,73.87,101.46,0.93,84.55,False
Mumbai,India,2022-01-06,79.0,43.45,85.32,65.57,90.06,0.83,75.05,False
Mumbai,India,2022-01-07,58.0,31.9,62.64,48.14,66.12,0.61,55.1,False
Mumbai,India,2022-01-08,65.0,35.75,70.2,53.95,74.1,0.68,61.75,False
Mumbai,India,2022-01-09,64.0,35.2,69.12,53.12,72.96,0.67,60.8,False
Mumbai,India,2022-01-10,78.0,42.9,84.24,64.74,88.92,0.82,74.1,False
Mumbai,India,2022-01-11,152.0,83.6,164.16,126.16,173.28,1.6,144.4,False
Mumbai,India,2022-01-12,213.0,117.15,230.04,176.79,242.82,2.24,202.35,True
Mumbai,India,2022-01-13,172.0,94.6,185.76,142.76,196.08,1.81,163.4,False
Mumbai,India,2022-01-14,208.0,114.4,224.64,172.64,237.12,2.18,197.6,True
Mumbai,India,2022-01-15,182.0,100.1,196.56,151.06,207.48,1.91,172.9,False
Mumbai,India,2022-01-16,160.0,88.0,172.8,132.8,182.4,1.68,152.0,False
Mumbai,India,2022-01-17,147.0,80.85,158.76,122.01,167.58,1.54,139.65,False
Mumbai,India,2022-01-18,171.0,94.05,184.68,141.93,194.94,1.8,162.45,False
Mumbai,India,2022-01-19,181.0,99.55,195.48,150.23,206.34,1.9,171.95,False
Mumbai,India,2022-01-20,154.0,84.7,166.32,127.82,175.56,1.62,146.3,False
Mumbai,India,2022-01-21,110.0,60.5,118.8,91.3,125.4,1.16,104.5,False
Mumbai,India,2022-01-22,99.0,54.45,106.92,82.17,112.86,1.04,94.05,False
Mumbai,India,2022-01-23,247.0,135.85,266.76,205.01,281.58,2.59,234.65,True
Mumbai,India,2022-01-24,381.0,209.55,411.48,316.23,434.34,4.0,361.95,True
Mumbai,India,2022-01-25,268.0,147.4,289.44,222.44,305.52,2.81,254.6,True
Mumbai,India,2022-01-26,267.0,146.85,288.36,221.61,304.38,2.8,253.65,True
Mumbai,India,2022-01-27,212.0,116.6,228.96,175.96,241.68,2.23,201.4,True
Mumbai,India,2022-01-28,160.0,88.0,172.8,132.8,182.4,1.68,152.0,False
Mumbai,India,2022-01-29,162.0,89.1,174.96,134.46,184.68,1.7,153.9,False
Mumbai,India,2022-01-30,168.0,92.4,181.44,139.44,191.52,1.76,159.6,False
Mumbai,India,2022-01-31,176.0,96.8,190.08,146.08,200.64,1.85,167.2,False
Mumbai,India,2022-02-01,150.0,82.5,162.0,124.5,171.0,1.58,142.5,False
Mumbai,India,2022-02-02,179.0,98.45,193.32,148.57,204.06,1.88,170.05,False
Mumbai,India,2022-02-03,216.0,118.8,233.28,179.28,246.24,2.27,205.2,True
Mumbai,India,2022-02-04,214.0,117.7,231.12,177.62,243.96,2.25,203.3,True
Mumbai,India,2022-02-05,103.0,56.65,111.24,85.49,117.42,1.08,97.85,False
Mumbai,India,2022-02-06,99.0,54.45,106.92,82.17,112.86,1.04,94.05,False
Mumbai,India,2022-02-07,67.0,36.85,72.36,55.61,76.38,0.7,63.65,False
Mumbai,India,2022-02-08,63.0,34.65,68.04,52.29,71.82,0.66,59.85,False
Mumbai,India,2022-02-09,74.0,40.7,79.92,61.42,84.36,0.78,70.3,False
Mumbai,India,2022-02-10,58.0,31.9,62.64,48.14,66.12,0.61,55.1,False
Mumbai,India,2022-02-11,169.0,92.95,182.52,140.27,192.66,1.77,160.55,False
Mumbai,India,2022-02-12,216.0,118.8,233.28,179.28,246.24,2.27,205.2,True
Mumbai,India,2022-02-13,174.0,95.7,187.92,144.42,198.36,1.83,165.3,False
Mumbai,India,2022-02-14,128.0,70.4,138.24,106.24,145.92,1.34,121.6,False
Mumbai,India,2022-02-15,105.0,57.75,113.4,87.15,119.7,1.1,99.75,False
Mumbai,India,2022-02-16,93.0,51.15,100.44,77.19,106.02,0.98,88.35,False
Mumbai,India,2022-02-17,88.0,48.4,95.04,73.04,100.32,0.92,83.6,False
Mumbai,India,2022-02-18,111.0,61.05,119.88,92.13,126.54,1.17,105.45,False
Mumbai,India,2022-02-19,143.0,78.65,154.44,118.69,163.02,1.5,135.85,False
Mumbai,India,2022-02-20,132.0,72.6,142.56,109.56,150.48,1.39,125.4,False
Mumbai,India,2022-02-21,154.0,84.7,166.32,127.82,175.56,1.62,146.3,False
Mumbai,India,2022-02-22,158.0,86.9,170.64,131.14,180.12,1.66,150.1,False
Mumbai,India,2022-02-23,119.0,65.45,128.52,98.77,135.66,1.25,113.05,False
Mumbai,India,2022-02-24,168.0,92.4,181.44,139.44,191.52,1.76,159.6,False
Mumbai,India,2022-02-25,219.0,120.45,236.52,181.77,249.66,2.3,208.05,True
Mumbai,India,2022-02-26,223.0,122.65,240.84,185.09,254.22,2.34,211.85,True
Mumbai,India,2022-02-27,156.0,85.8,168.48,129.48,177.84,1.64,148.2,False
Mumbai,India,2022-02-28,215.0,118.25,232.2,178.45,245.1,2.26,204.25,True
Mumbai,India,2022-03-01,156.0,85.8,168.48,129.48,177.84,1.64,148.2,False
Mumbai,India,2022-03-02,187.0,102.85,201.96,155.21,213.18,1.96,177.65,False
Mumbai,India,2022-03-03,204.0,112.2,220.32,169.32,232.56,2.14,193.8,True
Mumbai,India,2022-03-04,172.0,94.6,185.76,142.76,196.08,1.81,163.4,False
Mumbai,India,2022-03-05,91.0,50.05,98.28,75.53,103.74,0.96,86.45,False
Mumbai,India,2022-03-06,108.0,59.4,116.64,89.64,123.12,1.13,102.6,False
Mumbai,India,2022-03-07,72.0,39.6,77.76,59.76,82.08,0.76,68.4,False
Mumbai,India,2022-03-08,89.0,48.95,96.12,73.87,101.46,0.93,84.55,False
Mumbai,India,2022-03-09,80.0,44.0,86.4,66.4,91.2,0.84,76.0,False
Mumbai,India,2022-03-10,58.0,31.9,62.64,48.14,66.12,0.61,55.1,False
Mumbai,India,2022-03-11,141.0,77.55,152.28,117.03,160.74,1.48,133.95,False
Mumbai,India,2022-03-12,219.0,120.45,236.52,181.77,249.66,2.3,208.05,True
Mumbai,India,2022-03-13,170.0,93.5,183.6,141.1,193.8,1.79,161.5,False
Mumbai,India,2022-03-14,167.0,91.85,180.36,138.61,190.38,1.75,158.65,False
Mumbai,India,2022-03-15,198.0,108.9,213.84,164.34,225.72,2.08,188.1,True
Mumbai,India,2022-03-16,184.0,101.2,198.72,152.72,209.76,1.93,174.8,False
Mumbai,India,2022-03-17,189.0,103.95,204.12,156.87,215.46,1.98,179.55,False
Mumbai,India,2022-03-18,187.0,102.85,201.96,155.21,213.18,1.96,177.65,False
Mumbai,India,2022-03-19,111.0,61.05,119.88,92.13,126.54,1.17,105.45,False
Mumbai,India,2022-03-20,106.0,58.3,114.48,87.98,120.84,1.11,100.7,False
Mumbai,India,2022-03-21,159.0,87.45,171.72,131.97,181.26,1.67,151.05,False
Mumbai,India,2022-03-22,152.0,83.6,164.16,126.16,173.28,1.6,144.4,False
Mumbai,India,2022-03-23,155.0,85.25,167.4,128.65,176.7,1.63,147.25,False
Mumbai,India,2022-03-24,211.0,116.05,227.88,175.13,240.54,2.22,200.45,True
Mumbai,India,2022-03-25,132.0,72.6,142.56,109.56,150.48,1.39,125.4,False
Mumbai,India,2022-03-26,109.0,59.95,117.72,90.47,124.26,1.14,103.55,False
Mumbai,India,2022-03-27,110.0,60.5,118.8,91.3,125.4,1.16,104.5,False
Mumbai,India,2022-03-28,113.0,62.15,122.04,93.79,128.82,1.19,107.35,False
Mumbai,India,2022-03-29,127.0,69.85,137.16,105.41,144.78,1.33,120.65,False
Mumbai,India,2022-03-30,128.0,70.4,138.24,106.24,145.92,1.34,121.6,False
Mumbai,India,2022-03-31,105.0,57.75,113.4,87.15,119.7,1.1,99.75,False
Mumbai,India,2022-04-01,184.0,101.2,198.72,152.72,209.76,1.93,174.8,False
Mumbai,India,2022-04-02,162.0,89.1,174.96,134.46,184.68,1.7,153.9,False
Mumbai,India,2022-04-03,177.0,97.35,191.16,146.91,201.78,1.86,168.15,False
Mumbai,India,2022-04-04,142.0,78.1,153.36,117.86,161.88,1.49,134.9,False
Mumbai,India,2022-04-05,103.0,56.65,111.24,85.49,117.42,1.08,97.85,False
Mumbai,India,2022-04-06,77.0,42.35,83.16,63.91,87.78,0.81,73.15,False
Mumbai,India,2022-04-07,65.0,35.75,70.2,53.95,74.1,0.68,61.75,False
Mumbai,India,2022-04-08,61.0,33.55,65.88,50.63,69.54,0.64,57.95,False
Mumbai,India,2022-04-09,69.0,37.95,74.52,57.27,78.66,0.72,65.55,False
Mumbai,India,2022-04-10,70.0,38.5,75.6,58.1,79.8,0.74,66.5,False
Mumbai,India,2022-04-11,145.0,79.75,156.6,120.35,165.3,1.52,137.75,False
Mumbai,India,2022-04-12,249.0,136.95,268.92,206.67,283.86,2.61,236.55,True
Mumbai,India,2022-04-13,92.0,50.6,99.36,76.36,104.88,0.97,87.4,False
Mumbai,India,2022-04-14,88.0,48.4,95.04,73.04,100.32,0.92,83.6,False
Mumbai,India,2022-04-15,72.0,39.6,77.76,59.76,82.08,0.76,68.4,False
Mumbai,India,2022-04-16,89.0,48.95,96.12,73.87,101.46,0.93,84.55,False
Mumbai,India,2022-04-17,94.0,51.7,101.52,78.02,107.16,0.99,89.3,False
Mumbai,India,2022-04-18,83.0,45.65,89.64,68.89,94.62,0.87,78.85,False
Mumbai,India,2022-04-19,80.0,44.0,86.4,66.4,91.2,0.84,76.0,False
Mumbai,India,2022-04-20,81.0,44.55,87.48,67.23,92.34,0.85,76.95,False
Mumbai,India,2022-04-21,125.0,68.75,135.0,103.75,142.5,1.31,118.75,False
Mumbai,India,2022-04-22,127.0,69.85,137.16,105.41,144.78,1.33,120.65,False
Mumbai,India,2022-04-23,139.0,76.45,150.12,115.37,158.46,1.46,132.05,False
Mumbai,India,2022-04-24,104.0,57.2,112.32,86.32,118.56,1.09,98.8,False
Mumbai,India,2022-04-25,91.0,50.05,98.28,75.53,103.74,0.96,86.45,False
Mumbai,India,2022-04-26,101.0,55.55,109.08,83.83,115.14,1.06,95.95,False
Mumbai,India,2022-04-27,85.0,46.75,91.8,70.55,96.9,0.89,80.75,False
Mumbai,India,2022-04-28,114.0,62.7,123.12,94.62,129.96,1.2,108.3,False
Mumbai,India,2022-04-29,102.0,56.1,110.16,84.66,116.28,1.07,96.9,False
Mumbai,India,2022-04-30,86.0,47.3,92.88,71.38,98.04,0.9,81.7,False
Mumbai,India,2022-05-01,219.0,120.45,236.52,181.77,249.66,2.3,208.05,True
Mumbai,India,2022-05-02,276.0,151.8,298.08,229.08,314.64,2.9,262.2,True
Mumbai,India,2022-05-03,167.0,91.85,180.36,138.61,190.38,1.75,158.65,False
Mumbai,India,2022-05-04,108.0,59.4,116.64,89.64,123.12,1.13,102.6,False
Mumbai,India,2022-05-05,118.0,64.9,127.44,97.94,134.52,1.24,112.1,False
Mumbai,India,2022-05-06,69.0,37.95,74.52,57.27,78.66,0.72,65.55,False
Mumbai,India,2022-05-07,60.0,33.0,64.8,49.8,68.4,0.63,57.0,False
Mumbai,India,2022-05-08,71.0,39.05,76.68,58.93,80.94,0.75,67.45,False
Mumbai,India,2022-05-09,60.0,33.0,64.8,49.8,68.4,0.63,57.0,False
Mumbai,India,2022-05-10,75.0,41.25,81.0,62.25,85.5,0.79,71.25,False
Mumbai,India,2022-05-11,159.0,87.45,171.72,131.97,181.26,1.67,151.05,False
Mumbai,India,2022-05-12,272.0,149.6,293.76,225.76,310.08,2.86,258.4,True
Mumbai,India,2022-05-13,123.0,67.65,132.84,102.09,140.22,1.29,116.85,False
Mumbai,India,2022-05-14,132.0,72.6,142.56,109.56,150.48,1.39,125.4,False
Mumbai,India,2022-05-15,118.0,64.9,127.44,97.94,134.52,1.24,112.1,False
Mumbai,India,2022-05-16,131.0,72.05,141.48,108.73,149.34,1.38,124.45,False
Mumbai,India,2022-05-17,157.0,86.35,169.56,130.31,178.98,1.65,149.15,False
Mumbai,India,2022-05-18,212.0,116.6,228.96,175.96,241.68,2.23,201.4,True
Mumbai,India,2022-05-19,238.0,130.9,257.04,197.54,271.32,2.5,226.1,True
Mumbai,India,2022-05-20,179.0,98.45,193.32,148.57,204.06,1.88,170.05,False
Mumbai,India,2022-05-21,147.0,80.85,158.76,122.01,167.58,1.54,139.65,False
Mumbai,India,2022-05-22,106.0,58.3,114.48,87.98,120.84,1.11,100.7,False
Mumbai,India,2022-05-23,83.0,45.65,89.64,68.89,94.62,0.87,78.85,False
Mumbai,India,2022-05-24,88.0,48.4,95.04,73.04,100.32,0.92,83.6,False
Mumbai,India,2022-05-25,97.0,53.35,104.76,80.51,110.58,1.02,92.15,False
Mumbai,India,2022-05-26,95.0,52.25,102.6,78.85,108.3,1.0,90.25,False
Mumbai,India,2022-05-27,76.0,41.8,82.08,63.08,86.64,0.8,72.2,False
Mumbai,India,2022-05-28,86.0,47.3,92.88,71.38,98.04,0.9,81.7,False
Mumbai,India,2022-05-29,83.0,45.65,89.64,68.89,94.62,0.87,78.85,False
Mumbai,India,2022-05-30,66.0,36.3,71.28,54.78,75.24,0.69,62.7,False
Mumbai,India,2022-05-31,87.0,47.85,93.96,72.21,99.18,0.91,82.65,False
Mumbai,India,2022-06-01,170.0,93.5,183.6,141.1,193.8,1.79,161.5,False
Mumbai,India,2022-06-02,228.0,125.4,246.24,189.24,259.92,2.39,216.6,True
Mumbai,India,2022-06-03,185.0,101.75,199.8,153.55,210.9,1.94,175.75,False
Mumbai,India,2022-06-04,98.0,53.9,105.84,81.34,111.72,1.03,93.1,False
Mumbai,India,2022-06-05,139.0,76.45,150.12,115.37,158.46,1.46,132.05,False
Mumbai,India,2022-06-06,70.0,38.5,75.6,58.1,79.8,0.74,66.5,False
Mumbai,India,2022-06-07,61.0,33.55,65.88,50.63,69.54,0.64,57.95,False
Mumbai,India,2022-06-08,50.0,27.5,54.0,41.5,57.0,0.53,47.5,False
Mumbai,India,2022-06-09,61.0,33.55,65.88,50.63,69.54,0.64,57.95,False
Mumbai,India,2022-06-10,67.0,36.85,72.36,55.61,76.38,0.7,63.65,False
Mumbai,India,2022-06-11,158.0,86.9,170.64,131.14,180.12,1.66,150.1,False
Mumbai,India,2022-06-12,275.0,151.25,297.0,228.25,313.5,2.89,261.25,True
Mumbai,India,2022-06-13,56.0,30.8,60.48,46.48,63.84,0.59,53.2,False
Mumbai,India,2022-06-14,65.0,35.75,70.2,53.95,74.1,0.68,61.75,False
Mumbai,India,2022-06-15,56.0,30.8,60.48,46.48,63.84,0.59,53.2,False
Mumbai,India,2022-06-16,51.0,28.05,55.08,42.33,58.14,0.54,48.45,False
Mumbai,India,2022-06-17,65.0,35.75,70.2,53.95,74.1,0.68,61.75,False
Mumbai,India,2022-06-18,60.0,33.0,64.8,49.8,68.4,0.63,57.0,False
Mumbai,India,2022-06-19,45.0,24.75,48.6,37.35,51.3,0.47,42.75,False
Mumbai,India,2022-06-20,44.0,24.2,47.52,36.52,50.16,0.46,41.8,False
Mumbai,India,2022-06-21,48.0,26.4,51.84,39.84,54.72,0.5,45.6,False
Mumbai,India,2022-06-22,58.0,31.9,62.64,48.14,66.12,0.61,55.1,False
Mumbai,India,2022-06-23,52.0,28.6,56.16,43.16,59.28,0.55,49.4,False
Mumbai,India,2022-06-24,48.0,26.4,51.84,39.84,54.72,0.5,45.6,False
Mumbai,India,2022-06-25,49.0,26.95,52.92,40.67,55.86,0.51,46.55,False
Mumbai,India,2022-06-26,55.0,30.25,59.4,45.65,62.7,0.58,52.25,False
Mumbai,India,2022-06-27,54.0,29.7,58.32,44.82,61.56,0.57,51.3,False
Mumbai,India,2022-06-28,51.0,28.05,55.08,42.33,58.14,0.54,48.45,False
Mumbai,India,2022-06-29,59.0,32.45,63.72,48.97,67.26,0.62,56.05,False
Mumbai,India,2022-06-30,58.0,31.9,62.64,48.14,66.12,0.61,55.1,False
Mumbai,India,2022-07-01,204.0,112.2,220.32,169.32,232.56,2.14,193.8,True
Mumbai,India,2022-07-02,181.0,99.55,195.48,150.23,206.34,1.9,171.95,False
Mumbai,India,2022-07-03,170.0,93.5,183.6,141.1,193.8,1.79,161.5,False
Mumbai,India,2022-07-04,104.0,57.2,112.32,86.32,118.56,1.09,98.8,False
Mumbai,India,2022-07-05,189.0,103.95,204.12,156.87,215.46,1.98,179.55,False
Mumbai,India,2022-07-06,71.0,39.05,76.68,58.93,80.94,0.75,67.45,False
Mumbai,India,2022-07-07,56.0,30.8,60.48,46.48,63.84,0.59,53.2,False
Mumbai,India,2022-07-08,51.0,28.05,55.08,42.33,58.14,0.54,48.45,False
Mumbai,India,2022-07-09,69.0,37.95,74.52,57.27,78.66,0.72,65.55,False
Mumbai,India,2022-07-10,70.0,38.5,75.6,58.1,79.8,0.74,66.5,False
Mumbai,India,2022-07-11,146.0,80.3,157.68,121.18,166.44,1.53,138.7,False
Mumbai,India,2022-07-12,271.0,149.05,292.68,224.93,308.94,2.85,257.45,True
Mumbai,India,2022-07-13,62.0,34.1,66.96,51.46,70.68,0.65,58.9,False
Mumbai,India,2022-07-14,53.0,29.15,57.24,43.99,60.42,0.56,50.35,False
Mumbai,India,2022-07-15,56.0,30.8,60.48,46.48,63.84,0.59,53.2,False
Mumbai,India,2022-07-16,62.0,34.1,66.96,51.46,70.68,0.65,58.9,False
Mumbai,India,2022-07-17,64.0,35.2,69.12,53.12,72.96,0.67,60.8,False
Mumbai,India,2022-07-18,85.0,46.75,91.8,70.55,96.9,0.89,80.75,False
Mumbai,India,2022-07-19,83.0,45.65,89.64,68.89,94.62,0.87,78.85,False
Mumbai,India,2022-07-20,58.0,31.9,62.64,48.14,66.12,0.61,55.1,False
Mumbai,India,2022-07-21,63.0,34.65,68.04,52.29,71.82,0.66,59.85,False
Mumbai,India,2022-07-22,63.0,34.65,68.04,52.29,71.82,0.66,59.85,False
Mumbai,India,2022-07-23,60.0,33.0,64.8,49.8,68.4,0.63,57.0,False
Mumbai,India,2022-07-24,48.0,26.4,51.84,39.84,54.72,0.5,45.6,False
Mumbai,India,2022-07-25,49.0,26.95,52.92,40.67,55.86,0.51,46.55,False
Mumbai,India,2022-07-26,50.0,27.5,54.0,41.5,57.0,0.53,47.5,False
Mumbai,India,2022-07-27,67.0,36.85,72.36,55.61,76.38,0.7,63.65,False
Mumbai,India,2022-07-28,73.0,40.15,78.84,60.59,83.22,0.77,69.35,False
Mumbai,India,2022-07-29,81.0,44.55,87.48,67.23,92.34,0.85,76.95,False
Mumbai,India,2022-07-30,71.0,39.05,76.68,58.93,80.94,0.75,67.45,False
Mumbai,India,2022-07-31,74.0,40.7,79.92,61.42,84.36,0.78,70.3,False
Mumbai,India,2022-08-01,134.0,73.7,144.72,111.22,152.76,1.41,127.3,False
Mumbai,India,2022-08-02,116.0,63.8,125.28,96.28,132.24,1.22,110.2,False
Mumbai,India,2022-08-03,204.0,112.2,220.32,169.32,232.56,2.14,193.8,True
Mumbai,India,2022-08-04,106.0,58.3,114.48,87.98,120.84,1.11,100.7,False
Mumbai,India,2022-08-05,169.0,92.95,182.52,140.27,192.66,1.77,160.55,False
Mumbai,India,2022-08-06,70.0,38.5,75.6,58.1,79.8,0.74,66.5,False
Mumbai,India,2022-08-07,68.0,37.4,73.44,56.44,77.52,0.71,64.6,False
Mumbai,India,2022-08-08,48.0,26.4,51.84,39.84,54.72,0.5,45.6,False
Mumbai,India,2022-08-09,62.0,34.1,66.96,51.46,70.68,0.65,58.9,False
Mumbai,India,2022-08-10,67.0,36.85,72.36,55.61,76.38,0.7,63.65,False
Mumbai,India,2022-08-11,168.0,92.4,181.44,139.44,191.52,1.76,159.6,False
Mumbai,India,2022-08-12,255.0,140.25,275.4,211.65,290.7,2.68,242.25,True
Mumbai,India,2022-08-13,45.0,24.75,48.6,37.35,51.3,0.47,42.75,False
Mumbai,India,2022-08-14,68.0,37.4,73.44,56.44,77.52,0.71,64.6,False
Mumbai,India,2022-08-15,79.0,43.45,85.32,65.57,90.06,0.83,75.05,False
Mumbai,India,2022-08-16,80.0,44.0,86.4,66.4,91.2,0.84,76.0,False
Mumbai,India,2022-08-17,67.0,36.85,72.36,55.61,76.38,0.7,63.65,False
Mumbai,India,2022-08-18,55.0,30.25,59.4,45.65,62.7,0.58,52.25,False
Mumbai,India,2022-08-19,57.0,31.35,61.56,47.31,64.98,0.6,54.15,False
Mumbai,India,2022-08-20,55.0,30.25,59.4,45.65,62.7,0.58,52.25,False
Mumbai,India,2022-08-21,57.0,31.35,61.56,47.31,64.98,0.6,54.15,False
Mumbai,India,2022-08-22,58.0,31.9,62.64,48.14,66.12,0.61,55.1,False
Mumbai,India,2022-08-23,53.0,29.15,57.24,43.99,60.42,0.56,50.35,False
Mumbai,India,2022-08-24,53.0,29.15,57.24,43.99,60.42,0.56,50.35,False
Mumbai,India,2022-08-25,72.0,39.6,77.76,59.76,82.08,0.76,68.4,False
Mumbai,India,2022-08-26,64.0,35.2,69.12,53.12,72.96,0.67,60.8,False
Mumbai,India,2022-08-27,74.0,40.7,79.92,61.42,84.36,0.78,70.3,False
Mumbai,India,2022-08-28,71.0,39.05,76.68,58.93,80.94,0.75,67.45,False
Mumbai,India,2022-08-29,68.0,37.4,73.44,56.44,77.52,0.71,64.6,False
Mumbai,India,2022-08-30,88.0,48.4,95.04,73.04,100.32,0.92,83.6,False
Mumbai,India,2022-08-31,81.0,44.55,87.48,67.23,92.34,0.85,76.95,False
Mumbai,India,2022-09-01,88.0,48.4,95.04,73.04,100.32,0.92,83.6,False
Mumbai,India,2022-09-02,103.0,56.65,111.24,85.49,117.42,1.08,97.85,False
Mumbai,India,2022-09-03,210.0,115.5,226.8,174.3,239.4,2.21,199.5,True
Mumbai,India,2022-09-04,81.0,44.55,87.48,67.23,92.34,0.85,76.95,False
Mumbai,India,2022-09-05,117.0,64.35,126.36,97.11,133.38,1.23,111.15,False
Mumbai,India,2022-09-06,56.0,30.8,60.48,46.48,63.84,0.59,53.2,False
Mumbai,India,2022-09-07,68.0,37.4,73.44,56.44,77.52,0.71,64.6,False
Mumbai,India,2022-09-08,45.0,24.75,48.6,37.35,51.3,0.47,42.75,False
Mumbai,India,2022-09-09,72.0,39.6,77.76,59.76,82.08,0.76,68.4,False
Mumbai,India,2022-09-10,64.0,35.2,69.12,53.12,72.96,0.67,60.8,False
Mumbai,India,2022-09-11,192.0,105.6,207.36,159.36,218.88,2.02,182.4,False
Mumbai,India,2022-09-12,190.0,104.5,205.2,157.7,216.6,2.0,180.5,False
Mumbai,India,2022-09-13,62.0,34.1,66.96,51.46,70.68,0.65,58.9,False
Mumbai,India,2022-09-14,53.0,29.15,57.24,43.99,60.42,0.56,50.35,False
Mumbai,India,2022-09-15,51.0,28.05,55.08,42.33,58.14,0.54,48.45,False
Mumbai,India,2022-09-16,50.0,27.5,54.0,41.5,57.0,0.53,47.5,False
Mumbai,India,2022-09-17,46.0,25.3,49.68,38.18,52.44,0.48,43.7,False
Mumbai,India,2022-09-18,39.0,21.45,42.12,32.37,44.46,0.41,37.05,False
Mumbai,India,2022-09-19,46.0,25.3,49.68,38.18,52.44,0.48,43.7,False
Mumbai,India,2022-09-20,61.0,33.55,65.88,50.63,69.54,0.64,57.95,False
Mumbai,India,2022-09-21,54.0,29.7,58.32,44.82,61.56,0.57,51.3,False
Mumbai,India,2022-09-22,50.0,27.5,54.0,41.5,57.0,0.53,47.5,False
Mumbai,India,2022-09-23,60.0,33.0,64.8,49.8,68.4,0.63,57.0,False
Mumbai,India,2022-09-24,49.0,26.95,52.92,40.67,55.86,0.51,46.55,False
Mumbai,India,2022-09-25,54.0,29.7,58.32,44.82,61.56,0.57,51.3,False
Mumbai,India,2022-09-26,58.0,31.9,62.64,48.14,66.12,0.61,55.1,False
Mumbai,India,2022-09-27,67.0,36.85,72.36,55.61,76.38,0.7,63.65,False
Mumbai,India,2022-09-28,67.0,36.85,72.36,55.61,76.38,0.7,63.65,False
Mumbai,India,2022-09-29,70.0,38.5,75.6,58.1,79.8,0.74,66.5,False
Mumbai,India,2022-09-30,70.0,38.5,75.6,58.1,79.8,0.74,66.5,False
Mumbai,India,2022-10-01,74.0,40.7,79.92,61.42,84.36,0.78,70.3,False
Mumbai,India,2022-10-02,138.0,75.9,149.04,114.54,157.32,1.45,131.1,False
Mumbai,India,2022-10-03,206.0,113.3,222.48,170.98,234.84,2.16,195.7,True
Mumbai,India,2022-10-04,74.0,40.7,79.92,61.42,84.36,0.78,70.3,False
Mumbai,India,2022-10-05,114.0,62.7,123.12,94.62,129.96,1.2,108.3,False
Mumbai,India,2022-10-06,62.0,34.1,66.96,51.46,70.68,0.65,58.9,False
Mumbai,India,2022-10-07,65.0,35.75,70.2,53.95,74.1,0.68,61.75,False
Mumbai,India,2022-10-08,46.0,25.3,49.68,38.18,52.44,0.48,43.7,False
Mumbai,India,2022-10-09,66.0,36.3,71.28,54.78,75.24,0.69,62.7,False
Mumbai,India,2022-10-10,72.0,39.6,77.76,59.76,82.08,0.76,68.4,False
Mumbai,India,2022-10-11,179.0,98.45,193.32,148.57,204.06,1.88,170.05,False
Mumbai,India,2022-10-12,170.0,93.5,183.6,141.1,193.8,1.79,161.5,False
Mumbai,India,2022-10-13,80.0,44.0,86.4,66.4,91.2,0.84,76.0,False
Mumbai,India,2022-10-14,79.0,43.45,85.32,65.57,90.06,0.83,75.05,False
Mumbai,India,2022-10-15,82.0,45.1,88.56,68.06,93.48,0.86,77.9,False
Mumbai,India,2022-10-16,107.0,58.85,115.56,88.81,121.98,1.12,101.65,False
Mumbai,India,2022-10-17,99.0,54.45,106.92,82.17,112.86,1.04,94.05,False
Mumbai,India,2022-10-18,85.0,46.75,91.8,70.55,96.9,0.89,80.75,False
Mumbai,India,2022-10-19,80.0,44.0,86.4,66.4,91.2,0.84,76.0,False
Mumbai,India,2022-10-20,87.0,47.85,93.96,72.21,99.18,0.91,82.65,False
Mumbai,India,2022-10-21,100.0,55.0,108.0,83.0,114.0,1.05,95.0,False
Mumbai,India,2022-10-22,82.0,45.1,88.56,68.06,93.48,0.86,77.9,False
Mumbai,India,2022-10-23,123.0,67.65,132.84,102.09,140.22,1.29,116.85,False
Mumbai,India,2022-10-24,136.0,74.8,146.88,112.88,155.04,1.43,129.2,False
Mumbai,India,2022-10-25,213.0,117.15,230.04,176.79,242.82,2.24,202.35,True
Mumbai,India,2022-10-26,159.0,87.45,171.72,131.97,181.26,1.67,151.05,False
Mumbai,India,2022-10-27,163.0,89.65,176.04,135.29,185.82,1.71,154.85,False
Mumbai,India,2022-10-28,151.0,83.05,163.08,125.33,172.14,1.59,143.45,False
Mumbai,India,2022-10-29,144.0,79.2,155.52,119.52,164.16,1.51,136.8,False
Mumbai,India,2022-10-30,127.0,69.85,137.16,105.41,144.78,1.33,120.65,False
Mumbai,India,2022-10-31,130.0,71.5,140.4,107.9,148.2,1.37,123.5,False
Mumbai,India,2022-11-01,137.0,75.35,147.96,113.71,156.18,1.44,130.15,False
Mumbai,India,2022-11-02,159.0,87.45,171.72,131.97,181.26,1.67,151.05,False
Mumbai,India,2022-11-03,195.0,107.25,210.6,161.85,222.3,2.05,185.25,True
Mumbai,India,2022-11-04,71.0,39.05,76.68,58.93,80.94,0.75,67.45,False
Mumbai,India,2022-11-05,118.0,64.9,127.44,97.94,134.52,1.24,112.1,False
Mumbai,India,2022-11-06,59.0,32.45,63.72,48.97,67.26,0.62,56.05,False
Mumbai,India,2022-11-07,68.0,37.4,73.44,56.44,77.52,0.71,64.6,False
Mumbai,India,2022-11-08,43.0,23.65,46.44,35.69,49.02,0.45,40.85,False
Mumbai,India,2022-11-09,71.0,39.05,76.68,58.93,80.94,0.75,67.45,False
Mumbai,India,2022-11-10,67.0,36.85,72.36,55.61,76.38,0.7,63.65,False
Mumbai,India,2022-11-11,158.0,86.9,170.64,131.14,180.12,1.66,150.1,False
Mumbai,India,2022-11-12,198.0,108.9,213.84,164.34,225.72,2.08,188.1,True
Mumbai,India,2022-11-13,161.0,88.55,173.88,133.63,183.54,1.69,152.95,False
Mumbai,India,2022-11-14,178.0,97.9,192.24,147.74,202.92,1.87,169.1,False
Mumbai,India,2022-11-15,220.0,121.0,237.6,182.6,250.8,2.31,209.0,True
Mumbai,India,2022-11-16,190.0,104.5,205.2,157.7,216.6,2.0,180.5,False
Mumbai,India,2022-11-17,167.0,91.85,180.36,138.61,190.38,1.75,158.65,False
Mumbai,India,2022-11-18,128.0,70.4,138.24,106.24,145.92,1.34,121.6,False
Mumbai,India,2022-11-19,134.0,73.7,144.72,111.22,152.76,1.41,127.3,False
Mumbai,India,2022-11-20,143.0,78.65,154.44,118.69,163.02,1.5,135.85,False
Mumbai,India,2022-11-21,138.0,75.9,149.04,114.54,157.32,1.45,131.1,False
Mumbai,India,2022-11-22,173.0,95.15,186.84,143.59,197.22,1.82,164.35,False
Mumbai,India,2022-11-23,195.0,107.25,210.6,161.85,222.3,2.05,185.25,True
Mumbai,India,2022-11-24,211.0,116.05,227.88,175.13,240.54,2.22,200.45,True
Mumbai,India,2022-11-25,231.0,127.05,249.48,191.73,263.34,2.43,219.45,True
Mumbai,India,2022-11-26,243.0,133.65,262.44,201.69,277.02,2.55,230.85,True
Mumbai,India,2022-11-27,238.0,130.9,257.04,197.54,271.32,2.5,226.1,True
Mumbai,India,2022-11-28,167.0,91.85,180.36,138.61,190.38,1.75,158.65,False
Mumbai,India,2022-11-29,158.0,86.9,170.64,131.14,180.12,1.66,150.1,False
Mumbai,India,2022-11-30,198.0,108.9,213.84,164.34,225.72,2.08,188.1,True
Mumbai,India,2022-12-01,132.0,72.6,142.56,109.56,150.48,1.39,125.4,False
Mumbai,India,2022-12-02,153.0,84.15,165.24,126.99,174.42,1.61,145.35,False
Mumbai,India,2022-12-03,168.0,92.4,181.44,139.44,191.52,1.76,159.6,False
Mumbai,India,2022-12-04,94.0,51.7,101.52,78.02,107.16,0.99,89.3,False
Mumbai,India,2022-12-05,122.0,67.1,131.76,101.26,139.08,1.28,115.9,False
Mumbai,India,2022-12-06,55.0,30.25,59.4,45.65,62.7,0.58,52.25,False
Mumbai,India,2022-12-07,54.0,29.7,58.32,44.82,61.56,0.57,51.3,False
Mumbai,India,2022-12-08,46.0,25.3,49.68,38.18,52.44,0.48,43.7,False
Mumbai,India,2022-12-09,65.0,35.75,70.2,53.95,74.1,0.68,61.75,False
Mumbai,India,2022-12-10,74.0,40.7,79.92,61.42,84.36,0.78,70.3,False
Mumbai,India,2022-12-11,156.0,85.8,168.48,129.48,177.84,1.64,148.2,False
Mumbai,India,2022-12-12,168.0,92.4,181.44,139.44,191.52,1.76,159.6,False
Mumbai,India,2022-12-13,169.0,92.95,182.52,140.27,192.66,1.77,160.55,False
Mumbai,India,2022-12-14,127.0,69.85,137.16,105.41,144.78,1.33,120.65,False
Mumbai,India,2022-12-15,117.0,64.35,126.36,97.11,133.38,1.23,111.15,False
Mumbai,India,2022-12-16,142.0,78.1,153.36,117.86,161.88,1.49,134.9,False
Mumbai,India,2022-12-17,152.0,83.6,164.16,126.16,173.28,1.6,144.4,False
Mumbai,India,2022-12-18,165.0,90.75,178.2,136.95,188.1,1.73,156.75,False
Mumbai,India,2022-12-19,138.0,75.9,149.04,114.54,157.32,1.45,131.1,False
Mumbai,India,2022-12-20,161.0,88.55,173.88,133.63,183.54,1.69,152.95,False
Mumbai,India,2022-12-21,189.0,103.95,204.12,156.87,215.46,1.98,179.55,False
Mumbai,India,2022-12-22,242.0,133.1,261.36,200.86,275.88,2.54,229.9,True
Mumbai,India,2022-12-23,238.0,130.9,257.04,197.54,271.32,2.5,226.1,True
Mumbai,India,2022-12-24,175.0,96.25,189.0,145.25,199.5,1.84,166.25,False
Mumbai,India,2022-12-25,186.0,102.3,200.88,154.38,212.04,1.95,176.7,False
Mumbai,India,2022-12-26,198.0,108.9,213.84,164.34,225.72,2.08,188.1,True
Mumbai,India,2022-12-27,241.0,132.55,260.28,200.03,274.74,2.53,228.95,True
Mumbai,India,2022-12-28,240.0,132.0,259.2,199.2,273.6,2.52,228.0,True
Mumbai,India,2022-12-29,238.0,130.9,257.04,197.54,271.32,2.5,226.1,True
Mumbai,India,2022-12-30,229.0,125.95,247.32,190.07,261.06,2.4,217.55,True
Mumbai,India,2022-12-31,222.0,122.1,239.76,184.26,253.08,2.33,210.9,True
Mumbai,India,2023-01-01,147.0,80.85,158.76,122.01,167.58,1.54,139.65,False
Mumbai,India,2023-01-02,227.0,124.85,245.16,188.41,258.78,2.38,215.65,True
Mumbai,India,2023-01-03,174.0,95.7,187.92,144.42,198.36,1.83,165.3,False
Mumbai,India,2023-01-04,108.0,59.4,116.64,89.64,123.12,1.13,102.6,False
Mumbai,India,2023-01-05,74.0,40.7,79.92,61.42,84.36,0.78,70.3,False
Mumbai,India,2023-01-06,89.0,48.95,96.12,73.87,101.46,0.93,84.55,False
Mumbai,India,2023-01-07,67.0,36.85,72.36,55.61,76.38,0.7,63.65,False
Mumbai,India,2023-01-08,54.0,29.7,58.32,44.82,61.56,0.57,51.3,False
Mumbai,India,2023-01-09,84.0,46.2,90.72,69.72,95.76,0.88,79.8,False
Mumbai,India,2023-01-10,87.0,47.85,93.96,72.21,99.18,0.91,82.65,False
Mumbai,India,2023-01-11,175.0,96.25,189.0,145.25,199.5,1.84,166.25,False
Mumbai,India,2023-01-12,127.0,69.85,137.16,105.41,144.78,1.33,120.65,False
Mumbai,India,2023-01-13,134.0,73.7,144.72,111.22,152.76,1.41,127.3,False
Mumbai,India,2023-01-14,240.0,132.0,259.2,199.2,273.6,2.52,228.0,True
Mumbai,India,2023-01-15,198.0,108.9,213.84,164.34,225.72,2.08,188.1,True
Mumbai,India,2023-01-16,214.0,117.7,231.12,177.62,243.96,2.25,203.3,True
Mumbai,India,2023-01-17,236.0,129.8,254.88,195.88,269.04,2.48,224.2,True
Mumbai,India,2023-01-18,264.0,145.2,285.12,219.12,300.96,2.77,250.8,True
Mumbai,India,2023-01-19,256.0,140.8,276.48,212.48,291.84,2.69,243.2,True
Mumbai,India,2023-01-20,231.0,127.05,249.48,191.73,263.34,2.43,219.45,True
Mumbai,India,2023-01-21,175.0,96.25,189.0,145.25,199.5,1.84,166.25,False
Mumbai,India,2023-01-22,168.0,92.4,181.44,139.44,191.52,1.76,159.6,False
Mumbai,India,2023-01-23,170.0,93.5,183.6,141.1,193.8,1.79,161.5,False
Mumbai,India,2023-01-24,175.0,96.25,189.0,145.25,199.5,1.84,166.25,False
Mumbai,India,2023-01-25,209.0,114.95,225.72,173.47,238.26,2.19,198.55,True
Mumbai,India,2023-01-26,232.0,127.6,250.56,192.56,264.48,2.44,220.4,True
Mumbai,India,2023-01-27,254.0,139.7,274.32,210.82,289.56,2.67,241.3,True
Mumbai,India,2023-01-28,244.0,134.2,263.52,202.52,278.16,2.56,231.8,True
Mumbai,India,2023-01-29,176.0,96.8,190.08,146.08,200.64,1.85,167.2,False
Mumbai,India,2023-01-30,154.0,84.7,166.32,127.82,175.56,1.62,146.3,False
Mumbai,India,2023-01-31,225.0,123.75,243.0,186.75,256.5,2.36,213.75,True
Mumbai,India,2023-02-01,188.0,103.4,203.04,156.04,214.32,1.97,178.6,False
Mumbai,India,2023-02-02,180.0,99.0,194.4,149.4,205.2,1.89,171.0,False
Mumbai,India,2023-02-03,205.0,112.75,221.4,170.15,233.7,2.15,194.75,True
Mumbai,India,2023-02-04,93.0,51.15,100.44,77.19,106.02,0.98,88.35,False
Mumbai,India,2023-02-05,78.0,42.9,84.24,64.74,88.92,0.82,74.1,False
Mumbai,India,2023-02-06,84.0,46.2,90.72,69.72,95.76,0.88,79.8,False
Mumbai,India,2023-02-07,54.0,29.7,58.32,44.82,61.56,0.57,51.3,False
Mumbai,India,2023-02-08,58.0,31.9,62.64,48.14,66.12,0.61,55.1,False
Mumbai,India,2023-02-09,81.0,44.55,87.48,67.23,92.34,0.85,76.95,False
Mumbai,India,2023-02-10,97.0,53.35,104.76,80.51,110.58,1.02,92.15,False
Mumbai,India,2023-02-11,169.0,92.95,182.52,140.27,192.66,1.77,160.55,False
Mumbai,India,2023-02-12,138.0,75.9,149.04,114.54,157.32,1.45,131.1,False
Mumbai,India,2023-02-13,146.0,80.3,157.68,121.18,166.44,1.53,138.7,False
Mumbai,India,2023-02-14,203.0,111.65,219.24,168.49,231.42,2.13,192.85,True
Mumbai,India,2023-02-15,224.0,123.2,241.92,185.92,255.36,2.35,212.8,True
Mumbai,India,2023-02-16,199.0,109.45,214.92,165.17,226.86,2.09,189.05,True
Mumbai,India,2023-02-17,201.0,110.55,217.08,166.83,229.14,2.11,190.95,True
Mumbai,India,2023-02-18,185.0,101.75,199.8,153.55,210.9,1.94,175.75,False
Mumbai,India,2023-02-19,191.0,105.05,206.28,158.53,217.74,2.01,181.45,False
Mumbai,India,2023-02-20,183.0,100.65,197.64,151.89,208.62,1.92,173.85,False
Mumbai,India,2023-02-21,201.0,110.55,217.08,166.83,229.14,2.11,190.95,True
Mumbai,India,2023-02-22,123.0,67.65,132.84,102.09,140.22,1.29,116.85,False
Mumbai,India,2023-02-23,172.0,94.6,185.76,142.76,196.08,1.81,163.4,False
Mumbai,India,2023-02-24,219.0,120.45,236.52,181.77,249.66,2.3,208.05,True
Mumbai,India,2023-02-25,197.0,108.35,212.76,163.51,224.58,2.07,187.15,True
Mumbai,India,2023-02-26,208.0,114.4,224.64,172.64,237.12,2.18,197.6,True
Mumbai,India,2023-02-27,194.0,106.7,209.52,161.02,221.16,2.04,184.3,False
Mumbai,India,2023-02-28,188.0,103.4,203.04,156.04,214.32,1.97,178.6,False
Mumbai,India,2023-03-01,214.0,117.7,231.12,177.62,243.96,2.25,203.3,True
Mumbai,India,2023-03-02,198.0,108.9,213.84,164.34,225.72,2.08,188.1,True
Mumbai,India,2023-03-03,262.0,144.1,282.96,217.46,298.68,2.75,248.9,True
Mumbai,India,2023-03-04,86.0,47.3,92.88,71.38,98.04,0.9,81.7,False
Mumbai,India,2023-03-05,80.0,44.0,86.4,66.4,91.2,0.84,76.0,False
Mumbai,India,2023-03-06,74.0,40.7,79.92,61.42,84.36,0.78,70.3,False
Mumbai,India,2023-03-07,62.0,34.1,66.96,51.46,70.68,0.65,58.9,False
Mumbai,India,2023-03-08,62.0,34.1,66.96,51.46,70.68,0.65,58.9,False
Mumbai,India,2023-03-09,80.0,44.0,86.4,66.4,91.2,0.84,76.0,False
Mumbai,India,2023-03-10,116.0,63.8,125.28,96.28,132.24,1.22,110.2,False
Mumbai,India,2023-03-11,178.0,97.9,192.24,147.74,202.92,1.87,169.1,False
Mumbai,India,2023-03-12,144.0,79.2,155.52,119.52,164.16,1.51,136.8,False
Mumbai,India,2023-03-13,213.0,117.15,230.04,176.79,242.82,2.24,202.35,True
Mumbai,India,2023-03-14,199.0,109.45,214.92,165.17,226.86,2.09,189.05,True
Mumbai,India,2023-03-15,165.0,90.75,178.2,136.95,188.1,1.73,156.75,False
Mumbai,India,2023-03-16,146.0,80.3,157.68,121.18,166.44,1.53,138.7,False
Mumbai,India,2023-03-17,117.0,64.35,126.36,97.11,133.38,1.23,111.15,False
Mumbai,India,2023-03-18,118.0,64.9,127.44,97.94,134.52,1.24,112.1,False
Mumbai,India,2023-03-19,97.0,53.35,104.76,80.51,110.58,1.02,92.15,False
Mumbai,India,2023-03-20,90.0,49.5,97.2,74.7,102.6,0.95,85.5,False
Mumbai,India,2023-03-21,91.0,50.05,98.28,75.53,103.74,0.96,86.45,False
Mumbai,India,2023-03-22,96.0,52.8,103.68,79.68,109.44,1.01,91.2,False
Mumbai,India,2023-03-23,86.0,47.3,92.88,71.38,98.04,0.9,81.7,False
Mumbai,India,2023-03-24,73.0,40.15,78.84,60.59,83.22,0.77,69.35,False
Mumbai,India,2023-03-25,88.0,48.4,95.04,73.04,100.32,0.92,83.6,False
Mumbai,India,2023-03-26,98.0,53.9,105.84,81.34,111.72,1.03,93.1,False
Mumbai,India,2023-03-27,97.0,53.35,104.76,80.51,110.58,1.02,92.15,False
Mumbai,India,2023-03-28,117.0,64.35,126.36,97.11,133.38,1.23,111.15,False
Mumbai,India,2023-03-29,125.0,68.75,135.0,103.75,142.5,1.31,118.75,False
Mumbai,India,2023-03-30,106.0,58.3,114.48,87.98,120.84,1.11,100.7,False
Mumbai,India,2023-03-31,82.0,45.1,88.56,68.06,93.48,0.86,77.9,False
Mumbai,India,2023-04-01,204.0,112.2,220.32,169.32,232.56,2.14,193.8,True
Mumbai,India,2023-04-02,201.0,110.55,217.08,166.83,229.14,2.11,190.95,True
Mumbai,India,2023-04-03,281.0,154.55,303.48,233.23,320.34,2.95,266.95,True
Mumbai,India,2023-04-04,86.0,47.3,92.88,71.38,98.04,0.9,81.7,False
Mumbai,India,2023-04-05,76.0,41.8,82.08,63.08,86.64,0.8,72.2,False
Mumbai,India,2023-04-06,72.0,39.6,77.76,59.76,82.08,0.76,68.4,False
Mumbai,India,2023-04-07,65.0,35.75,70.2,53.95,74.1,0.68,61.75,False
Mumbai,India,2023-04-08,73.0,40.15,78.84,60.59,83.22,0.77,69.35,False
Mumbai,India,2023-04-09,86.0,47.3,92.88,71.38,98.04,0.9,81.7,False
Mumbai,India,2023-04-10,121.0,66.55,130.68,100.43,137.94,1.27,114.95,False
Mumbai,India,2023-04-11,180.0,99.0,194.4,149.4,205.2,1.89,171.0,False
Mumbai,India,2023-04-12,128.0,70.4,138.24,106.24,145.92,1.34,121.6,False
Mumbai,India,2023-04-13,130.0,71.5,140.4,107.9,148.2,1.37,123.5,False
Mumbai,India,2023-04-14,126.0,69.3,136.08,104.58,143.64,1.32,119.7,False
Mumbai,India,2023-04-15,110.0,60.5,118.8,91.3,125.4,1.16,104.5,False
Mumbai,India,2023-04-16,100.0,55.0,108.0,83.0,114.0,1.05,95.0,False
Mumbai,India,2023-04-17,95.0,52.25,102.6,78.85,108.3,1.0,90.25,False
Mumbai,India,2023-04-18,103.0,56.65,111.24,85.49,117.42,1.08,97.85,False
Mumbai,India,2023-04-19,125.0,68.75,135.0,103.75,142.5,1.31,118.75,False
Mumbai,India,2023-04-20,106.0,58.3,114.48,87.98,120.84,1.11,100.7,False
Mumbai,India,2023-04-21,79.0,43.45,85.32,65.57,90.06,0.83,75.05,False
Mumbai,India,2023-04-22,74.0,40.7,79.92,61.42,84.36,0.78,70.3,False
Mumbai,India,2023-04-23,86.0,47.3,92.88,71.38,98.04,0.9,81.7,False
Mumbai,India,2023-04-24,77.0,42.35,83.16,63.91,87.78,0.81,73.15,False
Mumbai,India,2023-04-25,101.0,55.55,109.08,83.83,115.14,1.06,95.95,False
Mumbai,India,2023-04-26,94.0,51.7,101.52,78.02,107.16,0.99,89.3,False
Mumbai,India,2023-04-27,92.0,50.6,99.36,76.36,104.88,0.97,87.4,False
Mumbai,India,2023-04-28,71.0,39.05,76.68,58.93,80.94,0.75,67.45,False
Mumbai,India,2023-04-29,81.0,44.55,87.48,67.23,92.34,0.85,76.95,False
Mumbai,India,2023-04-30,81.0,44.55,87.48,67.23,92.34,0.85,76.95,False
Mumbai,India,2023-05-01,223.0,122.65,240.84,185.09,254.22,2.34,211.85,True
Mumbai,India,2023-05-02,226.0,124.3,244.08,187.58,257.64,2.37,214.7,True
Mumbai,India,2023-05-03,260.0,143.0,280.8,215.8,296.4,2.73,247.0,True
Mumbai,India,2023-05-04,87.0,47.85,93.96,72.21,99.18,0.91,82.65,False
Mumbai,India,2023-05-05,75.0,41.25,81.0,62.25,85.5,0.79,71.25,False
Mumbai,India,2023-05-06,73.0,40.15,78.84,60.59,83.22,0.77,69.35,False
Mumbai,India,2023-05-07,65.0,35.75,70.2,53.95,74.1,0.68,61.75,False
Mumbai,India,2023-05-08,62.0,34.1,66.96,51.46,70.68,0.65,58.9,False
Mumbai,India,2023-05-09,81.0,44.55,87.48,67.23,92.34,0.85,76.95,False
Mumbai,India,2023-05-10,120.0,66.0,129.6,99.6,136.8,1.26,114.0,False
Mumbai,India,2023-05-11,198.0,108.9,213.84,164.34,225.72,2.08,188.1,True
Mumbai,India,2023-05-12,136.0,74.8,146.88,112.88,155.04,1.43,129.2,False
Mumbai,India,2023-05-13,99.0,54.45,106.92,82.17,112.86,1.04,94.05,False
Mumbai,India,2023-05-14,52.0,28.6,56.16,43.16,59.28,0.55,49.4,False
Mumbai,India,2023-05-15,68.0,37.4,73.44,56.44,77.52,0.71,64.6,False
Mumbai,India,2023-05-16,67.0,36.85,72.36,55.61,76.38,0.7,63.65,False
Mumbai,India,2023-05-17,69.0,37.95,74.52,57.27,78.66,0.72,65.55,False
Mumbai,India,2023-05-18,75.0,41.25,81.0,62.25,85.5,0.79,71.25,False
Mumbai,India,2023-05-19,76.0,41.8,82.08,63.08,86.64,0.8,72.2,False
Mumbai,India,2023-05-20,80.0,44.0,86.4,66.4,91.2,0.84,76.0,False
Mumbai,India,2023-05-21,73.0,40.15,78.84,60.59,83.22,0.77,69.35,False
Mumbai,India,2023-05-22,70.0,38.5,75.6,58.1,79.8,0.74,66.5,False
Mumbai,India,2023-05-23,79.0,43.45,85.32,65.57,90.06,0.83,75.05,False
Mumbai,India,2023-05-24,69.0,37.95,74.52,57.27,78.66,0.72,65.55,False
Mumbai,India,2023-05-25,68.0,37.4,73.44,56.44,77.52,0.71,64.6,False
Mumbai,India,2023-05-26,67.0,36.85,72.36,55.61,76.38,0.7,63.65,False
Mumbai,India,2023-05-27,73.0,40.15,78.84,60.59,83.22,0.77,69.35,False
Mumbai,India,2023-05-28,75.0,41.25,81.0,62.25,85.5,0.79,71.25,False
Mumbai,India,2023-05-29,78.0,42.9,84.24,64.74,88.92,0.82,74.1,False
Mumbai,India,2023-05-30,80.0,44.0,86.4,66.4,91.2,0.84,76.0,False
Mumbai,India,2023-05-31,97.0,53.35,104.76,80.51,110.58,1.02,92.15,False
Mumbai,India,2023-06-01,255.0,140.25,275.4,211.65,290.7,2.68,242.25,True
Mumbai,India,2023-06-02,185.0,101.75,199.8,153.55,210.9,1.94,175.75,False
Mumbai,India,2023-06-03,246.0,135.3,265.68,204.18,280.44,2.58,233.7,True
Mumbai,India,2023-06-04,99.0,54.45,106.92,82.17,112.86,1.04,94.05,False
Mumbai,India,2023-06-05,74.0,40.7,79.92,61.42,84.36,0.78,70.3,False
Mumbai,India,2023-06-06,81.0,44.55,87.48,67.23,92.34,0.85,76.95,False
Mumbai,India,2023-06-07,51.0,28.05,55.08,42.33,58.14,0.54,48.45,False
Mumbai,India,2023-06-08,68.0,37.4,73.44,56.44,77.52,0.71,64.6,False
Mumbai,India,2023-06-09,78.0,42.9,84.24,64.74,88.92,0.82,74.1,False
Mumbai,India,2023-06-10,131.0,72.05,141.48,108.73,149.34,1.38,124.45,False
Mumbai,India,2023-06-11,198.0,108.9,213.84,164.34,225.72,2.08,188.1,True
Mumbai,India,2023-06-12,154.0,84.7,166.32,127.82,175.56,1.62,146.3,False
Mumbai,India,2023-06-13,83.0,45.65,89.64,68.89,94.62,0.87,78.85,False
Mumbai,India,2023-06-14,78.0,42.9,84.24,64.74,88.92,0.82,74.1,False
Mumbai,India,2023-06-15,83.0,45.65,89.64,68.89,94.62,0.87,78.85,False
Mumbai,India,2023-06-16,84.0,46.2,90.72,69.72,95.76,0.88,79.8,False
Mumbai,India,2023-06-17,89.0,48.95,96.12,73.87,101.46,0.93,84.55,False
Mumbai,India,2023-06-18,98.0,53.9,105.84,81.34,111.72,1.03,93.1,False
Mumbai,India,2023-06-19,92.0,50.6,99.36,76.36,104.88,0.97,87.4,False
Mumbai,India,2023-06-20,93.0,51.15,100.44,77.19,106.02,0.98,88.35,False
Mumbai,India,2023-06-21,100.0,55.0,108.0,83.0,114.0,1.05,95.0,False
Mumbai,India,2023-06-22,97.0,53.35,104.76,80.51,110.58,1.02,92.15,False
Mumbai,India,2023-06-23,77.0,42.35,83.16,63.91,87.78,0.81,73.15,False
Mumbai,India,2023-06-24,73.0,40.15,78.84,60.59,83.22,0.77,69.35,False
Mumbai,India,2023-06-25,61.0,33.55,65.88,50.63,69.54,0.64,57.95,False
Mumbai,India,2023-06-26,73.0,40.15,78.84,60.59,83.22,0.77,69.35,False
Mumbai,India,2023-06-27,58.0,31.9,62.64,48.14,66.12,0.61,55.1,False
Mumbai,India,2023-06-28,61.0,33.55,65.88,50.63,69.54,0.64,57.95,False
Mumbai,India,2023-06-29,53.0,29.15,57.24,43.99,60.42,0.56,50.35,False
Mumbai,India,2023-06-30,56.0,30.8,60.48,46.48,63.84,0.59,53.2,False
Mumbai,India,2023-07-01,204.0,112.2,220.32,169.32,232.56,2.14,193.8,True
Mumbai,India,2023-07-02,177.0,97.35,191.16,146.91,201.78,1.86,168.15,False
Mumbai,India,2023-07-03,139.0,76.45,150.12,115.37,158.46,1.46,132.05,False
Mumbai,India,2023-07-04,149.0,81.95,160.92,123.67,169.86,1.56,141.55,False
Mumbai,India,2023-07-05,84.0,46.2,90.72,69.72,95.76,0.88,79.8,False
Mumbai,India,2023-07-06,87.0,47.85,93.96,72.21,99.18,0.91,82.65,False
Mumbai,India,2023-07-07,54.0,29.7,58.32,44.82,61.56,0.57,51.3,False
Mumbai,India,2023-07-08,70.0,38.5,75.6,58.1,79.8,0.74,66.5,False
Mumbai,India,2023-07-09,71.0,39.05,76.68,58.93,80.94,0.75,67.45,False
Mumbai,India,2023-07-10,120.0,66.0,129.6,99.6,136.8,1.26,114.0,False
Mumbai,India,2023-07-11,186.0,102.3,200.88,154.38,212.04,1.95,176.7,False
Mumbai,India,2023-07-12,125.0,68.75,135.0,103.75,142.5,1.31,118.75,False
Mumbai,India,2023-07-13,108.0,59.4,116.64,89.64,123.12,1.13,102.6,False
Mumbai,India,2023-07-14,87.0,47.85,93.96,72.21,99.18,0.91,82.65,False
Mumbai,India,2023-07-15,82.0,45.1,88.56,68.06,93.48,0.86,77.9,False
Mumbai,India,2023-07-16,87.0,47.85,93.96,72.21,99.18,0.91,82.65,False
Mumbai,India,2023-07-17,83.0,45.65,89.64,68.89,94.62,0.87,78.85,False
Mumbai,India,2023-07-18,80.0,44.0,86.4,66.4,91.2,0.84,76.0,False
Mumbai,India,2023-07-19,86.0,47.3,92.88,71.38,98.04,0.9,81.7,False
Mumbai,India,2023-07-20,86.0,47.3,92.88,71.38,98.04,0.9,81.7,False
Mumbai,India,2023-07-21,87.0,47.85,93.96,72.21,99.18,0.91,82.65,False
Mumbai,India,2023-07-22,88.0,48.4,95.04,73.04,100.32,0.92,83.6,False
Mumbai,India,2023-07-23,88.0,48.4,95.04,73.04,100.32,0.92,83.6,False
Mumbai,India,2023-07-24,87.0,47.85,93.96,72.21,99.18,0.91,82.65,False
Mumbai,India,2023-07-25,81.0,44.55,87.48,67.23,92.34,0.85,76.95,False
Mumbai,India,2023-07-26,48.0,26.4,51.84,39.84,54.72,0.5,45.6,False
Mumbai,India,2023-07-27,45.0,24.75,48.6,37.35,51.3,0.47,42.75,False
Mumbai,India,2023-07-28,49.0,26.95,52.92,40.67,55.86,0.51,46.55,False
Mumbai,India,2023-07-29,51.0,28.05,55.08,42.33,58.14,0.54,48.45,False
Mumbai,India,2023-07-30,52.0,28.6,56.16,43.16,59.28,0.55,49.4,False
Mumbai,India,2023-07-31,53.0,29.15,57.24,43.99,60.42,0.56,50.35,False
Mumbai,India,2023-08-01,198.0,108.9,213.84,164.34,225.72,2.08,188.1,True
Mumbai,India,2023-08-02,233.0,128.15,251.64,193.39,265.62,2.45,221.35,True
Mumbai,India,2023-08-03,136.0,74.8,146.88,112.88,155.04,1.43,129.2,False
Mumbai,India,2023-08-04,182.0,100.1,196.56,151.06,207.48,1.91,172.9,False
Mumbai,India,2023-08-05,82.0,45.1,88.56,68.06,93.48,0.86,77.9,False
Mumbai,India,2023-08-06,89.0,48.95,96.12,73.87,101.46,0.93,84.55,False
Mumbai,India,2023-08-07,91.0,50.05,98.28,75.53,103.74,0.96,86.45,False
Mumbai,India,2023-08-08,71.0,39.05,76.68,58.93,80.94,0.75,67.45,False
Mumbai,India,2023-08-09,65.0,35.75,70.2,53.95,74.1,0.68,61.75,False
Mumbai,India,2023-08-10,110.0,60.5,118.8,91.3,125.4,1.16,104.5,False
Mumbai,India,2023-08-11,131.0,72.05,141.48,108.73,149.34,1.38,124.45,False
Mumbai,India,2023-08-12,117.0,64.35,126.36,97.11,133.38,1.23,111.15,False
Mumbai,India,2023-08-13,68.0,37.4,73.44,56.44,77.52,0.71,64.6,False
Mumbai,India,2023-08-14,67.0,36.85,72.36,55.61,76.38,0.7,63.65,False
Mumbai,India,2023-08-15,62.0,34.1,66.96,51.46,70.68,0.65,58.9,False
Mumbai,India,2023-08-16,56.0,30.8,60.48,46.48,63.84,0.59,53.2,False
Mumbai,India,2023-08-17,55.0,30.25,59.4,45.65,62.7,0.58,52.25,False
Mumbai,India,2023-08-18,55.0,30.25,59.4,45.65,62.7,0.58,52.25,False
Mumbai,India,2023-08-19,50.0,27.5,54.0,41.5,57.0,0.53,47.5,False
Mumbai,India,2023-08-20,53.0,29.15,57.24,43.99,60.42,0.56,50.35,False
Mumbai,India,2023-08-21,51.0,28.05,55.08,42.33,58.14,0.54,48.45,False
Mumbai,India,2023-08-22,50.0,27.5,54.0,41.5,57.0,0.53,47.5,False
Mumbai,India,2023-08-23,52.0,28.6,56.16,43.16,59.28,0.55,49.4,False
Mumbai,India,2023-08-24,53.0,29.15,57.24,43.99,60.42,0.56,50.35,False
Mumbai,India,2023-08-25,54.0,29.7,58.32,44.82,61.56,0.57,51.3,False
Mumbai,India,2023-08-26,61.0,33.55,65.88,50.63,69.54,0.64,57.95,False
Mumbai,India,2023-08-27,60.0,33.0,64.8,49.8,68.4,0.63,57.0,False
Mumbai,India,2023-08-28,56.0,30.8,60.48,46.48,63.84,0.59,53.2,False
Mumbai,India,2023-08-29,64.0,35.2,69.12,53.12,72.96,0.67,60.8,False
Mumbai,India,2023-08-30,87.0,47.85,93.96,72.21,99.18,0.91,82.65,False
Mumbai,India,2023-08-31,91.0,50.05,98.28,75.53,103.74,0.96,86.45,False
Mumbai,India,2023-09-01,137.0,75.35,147.96,113.71,156.18,1.44,130.15,False
Mumbai,India,2023-09-02,236.0,129.8,254.88,195.88,269.04,2.48,224.2,True
Mumbai,India,2023-09-03,156.0,85.8,168.48,129.48,177.84,1.64,148.2,False
Mumbai,India,2023-09-04,156.0,85.8,168.48,129.48,177.84,1.64,148.2,False
Mumbai,India,2023-09-05,91.0,50.05,98.28,75.53,103.74,0.96,86.45,False
Mumbai,India,2023-09-06,81.0,44.55,87.48,67.23,92.34,0.85,76.95,False
Mumbai,India,2023-09-07,70.0,38.5,75.6,58.1,79.8,0.74,66.5,False
Mumbai,India,2023-09-08,78.0,42.9,84.24,64.74,88.92,0.82,74.1,False
Mumbai,India,2023-09-09,61.0,33.55,65.88,50.63,69.54,0.64,57.95,False
Mumbai,India,2023-09-10,144.0,79.2,155.52,119.52,164.16,1.51,136.8,False
Mumbai,India,2023-09-11,111.0,61.05,119.88,92.13,126.54,1.17,105.45,False
Mumbai,India,2023-09-12,114.0,62.7,123.12,94.62,129.96,1.2,108.3,False
Mumbai,India,2023-09-13,58.0,31.9,62.64,48.14,66.12,0.61,55.1,False
Mumbai,India,2023-09-14,63.0,34.65,68.04,52.29,71.82,0.66,59.85,False
Mumbai,India,2023-09-15,65.0,35.75,70.2,53.95,74.1,0.68,61.75,False
Mumbai,India,2023-09-16,60.0,33.0,64.8,49.8,68.4,0.63,57.0,False
Mumbai,India,2023-09-17,57.0,31.35,61.56,47.31,64.98,0.6,54.15,False
Mumbai,India,2023-09-18,58.0,31.9,62.64,48.14,66.12,0.61,55.1,False
Mumbai,India,2023-09-19,53.0,29.15,57.24,43.99,60.42,0.56,50.35,False
Mumbai,India,2023-09-20,51.0,28.05,55.08,42.33,58.14,0.54,48.45,False
Mumbai,India,2023-09-21,59.0,32.45,63.72,48.97,67.26,0.62,56.05,False
Mumbai,India,2023-09-22,59.0,32.45,63.72,48.97,67.26,0.62,56.05,False
Mumbai,India,2023-09-23,58.0,31.9,62.64,48.14,66.12,0.61,55.1,False
Mumbai,India,2023-09-24,53.0,29.15,57.24,43.99,60.42,0.56,50.35,False
Mumbai,India,2023-09-25,59.0,32.45,63.72,48.97,67.26,0.62,56.05,False
Mumbai,India,2023-09-26,67.0,36.85,72.36,55.61,76.38,0.7,63.65,False
Mumbai,India,2023-09-27,68.0,37.4,73.44,56.44,77.52,0.71,64.6,False
Mumbai,India,2023-09-28,77.0,42.35,83.16,63.91,87.78,0.81,73.15,False
Mumbai,India,2023-09-29,94.0,51.7,101.52,78.02,107.16,0.99,89.3,False
Mumbai,India,2023-09-30,72.0,39.6,77.76,59.76,82.08,0.76,68.4,False
Mumbai,India,2023-10-01,158.0,86.9,170.64,131.14,180.12,1.66,150.1,False
Mumbai,India,2023-10-02,200.0,110.0,216.0,166.0,228.0,2.1,190.0,True
Mumbai,India,2023-10-03,145.0,79.75,156.6,120.35,165.3,1.52,137.75,False
Mumbai,India,2023-10-04,132.0,72.6,142.56,109.56,150.48,1.39,125.4,False
Mumbai,India,2023-10-05,112.0,61.6,120.96,92.96,127.68,1.18,106.4,False
Mumbai,India,2023-10-06,85.0,46.75,91.8,70.55,96.9,0.89,80.75,False
Mumbai,India,2023-10-07,65.0,35.75,70.2,53.95,74.1,0.68,61.75,False
Mumbai,India,2023-10-08,65.0,35.75,70.2,53.95,74.1,0.68,61.75,False
Mumbai,India,2023-10-09,54.0,29.7,58.32,44.82,61.56,0.57,51.3,False
Mumbai,India,2023-10-10,109.0,59.95,117.72,90.47,124.26,1.14,103.55,False
Mumbai,India,2023-10-11,87.0,47.85,93.96,72.21,99.18,0.91,82.65,False
Mumbai,India,2023-10-12,114.0,62.7,123.12,94.62,129.96,1.2,108.3,False
Mumbai,India,2023-10-13,159.0,87.45,171.72,131.97,181.26,1.67,151.05,False
Mumbai,India,2023-10-14,177.0,97.35,191.16,146.91,201.78,1.86,168.15,False
Mumbai,India,2023-10-15,150.0,82.5,162.0,124.5,171.0,1.58,142.5,False
Mumbai,India,2023-10-16,185.0,101.75,199.8,153.55,210.9,1.94,175.75,False
Mumbai,India,2023-10-17,189.0,103.95,204.12,156.87,215.46,1.98,179.55,False
Mumbai,India,2023-10-18,199.0,109.45,214.92,165.17,226.86,2.09,189.05,True
Mumbai,India,2023-10-19,156.0,85.8,168.48,129.48,177.84,1.64,148.2,False
Mumbai,India,2023-10-20,185.0,101.75,199.8,153.55,210.9,1.94,175.75,False
Mumbai,India,2023-10-21,155.0,85.25,167.4,128.65,176.7,1.63,147.25,False
Mumbai,India,2023-10-22,172.0,94.6,185.76,142.76,196.08,1.81,163.4,False
Mumbai,India,2023-10-23,177.0,97.35,191.16,146.91,201.78,1.86,168.15,False
Mumbai,India,2023-10-24,182.0,100.1,196.56,151.06,207.48,1.91,172.9,False
Mumbai,India,2023-10-25,157.0,86.35,169.56,130.31,178.98,1.65,149.15,False
Mumbai,India,2023-10-26,157.0,86.35,169.56,130.31,178.98,1.65,149.15,False
Mumbai,India,2023-10-27,139.0,76.45,150.12,115.37,158.46,1.46,132.05,False
Mumbai,India,2023-10-28,153.0,84.15,165.24,126.99,174.42,1.61,145.35,False
Mumbai,India,2023-10-29,152.0,83.6,164.16,126.16,173.28,1.6,144.4,False
Mumbai,India,2023-10-30,157.0,86.35,169.56,130.31,178.98,1.65,149.15,False
Mumbai,India,2023-10-31,168.0,92.4,181.44,139.44,191.52,1.76,159.6,False
Mumbai,India,2023-11-01,213.0,117.15,230.04,176.79,242.82,2.24,202.35,True
Mumbai,India,2023-11-02,172.0,94.6,185.76,142.76,196.08,1.81,163.4,False
Mumbai,India,2023-11-03,163.0,89.65,176.04,135.29,185.82,1.71,154.85,False
Mumbai,India,2023-11-04,112.0,61.6,120.96,92.96,127.68,1.18,106.4,False
Mumbai,India,2023-11-05,121.0,66.55,130.68,100.43,137.94,1.27,114.95,False
Mumbai,India,2023-11-06,85.0,46.75,91.8,70.55,96.9,0.89,80.75,False
Mumbai,India,2023-11-07,73.0,40.15,78.84,60.59,83.22,0.77,69.35,False
Mumbai,India,2023-11-08,61.0,33.55,65.88,50.63,69.54,0.64,57.95,False
Mumbai,India,2023-11-09,54.0,29.7,58.32,44.82,61.56,0.57,51.3,False
Mumbai,India,2023-11-10,88.0,48.4,95.04,73.04,100.32,0.92,83.6,False
Mumbai,India,2023-11-11,90.0,49.5,97.2,74.7,102.6,0.95,85.5,False
Mumbai,India,2023-11-12,108.0,59.4,116.64,89.64,123.12,1.13,102.6,False
Mumbai,India,2023-11-13,193.0,106.15,208.44,160.19,220.02,2.03,183.35,False
Mumbai,India,2023-11-14,168.0,92.4,181.44,139.44,191.52,1.76,159.6,False
Mumbai,India,2023-11-15,201.0,110.55,217.08,166.83,229.14,2.11,190.95,True
Mumbai,India,2023-11-16,168.0,92.4,181.44,139.44,191.52,1.76,159.6,False
Mumbai,India,2023-11-17,140.0,77.0,151.2,116.2,159.6,1.47,133.0,False
Mumbai,India,2023-11-18,162.0,89.1,174.96,134.46,184.68,1.7,153.9,False
Mumbai,India,2023-11-19,159.0,87.45,171.72,131.97,181.26,1.67,151.05,False
Mumbai,India,2023-11-20,115.0,63.25,124.2,95.45,131.1,1.21,109.25,False
Mumbai,India,2023-11-21,132.0,72.6,142.56,109.56,150.48,1.39,125.4,False
Mumbai,India,2023-11-22,123.0,67.65,132.84,102.09,140.22,1.29,116.85,False
Mumbai,India,2023-11-23,137.0,75.35,147.96,113.71,156.18,1.44,130.15,False
Mumbai,India,2023-11-24,152.0,83.6,164.16,126.16,173.28,1.6,144.4,False
Mumbai,India,2023-11-25,124.0,68.2,133.92,102.92,141.36,1.3,117.8,False
Mumbai,India,2023-11-26,98.0,53.9,105.84,81.34,111.72,1.03,93.1,False
Mumbai,India,2023-11-27,59.0,32.45,63.72,48.97,67.26,0.62,56.05,False
Mumbai,India,2023-11-28,61.0,33.55,65.88,50.63,69.54,0.64,57.95,False
Mumbai,India,2023-11-29,94.0,51.7,101.52,78.02,107.16,0.99,89.3,False
Mumbai,India,2023-11-30,102.0,56.1,110.16,84.66,116.28,1.07,96.9,False
Mumbai,India,2023-12-01,196.0,107.8,211.68,162.68,223.44,2.06,186.2,True
Mumbai,India,2023-12-02,165.0,90.75,178.2,136.95,188.1,1.73,156.75,False
Mumbai,India,2023-12-03,186.0,102.3,200.88,154.38,212.04,1.95,176.7,False
Mumbai,India,2023-12-04,134.0,73.7,144.72,111.22,152.76,1.41,127.3,False
Mumbai,India,2023-12-05,120.0,66.0,129.6,99.6,136.8,1.26,114.0,False
Mumbai,India,2023-12-06,90.0,49.5,97.2,74.7,102.6,0.95,85.5,False
Mumbai,India,2023-12-07,77.0,42.35,83.16,63.91,87.78,0.81,73.15,False
Mumbai,India,2023-12-08,65.0,35.75,70.2,53.95,74.1,0.68,61.75,False
Mumbai,India,2023-12-09,59.0,32.45,63.72,48.97,67.26,0.62,56.05,False
Mumbai,India,2023-12-10,100.0,55.0,108.0,83.0,114.0,1.05,95.0,False
Mumbai,India,2023-12-11,154.0,84.7,166.32,127.82,175.56,1.62,146.3,False
Mumbai,India,2023-12-12,114.0,62.7,123.12,94.62,129.96,1.2,108.3,False
Mumbai,India,2023-12-13,115.0,63.25,124.2,95.45,131.1,1.21,109.25,False
Mumbai,India,2023-12-14,134.0,73.7,144.72,111.22,152.76,1.41,127.3,False
Mumbai,India,2023-12-15,139.0,76.45,150.12,115.37,158.46,1.46,132.05,False
Mumbai,India,2023-12-16,133.0,73.15,143.64,110.39,151.62,1.4,126.35,False
Mumbai,India,2023-12-17,126.0,69.3,136.08,104.58,143.64,1.32,119.7,False
Mumbai,India,2023-12-18,136.0,74.8,146.88,112.88,155.04,1.43,129.2,False
Mumbai,India,2023-12-19,138.0,75.9,149.04,114.54,157.32,1.45,131.1,False
Mumbai,India,2023-12-20,134.0,73.7,144.72,111.22,152.76,1.41,127.3,False
Mumbai,India,2023-12-21,157.0,86.35,169.56,130.31,178.98,1.65,149.15,False
Mumbai,India,2023-12-22,189.0,103.95,204.12,156.87,215.46,1.98,179.55,False
Mumbai,India,2023-12-23,190.0,104.5,205.2,157.7,216.6,2.0,180.5,False
Mumbai,India,2023-12-24,166.0,91.3,179.28,137.78,189.24,1.74,157.7,False
Mumbai,India,2023-12-25,155.0,85.25,167.4,128.65,176.7,1.63,147.25,False
Mumbai,India,2023-12-26,178.0,97.9,192.24,147.74,202.92,1.87,169.1,False
Mumbai,India,2023-12-27,174.0,95.7,187.92,144.42,198.36,1.83,165.3,False
Mumbai,India,2023-12-28,194.0,106.7,209.52,161.02,221.16,2.04,184.3,False
Mumbai,India,2023-12-29,181.0,99.55,195.48,150.23,206.34,1.9,171.95,False
Mumbai,India,2023-12-30,161.0,88.55,173.88,133.63,183.54,1.69,152.95,False
Mumbai,India,2023-12-31,143.0,78.65,154.44,118.69,163.02,1.5,135.85,False
Mumbai,India,2024-01-01,132.0,72.6,142.56,109.56,150.48,1.39,125.4,False
Mumbai,India,2024-01-02,93.0,51.15,100.44,77.19,106.02,0.98,88.35,False
Mumbai,India,2024-01-03,118.0,64.9,127.44,97.94,134.52,1.24,112.1,False
Mumbai,India,2024-01-04,106.0,58.3,114.48,87.98,120.84,1.11,100.7,False
Mumbai,India,2024-01-05,102.0,56.1,110.16,84.66,116.28,1.07,96.9,False
Mumbai,India,2024-01-06,62.0,34.1,66.96,51.46,70.68,0.65,58.9,False
Mumbai,India,2024-01-07,60.0,33.0,64.8,49.8,68.4,0.63,57.0,False
Mumbai,India,2024-01-08,41.0,22.55,44.28,34.03,46.74,0.43,38.95,False
Mumbai,India,2024-01-09,39.0,21.45,42.12,32.37,44.46,0.41,37.05,False
Mumbai,India,2024-01-10,66.0,36.3,71.28,54.78,75.24,0.69,62.7,False
Mumbai,India,2024-01-11,169.0,92.95,182.52,140.27,192.66,1.77,160.55,False
Mumbai,India,2024-01-12,167.0,91.85,180.36,138.61,190.38,1.75,158.65,False
Mumbai,India,2024-01-13,135.0,74.25,145.8,112.05,153.9,1.42,128.25,False
Mumbai,India,2024-01-14,111.0,61.05,119.88,92.13,126.54,1.17,105.45,False
Mumbai,India,2024-01-15,76.0,41.8,82.08,63.08,86.64,0.8,72.2,False
Mumbai,India,2024-01-16,74.0,40.7,79.92,61.42,84.36,0.78,70.3,False
Mumbai,India,2024-01-17,101.0,55.55,109.08,83.83,115.14,1.06,95.95,False
Mumbai,India,2024-01-18,100.0,55.0,108.0,83.0,114.0,1.05,95.0,False
Mumbai,India,2024-01-19,110.0,60.5,118.8,91.3,125.4,1.16,104.5,False
Mumbai,India,2024-01-20,151.0,83.05,163.08,125.33,172.14,1.59,143.45,False
Mumbai,India,2024-01-21,103.0,56.65,111.24,85.49,117.42,1.08,97.85,False
Mumbai,India,2024-01-22,128.0,70.4,138.24,106.24,145.92,1.34,121.6,False
Mumbai,India,2024-01-23,116.0,63.8,125.28,96.28,132.24,1.22,110.2,False
Mumbai,India,2024-01-24,100.0,55.0,108.0,83.0,114.0,1.05,95.0,False
Mumbai,India,2024-01-25,107.0,58.85,115.56,88.81,121.98,1.12,101.65,False
Mumbai,India,2024-01-26,144.0,79.2,155.52,119.52,164.16,1.51,136.8,False
Mumbai,India,2024-01-27,123.0,67.65,132.84,102.09,140.22,1.29,116.85,False
Mumbai,India,2024-01-28,121.0,66.55,130.68,100.43,137.94,1.27,114.95,False
Mumbai,India,2024-01-29,116.0,63.8,125.28,96.28,132.24,1.22,110.2,False
Mumbai,India,2024-01-30,114.0,62.7,123.12,94.62,129.96,1.2,108.3,False
Mumbai,India,2024-01-31,120.0,66.0,129.6,99.6,136.8,1.26,114.0,False
Mumbai,India,2024-02-01,133.0,73.15,143.64,110.39,151.62,1.4,126.35,False
Mumbai,India,2024-02-02,63.0,34.65,68.04,52.29,71.82,0.66,59.85,False
Mumbai,India,2024-02-03,71.0,39.05,76.68,58.93,80.94,0.75,67.45,False
Mumbai,India,2024-02-04,160.0,88.0,172.8,132.8,182.4,1.68,152.0,False
Mumbai,India,2024-02-05,92.0,50.6,99.36,76.36,104.88,0.97,87.4,False
Mumbai,India,2024-02-06,50.0,27.5,54.0,41.5,57.0,0.53,47.5,False
Mumbai,India,2024-02-07,54.0,29.7,58.32,44.82,61.56,0.57,51.3,False
Mumbai,India,2024-02-08,32.0,17.6,34.56,26.56,36.48,0.34,30.4,False
Mumbai,India,2024-02-09,45.0,24.75,48.6,37.35,51.3,0.47,42.75,False
Mumbai,India,2024-02-10,101.0,55.55,109.08,83.83,115.14,1.06,95.95,False
Mumbai,India,2024-02-11,208.0,114.4,224.64,172.64,237.12,2.18,197.6,True
Mumbai,India,2024-02-12,174.0,95.7,187.92,144.42,198.36,1.83,165.3,False
Mumbai,India,2024-02-13,130.0,71.5,140.4,107.9,148.2,1.37,123.5,False
Mumbai,India,2024-02-14,116.0,63.8,125.28,96.28,132.24,1.22,110.2,False
Mumbai,India,2024-02-15,124.0,68.2,133.92,102.92,141.36,1.3,117.8,False
Mumbai,India,2024-02-16,191.0,105.05,206.28,158.53,217.74,2.01,181.45,False
Mumbai,India,2024-02-17,174.0,95.7,187.92,144.42,198.36,1.83,165.3,False
Mumbai,India,2024-02-18,146.0,80.3,157.68,121.18,166.44,1.53,138.7,False
Mumbai,India,2024-02-19,111.0,61.05,119.88,92.13,126.54,1.17,105.45,False
Mumbai,India,2024-02-20,76.0,41.8,82.08,63.08,86.64,0.8,72.2,False
Mumbai,India,2024-02-21,60.0,33.0,64.8,49.8,68.4,0.63,57.0,False
Mumbai,India,2024-02-22,64.0,35.2,69.12,53.12,72.96,0.67,60.8,False
Mumbai,India,2024-02-23,77.0,42.35,83.16,63.91,87.78,0.81,73.15,False
Mumbai,India,2024-02-24,100.0,55.0,108.0,83.0,114.0,1.05,95.0,False
Mumbai,India,2024-02-25,118.0,64.9,127.44,97.94,134.52,1.24,112.1,False
Mumbai,India,2024-02-26,158.0,86.9,170.64,131.14,180.12,1.66,150.1,False
Mumbai,India,2024-02-27,148.0,81.4,159.84,122.84,168.72,1.55,140.6,False
Mumbai,India,2024-02-28,112.0,61.6,120.96,92.96,127.68,1.18,106.4,False
Mumbai,India,2024-02-29,165.0,90.75,178.2,136.95,188.1,1.73,156.75,False
Mumbai,India,2024-03-01,117.0,64.35,126.36,97.11,133.38,1.23,111.15,False
Mumbai,India,2024-03-02,122.0,67.1,131.76,101.26,139.08,1.28,115.9,False
Mumbai,India,2024-03-03,55.0,30.25,59.4,45.65,62.7,0.58,52.25,False
Mumbai,India,2024-03-04,128.0,70.4,138.24,106.24,145.92,1.34,121.6,False
Mumbai,India,2024-03-05,117.0,64.35,126.36,97.11,133.38,1.23,111.15,False
Mumbai,India,2024-03-06,68.0,37.4,73.44,56.44,77.52,0.71,64.6,False
Mumbai,India,2024-03-07,61.0,33.55,65.88,50.63,69.54,0.64,57.95,False
Mumbai,India,2024-03-08,31.0,17.05,33.48,25.73,35.34,0.33,29.45,False
Mumbai,India,2024-03-09,43.0,23.65,46.44,35.69,49.02,0.45,40.85,False
Mumbai,India,2024-03-10,58.0,31.9,62.64,48.14,66.12,0.61,55.1,False
Mumbai,India,2024-03-11,157.0,86.35,169.56,130.31,178.98,1.65,149.15,False
Mumbai,India,2024-03-12,129.0,70.95,139.32,107.07,147.06,1.35,122.55,False
Mumbai,India,2024-03-13,87.0,47.85,93.96,72.21,99.18,0.91,82.65,False
Mumbai,India,2024-03-14,74.0,40.7,79.92,61.42,84.36,0.78,70.3,False
Mumbai,India,2024-03-15,125.0,68.75,135.0,103.75,142.5,1.31,118.75,False
Mumbai,India,2024-03-16,122.0,67.1,131.76,101.26,139.08,1.28,115.9,False
Mumbai,India,2024-03-17,97.0,53.35,104.76,80.51,110.58,1.02,92.15,False
Mumbai,India,2024-03-18,86.0,47.3,92.88,71.38,98.04,0.9,81.7,False
Mumbai,India,2024-03-19,106.0,58.3,114.48,87.98,120.84,1.11,100.7,False
Mumbai,India,2024-03-20,120.0,66.0,129.6,99.6,136.8,1.26,114.0,False
Mumbai,India,2024-03-21,130.0,71.5,140.4,107.9,148.2,1.37,123.5,False
Mumbai,India,2024-03-22,144.0,79.2,155.52,119.52,164.16,1.51,136.8,False
Mumbai,India,2024-03-23,102.0,56.1,110.16,84.66,116.28,1.07,96.9,False
Mumbai,India,2024-03-24,73.0,40.15,78.84,60.59,83.22,0.77,69.35,False
Mumbai,India,2024-03-25,74.0,40.7,79.92,61.42,84.36,0.78,70.3,False
Mumbai,India,2024-03-26,63.0,34.65,68.04,52.29,71.82,0.66,59.85,False
Mumbai,India,2024-03-27,74.0,40.7,79.92,61.42,84.36,0.78,70.3,False
Mumbai,India,2024-03-28,75.0,41.25,81.0,62.25,85.5,0.79,71.25,False
Mumbai,India,2024-03-29,88.0,48.4,95.04,73.04,100.32,0.92,83.6,False
Mumbai,India,2024-03-30,93.0,51.15,100.44,77.19,106.02,0.98,88.35,False
Mumbai,India,2024-03-31,95.0,52.25,102.6,78.85,108.3,1.0,90.25,False
Mumbai,India,2024-04-01,129.0,70.95,139.32,107.07,147.06,1.35,122.55,False
Mumbai,India,2024-04-02,158.0,86.9,170.64,131.14,180.12,1.66,150.1,False
Mumbai,India,2024-04-03,72.0,39.6,77.76,59.76,82.08,0.76,68.4,False
Mumbai,India,2024-04-04,89.0,48.95,96.12,73.87,101.46,0.93,84.55,False
Mumbai,India,2024-04-05,89.0,48.95,96.12,73.87,101.46,0.93,84.55,False
Mumbai,India,2024-04-06,82.0,45.1,88.56,68.06,93.48,0.86,77.9,False
Mumbai,India,2024-04-07,59.0,32.45,63.72,48.97,67.26,0.62,56.05,False
Mumbai,India,2024-04-08,36.0,19.8,38.88,29.88,41.04,0.38,34.2,False
Mumbai,India,2024-04-09,46.0,25.3,49.68,38.18,52.44,0.48,43.7,False
Mumbai,India,2024-04-10,54.0,29.7,58.32,44.82,61.56,0.57,51.3,False
Mumbai,India,2024-04-11,159.0,87.45,171.72,131.97,181.26,1.67,151.05,False
Mumbai,India,2024-04-12,139.0,76.45,150.12,115.37,158.46,1.46,132.05,False
Mumbai,India,2024-04-13,68.0,37.4,73.44,56.44,77.52,0.71,64.6,False
Mumbai,India,2024-04-14,69.0,37.95,74.52,57.27,78.66,0.72,65.55,False
Mumbai,India,2024-04-15,80.0,44.0,86.4,66.4,91.2,0.84,76.0,False
Mumbai,India,2024-04-16,136.0,74.8,146.88,112.88,155.04,1.43,129.2,False
Mumbai,India,2024-04-17,107.0,58.85,115.56,88.81,121.98,1.12,101.65,False
Mumbai,India,2024-04-18,98.0,53.9,105.84,81.34,111.72,1.03,93.1,False
Mumbai,India,2024-04-19,80.0,44.0,86.4,66.4,91.2,0.84,76.0,False
Mumbai,India,2024-04-20,108.0,59.4,116.64,89.64,123.12,1.13,102.6,False
Mumbai,India,2024-04-21,82.0,45.1,88.56,68.06,93.48,0.86,77.9,False
Mumbai,India,2024-04-22,69.0,37.95,74.52,57.27,78.66,0.72,65.55,False
Mumbai,India,2024-04-23,72.0,39.6,77.76,59.76,82.08,0.76,68.4,False
Mumbai,India,2024-04-24,93.0,51.15,100.44,77.19,106.02,0.98,88.35,False
Mumbai,India,2024-04-25,100.0,55.0,108.0,83.0,114.0,1.05,95.0,False
Mumbai,India,2024-04-26,84.0,46.2,90.72,69.72,95.76,0.88,79.8,False
Mumbai,India,2024-04-27,88.0,48.4,95.04,73.04,100.32,0.92,83.6,False
Mumbai,India,2024-04-28,155.0,85.25,167.4,128.65,176.7,1.63,147.25,False
Mumbai,India,2024-04-29,133.0,73.15,143.64,110.39,151.62,1.4,126.35,False
Mumbai,India,2024-04-30,118.0,64.9,127.44,97.94,134.52,1.24,112.1,False
Mumbai,India,2024-05-01,123.0,67.65,132.84,102.09,140.22,1.29,116.85,False
Mumbai,India,2024-05-02,154.0,84.7,166.32,127.82,175.56,1.62,146.3,False
Mumbai,India,2024-05-03,109.0,59.95,117.72,90.47,124.26,1.14,103.55,False
Mumbai,India,2024-05-04,91.0,50.05,98.28,75.53,103.74,0.96,86.45,False
Mumbai,India,2024-05-05,79.0,43.45,85.32,65.57,90.06,0.83,75.05,False
Mumbai,India,2024-05-06,69.0,37.95,74.52,57.27,78.66,0.72,65.55,False
Mumbai,India,2024-05-07,51.0,28.05,55.08,42.33,58.14,0.54,48.45,False
Mumbai,India,2024-05-08,37.0,20.35,39.96,30.71,42.18,0.39,35.15,False
Mumbai,India,2024-05-09,36.0,19.8,38.88,29.88,41.04,0.38,34.2,False
Mumbai,India,2024-05-10,54.0,29.7,58.32,44.82,61.56,0.57,51.3,False
Mumbai,India,2024-05-11,150.0,82.5,162.0,124.5,171.0,1.58,142.5,False
Mumbai,India,2024-05-12,154.0,84.7,166.32,127.82,175.56,1.62,146.3,False
Mumbai,India,2024-05-13,73.0,40.15,78.84,60.59,83.22,0.77,69.35,False
Mumbai,India,2024-05-14,132.0,72.6,142.56,109.56,150.48,1.39,125.4,False
Mumbai,India,2024-05-15,137.0,75.35,147.96,113.71,156.18,1.44,130.15,False
Mumbai,India,2024-05-16,96.0,52.8,103.68,79.68,109.44,1.01,91.2,False
Mumbai,India,2024-05-17,97.0,53.35,104.76,80.51,110.58,1.02,92.15,False
Mumbai,India,2024-05-18,90.0,49.5,97.2,74.7,102.6,0.95,85.5,False
Mumbai,India,2024-05-19,89.0,48.95,96.12,73.87,101.46,0.93,84.55,False
Mumbai,India,2024-05-20,68.0,37.4,73.44,56.44,77.52,0.71,64.6,False
Mumbai,India,2024-05-21,66.0,36.3,71.28,54.78,75.24,0.69,62.7,False
Mumbai,India,2024-05-22,74.0,40.7,79.92,61.42,84.36,0.78,70.3,False
Mumbai,India,2024-05-23,75.0,41.25,81.0,62.25,85.5,0.79,71.25,False
Mumbai,India,2024-05-24,70.0,38.5,75.6,58.1,79.8,0.74,66.5,False
Mumbai,India,2024-05-25,64.0,35.2,69.12,53.12,72.96,0.67,60.8,False
Mumbai,India,2024-05-26,61.0,33.55,65.88,50.63,69.54,0.64,57.95,False
Mumbai,India,2024-05-27,69.0,37.95,74.52,57.27,78.66,0.72,65.55,False
Mumbai,India,2024-05-28,69.0,37.95,74.52,57.27,78.66,0.72,65.55,False
Mumbai,India,2024-05-29,71.0,39.05,76.68,58.93,80.94,0.75,67.45,False
Mumbai,India,2024-05-30,82.0,45.1,88.56,68.06,93.48,0.86,77.9,False
Mumbai,India,2024-05-31,71.0,39.05,76.68,58.93,80.94,0.75,67.45,False
Mumbai,India,2024-06-01,128.0,70.4,138.24,106.24,145.92,1.34,121.6,False
Mumbai,India,2024-06-02,127.0,69.85,137.16,105.41,144.78,1.33,120.65,False
Mumbai,India,2024-06-03,119.0,65.45,128.52,98.77,135.66,1.25,113.05,False
Mumbai,India,2024-06-04,131.0,72.05,141.48,108.73,149.34,1.38,124.45,False
Mumbai,India,2024-06-05,68.0,37.4,73.44,56.44,77.52,0.71,64.6,False
Mumbai,India,2024-06-06,59.0,32.45,63.72,48.97,67.26,0.62,56.05,False
Mumbai,India,2024-06-07,56.0,30.8,60.48,46.48,63.84,0.59,53.2,False
Mumbai,India,2024-06-08,35.0,19.25,37.8,29.05,39.9,0.37,33.25,False
Mumbai,India,2024-06-09,40.0,22.0,43.2,33.2,45.6,0.42,38.0,False
Mumbai,India,2024-06-10,61.0,33.55,65.88,50.63,69.54,0.64,57.95,False
Mumbai,India,2024-06-11,158.0,86.9,170.64,131.14,180.12,1.66,150.1,False
Mumbai,India,2024-06-12,148.0,81.4,159.84,122.84,168.72,1.55,140.6,False
Mumbai,India,2024-06-13,50.0,27.5,54.0,41.5,57.0,0.53,47.5,False
Mumbai,India,2024-06-14,45.0,24.75,48.6,37.35,51.3,0.47,42.75,False
Mumbai,India,2024-06-15,48.0,26.4,51.84,39.84,54.72,0.5,45.6,False
Mumbai,India,2024-06-16,49.0,26.95,52.92,40.67,55.86,0.51,46.55,False
Mumbai,India,2024-06-17,64.0,35.2,69.12,53.12,72.96,0.67,60.8,False
Mumbai,India,2024-06-18,54.0,29.7,58.32,44.82,61.56,0.57,51.3,False
Mumbai,India,2024-06-19,46.0,25.3,49.68,38.18,52.44,0.48,43.7,False
Mumbai,India,2024-06-20,50.0,27.5,54.0,41.5,57.0,0.53,47.5,False
Mumbai,India,2024-06-21,64.0,35.2,69.12,53.12,72.96,0.67,60.8,False
Mumbai,India,2024-06-22,48.0,26.4,51.84,39.84,54.72,0.5,45.6,False
Mumbai,India,2024-06-23,64.0,35.2,69.12,53.12,72.96,0.67,60.8,False
Mumbai,India,2024-06-24,44.0,24.2,47.52,36.52,50.16,0.46,41.8,False
Mumbai,India,2024-06-25,45.0,24.75,48.6,37.35,51.3,0.47,42.75,False
Mumbai,India,2024-06-26,43.0,23.65,46.44,35.69,49.02,0.45,40.85,False
Mumbai,India,2024-06-27,36.0,19.8,38.88,29.88,41.04,0.38,34.2,False
Mumbai,India,2024-06-28,38.0,20.9,41.04,31.54,43.32,0.4,36.1,False
Mumbai,India,2024-06-29,58.0,31.9,62.64,48.14,66.12,0.61,55.1,False
Mumbai,India,2024-06-30,52.0,28.6,56.16,43.16,59.28,0.55,49.4,False
Mumbai,India,2024-07-01,124.0,68.2,133.92,102.92,141.36,1.3,117.8,False
Mumbai,India,2024-07-02,115.0,63.25,124.2,95.45,131.1,1.21,109.25,False
Mumbai,India,2024-07-03,108.0,59.4,116.64,89.64,123.12,1.13,102.6,False
Mumbai,India,2024-07-04,95.0,52.25,102.6,78.85,108.3,1.0,90.25,False
Mumbai,India,2024-07-05,65.0,35.75,70.2,53.95,74.1,0.68,61.75,False
Mumbai,India,2024-07-06,62.0,34.1,66.96,51.46,70.68,0.65,58.9,False
Mumbai,India,2024-07-07,74.0,40.7,79.92,61.42,84.36,0.78,70.3,False
Mumbai,India,2024-07-08,34.0,18.7,36.72,28.22,38.76,0.36,32.3,False
Mumbai,India,2024-07-09,37.0,20.35,39.96,30.71,42.18,0.39,35.15,False
Mumbai,India,2024-07-10,116.0,63.8,125.28,96.28,132.24,1.22,110.2,False
Mumbai,India,2024-07-11,137.0,75.35,147.96,113.71,156.18,1.44,130.15,False
Mumbai,India,2024-07-12,126.0,69.3,136.08,104.58,143.64,1.32,119.7,False
Mumbai,India,2024-07-13,37.0,20.35,39.96,30.71,42.18,0.39,35.15,False
Mumbai,India,2024-07-14,35.0,19.25,37.8,29.05,39.9,0.37,33.25,False
Mumbai,India,2024-07-15,47.0,25.85,50.76,39.01,53.58,0.49,44.65,False
Mumbai,India,2024-07-16,34.0,18.7,36.72,28.22,38.76,0.36,32.3,False
Mumbai,India,2024-07-17,40.0,22.0,43.2,33.2,45.6,0.42,38.0,False
Mumbai,India,2024-07-18,33.0,18.15,35.64,27.39,37.62,0.35,31.35,False
Mumbai,India,2024-07-19,30.0,16.5,32.4,24.9,34.2,0.32,28.5,False
Mumbai,India,2024-07-20,32.0,17.6,34.56,26.56,36.48,0.34,30.4,False
Mumbai,India,2024-07-21,36.0,19.8,38.88,29.88,41.04,0.38,34.2,False
Mumbai,India,2024-07-22,33.0,18.15,35.64,27.39,37.62,0.35,31.35,False
Mumbai,India,2024-07-23,34.0,18.7,36.72,28.22,38.76,0.36,32.3,False
Mumbai,India,2024-07-24,42.0,23.1,45.36,34.86,47.88,0.44,39.9,False
Mumbai,India,2024-07-25,34.0,18.7,36.72,28.22,38.76,0.36,32.3,False
Mumbai,India,2024-07-26,42.0,23.1,45.36,34.86,47.88,0.44,39.9,False
Mumbai,India,2024-07-27,47.0,25.85,50.76,39.01,53.58,0.49,44.65,False
Mumbai,India,2024-07-28,62.0,34.1,66.96,51.46,70.68,0.65,58.9,False
Mumbai,India,2024-07-29,51.0,28.05,55.08,42.33,58.14,0.54,48.45,False
Mumbai,India,2024-07-30,52.0,28.6,56.16,43.16,59.28,0.55,49.4,False
Mumbai,India,2024-07-31,42.0,23.1,45.36,34.86,47.88,0.44,39.9,False
Mumbai,India,2024-08-01,97.0,53.35,104.76,80.51,110.58,1.02,92.15,False
Mumbai,India,2024-08-02,131.0,72.05,141.48,108.73,149.34,1.38,124.45,False
Mumbai,India,2024-08-03,124.0,68.2,133.92,102.92,141.36,1.3,117.8,False
Mumbai,India,2024-08-04,74.0,40.7,79.92,61.42,84.36,0.78,70.3,False
Mumbai,India,2024-08-05,77.0,42.35,83.16,63.91,87.78,0.81,73.15,False
Mumbai,India,2024-08-06,57.0,31.35,61.56,47.31,64.98,0.6,54.15,False
Mumbai,India,2024-08-07,47.0,25.85,50.76,39.01,53.58,0.49,44.65,False
Mumbai,India,2024-08-08,38.0,20.9,41.04,31.54,43.32,0.4,36.1,False
Mumbai,India,2024-08-09,34.0,18.7,36.72,28.22,38.76,0.36,32.3,False
Mumbai,India,2024-08-10,115.0,63.25,124.2,95.45,131.1,1.21,109.25,False
Mumbai,India,2024-08-11,146.0,80.3,157.68,121.18,166.44,1.53,138.7,False
Mumbai,India,2024-08-12,125.0,68.75,135.0,103.75,142.5,1.31,118.75,False
Mumbai,India,2024-08-13,43.0,23.65,46.44,35.69,49.02,0.45,40.85,False
Mumbai,India,2024-08-14,45.0,24.75,48.6,37.35,51.3,0.47,42.75,False
Mumbai,India,2024-08-15,48.0,26.4,51.84,39.84,54.72,0.5,45.6,False
Mumbai,India,2024-08-16,44.0,24.2,47.52,36.52,50.16,0.46,41.8,False
Mumbai,India,2024-08-17,51.0,28.05,55.08,42.33,58.14,0.54,48.45,False
Mumbai,India,2024-08-18,58.0,31.9,62.64,48.14,66.12,0.61,55.1,False
Mumbai,India,2024-08-19,56.0,30.8,60.48,46.48,63.84,0.59,53.2,False
Mumbai,India,2024-08-20,59.0,32.45,63.72,48.97,67.26,0.62,56.05,False
Mumbai,India,2024-08-21,55.0,30.25,59.4,45.65,62.7,0.58,52.25,False
Mumbai,India,2024-08-22,63.0,34.65,68.04,52.29,71.82,0.66,59.85,False
Mumbai,India,2024-08-23,41.0,22.55,44.28,34.03,46.74,0.43,38.95,False
Mumbai,India,2024-08-24,34.0,18.7,36.72,28.22,38.76,0.36,32.3,False
Mumbai,India,2024-08-25,32.0,17.6,34.56,26.56,36.48,0.34,30.4,False
Mumbai,India,2024-08-26,39.0,21.45,42.12,32.37,44.46,0.41,37.05,False
Mumbai,India,2024-08-27,41.0,22.55,44.28,34.03,46.74,0.43,38.95,False
Mumbai,India,2024-08-28,39.0,21.45,42.12,32.37,44.46,0.41,37.05,False
Mumbai,India,2024-08-29,43.0,23.65,46.44,35.69,49.02,0.45,40.85,False
Mumbai,India,2024-08-30,45.0,24.75,48.6,37.35,51.3,0.47,42.75,False
Mumbai,India,2024-08-31,38.0,20.9,41.04,31.54,43.32,0.4,36.1,False
Mumbai,India,2024-09-01,115.0,63.25,124.2,95.45,131.1,1.21,109.25,False
Mumbai,India,2024-09-02,127.0,69.85,137.16,105.41,144.78,1.33,120.65,False
Mumbai,India,2024-09-03,122.0,67.1,131.76,101.26,139.08,1.28,115.9,False
Mumbai,India,2024-09-04,93.0,51.15,100.44,77.19,106.02,0.98,88.35,False
Mumbai,India,2024-09-05,70.0,38.5,75.6,58.1,79.8,0.74,66.5,False
Mumbai,India,2024-09-06,56.0,30.8,60.48,46.48,63.84,0.59,53.2,False
Mumbai,India,2024-09-07,36.0,19.8,38.88,29.88,41.04,0.38,34.2,False
Mumbai,India,2024-09-08,39.0,21.45,42.12,32.37,44.46,0.41,37.05,False
Mumbai,India,2024-09-09,37.0,20.35,39.96,30.71,42.18,0.39,35.15,False
Mumbai,India,2024-09-10,84.0,46.2,90.72,69.72,95.76,0.88,79.8,False
Mumbai,India,2024-09-11,144.0,79.2,155.52,119.52,164.16,1.51,136.8,False
Mumbai,India,2024-09-12,112.0,61.6,120.96,92.96,127.68,1.18,106.4,False
Mumbai,India,2024-09-13,59.0,32.45,63.72,48.97,67.26,0.62,56.05,False
Mumbai,India,2024-09-14,51.0,28.05,55.08,42.33,58.14,0.54,48.45,False
Mumbai,India,2024-09-15,43.0,23.65,46.44,35.69,49.02,0.45,40.85,False
Mumbai,India,2024-09-16,65.0,35.75,70.2,53.95,74.1,0.68,61.75,False
Mumbai,India,2024-09-17,60.0,33.0,64.8,49.8,68.4,0.63,57.0,False
Mumbai,India,2024-09-18,65.0,35.75,70.2,53.95,74.1,0.68,61.75,False
Mumbai,India,2024-09-19,66.0,36.3,71.28,54.78,75.24,0.69,62.7,False
Mumbai,India,2024-09-20,76.0,41.8,82.08,63.08,86.64,0.8,72.2,False
Mumbai,India,2024-09-21,64.0,35.2,69.12,53.12,72.96,0.67,60.8,False
Mumbai,India,2024-09-22,56.0,30.8,60.48,46.48,63.84,0.59,53.2,False
Mumbai,India,2024-09-23,53.0,29.15,57.24,43.99,60.42,0.56,50.35,False
Mumbai,India,2024-09-24,44.0,24.2,47.52,36.52,50.16,0.46,41.8,False
Mumbai,India,2024-09-25,50.0,27.5,54.0,41.5,57.0,0.53,47.5,False
Mumbai,India,2024-09-26,38.0,20.9,41.04,31.54,43.32,0.4,36.1,False
Mumbai,India,2024-09-27,34.0,18.7,36.72,28.22,38.76,0.36,32.3,False
Mumbai,India,2024-09-28,30.0,16.5,32.4,24.9,34.2,0.32,28.5,False
Mumbai,India,2024-09-29,33.0,18.15,35.64,27.39,37.62,0.35,31.35,False
Mumbai,India,2024-09-30,43.0,23.65,46.44,35.69,49.02,0.45,40.85,False
Mumbai,India,2024-10-01,82.0,45.1,88.56,68.06,93.48,0.86,77.9,False
Mumbai,India,2024-10-02,120.0,66.0,129.6,99.6,136.8,1.26,114.0,False
Mumbai,India,2024-10-03,113.0,62.15,122.04,93.79,128.82,1.19,107.35,False
Mumbai,India,2024-10-04,88.0,48.4,95.04,73.04,100.32,0.92,83.6,False
Mumbai,India,2024-10-05,67.0,36.85,72.36,55.61,76.38,0.7,63.65,False
Mumbai,India,2024-10-06,48.0,26.4,51.84,39.84,54.72,0.5,45.6,False
Mumbai,India,2024-10-07,42.0,23.1,45.36,34.86,47.88,0.44,39.9,False
Mumbai,India,2024-10-08,37.0,20.35,39.96,30.71,42.18,0.39,35.15,False
Mumbai,India,2024-10-09,31.0,17.05,33.48,25.73,35.34,0.33,29.45,False
Mumbai,India,2024-10-10,59.0,32.45,63.72,48.97,67.26,0.62,56.05,False
Mumbai,India,2024-10-11,141.0,77.55,152.28,117.03,160.74,1.48,133.95,False
Mumbai,India,2024-10-12,131.0,72.05,141.48,108.73,149.34,1.38,124.45,False
Mumbai,India,2024-10-13,56.0,30.8,60.48,46.48,63.84,0.59,53.2,False
Mumbai,India,2024-10-14,67.0,36.85,72.36,55.61,76.38,0.7,63.65,False
Mumbai,India,2024-10-15,58.0,31.9,62.64,48.14,66.12,0.61,55.1,False
Mumbai,India,2024-10-16,77.0,42.35,83.16,63.91,87.78,0.81,73.15,False
Mumbai,India,2024-10-17,75.0,41.25,81.0,62.25,85.5,0.79,71.25,False
Mumbai,India,2024-10-18,87.0,47.85,93.96,72.21,99.18,0.91,82.65,False
Mumbai,India,2024-10-19,45.0,24.75,48.6,37.35,51.3,0.47,42.75,False
Mumbai,India,2024-10-20,76.0,41.8,82.08,63.08,86.64,0.8,72.2,False
Mumbai,India,2024-10-21,51.0,28.05,55.08,42.33,58.14,0.54,48.45,False
Mumbai,India,2024-10-22,86.0,47.3,92.88,71.38,98.04,0.9,81.7,False
Mumbai,India,2024-10-23,71.0,39.05,76.68,58.93,80.94,0.75,67.45,False
Mumbai,India,2024-10-24,102.0,56.1,110.16,84.66,116.28,1.07,96.9,False
Mumbai,India,2024-10-25,124.0,68.2,133.92,102.92,141.36,1.3,117.8,False
Mumbai,India,2024-10-26,112.0,61.6,120.96,92.96,127.68,1.18,106.4,False
Mumbai,India,2024-10-27,144.0,79.2,155.52,119.52,164.16,1.51,136.8,False
Mumbai,India,2024-10-28,132.0,72.6,142.56,109.56,150.48,1.39,125.4,False
Mumbai,India,2024-10-29,96.0,52.8,103.68,79.68,109.44,1.01,91.2,False
Mumbai,India,2024-10-30,94.0,51.7,101.52,78.02,107.16,0.99,89.3,False
Mumbai,India,2024-10-31,167.0,91.85,180.36,138.61,190.38,1.75,158.65,False
Mumbai,India,2024-11-01,128.0,70.4,138.24,106.24,145.92,1.34,121.6,False
Mumbai,India,2024-11-02,121.0,66.55,130.68,100.43,137.94,1.27,114.95,False
Mumbai,India,2024-11-03,111.0,61.05,119.88,92.13,126.54,1.17,105.45,False
Mumbai,India,2024-11-04,88.0,48.4,95.04,73.04,100.32,0.92,83.6,False
Mumbai,India,2024-11-05,68.0,37.4,73.44,56.44,77.52,0.71,64.6,False
Mumbai,India,2024-11-06,48.0,26.4,51.84,39.84,54.72,0.5,45.6,False
Mumbai,India,2024-11-07,38.0,20.9,41.04,31.54,43.32,0.4,36.1,False
Mumbai,India,2024-11-08,36.0,19.8,38.88,29.88,41.04,0.38,34.2,False
Mumbai,India,2024-11-09,40.0,22.0,43.2,33.2,45.6,0.42,38.0,False
Mumbai,India,2024-11-10,55.0,30.25,59.4,45.65,62.7,0.58,52.25,False
Mumbai,India,2024-11-11,152.0,83.6,164.16,126.16,173.28,1.6,144.4,False
Mumbai,India,2024-11-12,139.0,76.45,150.12,115.37,158.46,1.46,132.05,False
Mumbai,India,2024-11-13,132.0,72.6,142.56,109.56,150.48,1.39,125.4,False
Mumbai,India,2024-11-14,138.0,75.9,149.04,114.54,157.32,1.45,131.1,False
Mumbai,India,2024-11-15,141.0,77.55,152.28,117.03,160.74,1.48,133.95,False
Mumbai,India,2024-11-16,154.0,84.7,166.32,127.82,175.56,1.62,146.3,False
Mumbai,India,2024-11-17,179.0,98.45,193.32,148.57,204.06,1.88,170.05,False
Mumbai,India,2024-11-18,144.0,79.2,155.52,119.52,164.16,1.51,136.8,False
Mumbai,India,2024-11-19,123.0,67.65,132.84,102.09,140.22,1.29,116.85,False
Mumbai,India,2024-11-20,140.0,77.0,151.2,116.2,159.6,1.47,133.0,False
Mumbai,India,2024-11-21,150.0,82.5,162.0,124.5,171.0,1.58,142.5,False
Mumbai,India,2024-11-22,170.0,93.5,183.6,141.1,193.8,1.79,161.5,False
Mumbai,India,2024-11-23,190.0,104.5,205.2,157.7,216.6,2.0,180.5,False
Mumbai,India,2024-11-24,204.0,112.2,220.32,169.32,232.56,2.14,193.8,True
Mumbai,India,2024-11-25,184.0,101.2,198.72,152.72,209.76,1.93,174.8,False
Mumbai,India,2024-11-26,156.0,85.8,168.48,129.48,177.84,1.64,148.2,False
Mumbai,India,2024-11-27,137.0,75.35,147.96,113.71,156.18,1.44,130.15,False
Mumbai,India,2024-11-28,133.0,73.15,143.64,110.39,151.62,1.4,126.35,False
Mumbai,India,2024-11-29,134.0,73.7,144.72,111.22,152.76,1.41,127.3,False
Mumbai,India,2024-11-30,135.0,74.25,145.8,112.05,153.9,1.42,128.25,False
Mumbai,India,2024-12-01,146.0,80.3,157.68,121.18,166.44,1.53,138.7,False
Mumbai,India,2024-12-02,128.0,70.4,138.24,106.24,145.92,1.34,121.6,False
Mumbai,India,2024-12-03,111.0,61.05,119.88,92.13,126.54,1.17,105.45,False
Mumbai,India,2024-12-04,79.0,43.45,85.32,65.57,90.06,0.83,75.05,False
Mumbai,India,2024-12-05,77.0,42.35,83.16,63.91,87.78,0.81,73.15,False
Mumbai,India,2024-12-06,52.0,28.6,56.16,43.16,59.28,0.55,49.4,False
Mumbai,India,2024-12-07,36.0,19.8,38.88,29.88,41.04,0.38,34.2,False
Mumbai,India,2024-12-08,42.0,23.1,45.36,34.86,47.88,0.44,39.9,False
Mumbai,India,2024-12-09,43.0,23.65,46.44,35.69,49.02,0.45,40.85,False
Mumbai,India,2024-12-10,68.0,37.4,73.44,56.44,77.52,0.71,64.6,False
Mumbai,India,2024-12-11,144.0,79.2,155.52,119.52,164.16,1.51,136.8,False
Mumbai,India,2024-12-12,137.0,75.35,147.96,113.71,156.18,1.44,130.15,False
Mumbai,India,2024-12-13,128.0,70.4,138.24,106.24,145.92,1.34,121.6,False
Mumbai,India,2024-12-14,134.0,73.7,144.72,111.22,152.76,1.41,127.3,False
Mumbai,India,2024-12-15,159.0,87.45,171.72,131.97,181.26,1.67,151.05,False
Mumbai,India,2024-12-16,158.0,86.9,170.64,131.14,180.12,1.66,150.1,False
Mumbai,India,2024-12-17,188.0,103.4,203.04,156.04,214.32,1.97,178.6,False
Mumbai,India,2024-12-18,199.0,109.45,214.92,165.17,226.86,2.09,189.05,True
Mumbai,India,2024-12-19,198.0,108.9,213.84,164.34,225.72,2.08,188.1,True
Mumbai,India,2024-12-20,180.0,99.0,194.4,149.4,205.2,1.89,171.0,False
Mumbai,India,2024-12-21,194.0,106.7,209.52,161.02,221.16,2.04,184.3,False
Mumbai,India,2024-12-22,178.0,97.9,192.24,147.74,202.92,1.87,169.1,False
Mumbai,India,2024-12-23,131.0,72.05,141.48,108.73,149.34,1.38,124.45,False
Mumbai,India,2024-12-24,146.0,80.3,157.68,121.18,166.44,1.53,138.7,False
Mumbai,India,2024-12-25,186.0,102.3,200.88,154.38,212.04,1.95,176.7,False
Mumbai,India,2024-12-26,160.0,88.0,172.8,132.8,182.4,1.68,152.0,False
Mumbai,India,2024-12-27,154.0,84.7,166.32,127.82,175.56,1.62,146.3,False
Mumbai,India,2024-12-28,188.0,103.4,203.04,156.04,214.32,1.97,178.6,False
Mumbai,India,2024-12-29,186.0,102.3,200.88,154.38,212.04,1.95,176.7,False
Mumbai,India,2024-12-30,121.0,66.55,130.68,100.43,137.94,1.27,114.95,False
Mumbai,India,2024-12-31,124.0,68.2,133.92,102.92,141.36,1.3,117.8,False
